site_no,station_nm,latitude,longitude,state_cd,county_cd,huc_cd,huc_code,huc_region,drainage_area,site_type,active,basin,is_huc17,has_discharge
09163530,COLORADO RIVER BELOW COLORADO-UTAH STATE LINE,39.08831747,-109.1009454,UT,019,14030001,14030001,14,17900,ST,Yes,Southwest,False,True
09163675,"COTTONWOOD WASH AT I-70, NEAR CISCO, UTAH",39.08165184,-109.2176153,UT,019,14030001,14030001,14,170.00,ST,Yes,Southwest,False,True
09180000,"DOLORES RIVER NEAR CISCO, UT",38.79720805,-109.1951142,UT,019,14030004,14030004,14,4580,ST,Yes,Southwest,False,True
09180500,"COLORADO RIVER NEAR CISCO, UT",38.81054095,-109.2934493,UT,019,14030005,14030005,14,24100,ST,Yes,Southwest,False,True
09180920,"ONION CREEK ABOVE ONION C BRIDGE NR MOAB, UT",38.69693046,-109.2551154,UT,019,14030005,14030005,14,2.90,ST,Yes,Southwest,False,True
09180970,"ONION CREEK BELOW ONION CRK BRIDGE NR MOAB, UT",38.70637365,-109.3151161,UT,019,14030005,14030005,14,14.50,ST,Yes,Southwest,False,True
09181000,"ONION CREEK NEAR MOAB, UTAH",38.72498404,-109.3451166,UT,019,14030005,14030005,14,18.80,ST,Yes,Southwest,False,True
09181500,"PROFESSOR CREEK NEAR MOAB, UT",38.72915,-109.3756725,UT,019,14030005,14030005,14,33.60,ST,Yes,Southwest,False,True
09182000,"CASTLE CREEK ABOVE DIVERSIONS, NEAR MOAB, UTAH",38.5927639,-109.2656708,UT,019,14030005,14030005,14,7.58,ST,Yes,Southwest,False,True
09182200,"CASTLE CREEK BELOW CASTLETON NEAR MOAB, UT",38.6124849,-109.332338,UT,019,14030005,14030005,14,17.6,ST,Yes,Southwest,False,True
09182400,"CASTLE CREEK BELOW CASTLE VALLEY NEAR MOAB, UT",38.673859,-109.4501395,UT,019,14030005,14030005,14,58.1,ST,Yes,Southwest,False,True
09182500,"CASTLE CREEK NEAR MOAB, UTAH",38.67914895,-109.4492841,UT,019,14030005,14030005,14,53.10,ST,Yes,Southwest,False,True
09182880,"COLORADO RIVER AT HIGHWAY BRIDGE NR MOAB, UT",38.6038705,-109.5778956,UT,019,14030005,14030005,14,,ST,Yes,Southwest,False,True
09182900,"COURTHOUSE WASH AT ARCHES HWY CROSS NR MOAB, UT",38.64859187,-109.5992853,UT,019,14030005,14030005,14,143.00,ST,Yes,Southwest,False,True
09183000,"COURTHOUSE WASH NEAR MOAB, UTAH",38.61275926,-109.5798402,UT,019,14030005,14030005,14,162.00,ST,Yes,Southwest,False,True
09183210,"COLORADO R ABOVE MILL CREEK NEAR MOAB, UTAH",38.57525984,-109.5787286,UT,019,14030005,14030005,14,,ST,Yes,Southwest,False,True
09183500,"MILL CREEK AT SHELEY TUNNEL, NEAR MOAB, UT",38.4819972,-109.405025,UT,037,14030005,14030005,14,26.8,ST,Yes,Southwest,False,True
09183600,"MILL CREEK BELOW SHELEY TUNNEL, NEAR MOAB, UT",38.48571796,-109.4111044,UT,037,14030005,14030005,14,27.6,ST,Yes,Southwest,False,True
09183800,"NORTH FORK MILL CREEK NEAR MOAB, UTAH",38.56599444,-109.477175,UT,019,14030005,14030005,14,,ST,Yes,Southwest,False,True
09184000,"MILL CREEK NEAR MOAB, UT",38.56220477,-109.5140057,UT,019,14030005,14030005,14,74.90,ST,Yes,Southwest,False,True
09184500,"PACK CREEK AT M4 RANCH, NR MOAB, UTAH",38.43609688,-109.3548368,UT,037,14030005,14030005,14,15.80,ST,Yes,Southwest,False,True
09184600,"PACK CREEK AT PACK CREEK ROAD BRIDGE NEAR MOAB, UT",38.44580556,-109.38525,UT,037,14030005,14030005,14,30.5,ST,Yes,Southwest,False,True
09185000,"PACK CREEK NEAR MOAB, UTAH",38.5402606,-109.500672,UT,019,14030005,14030005,14,57.40,ST,Yes,Southwest,False,True
09185100,"MILL CREEK BLW PACK CREEK NR MOUTH AT MOAB, UT",38.5732861,-109.5672083,UT,019,14030005,14030005,14,142,ST,Yes,Southwest,False,True
09185500,"HATCH WASH NEAR LA SAL, UTAH",38.24332,-109.4401142,UT,037,14030005,14030005,14,378.00,ST,Yes,Southwest,False,True
09185600,"COLORADO RIVER AT POTASH, UT",38.5047222,-109.6583333,UT,019,14030005,14030005,14,25406,ST,Yes,Southwest,False,True
09185800,"INDIAN CREEK TUNNEL NEAR MONTICELLO, UTAH",37.8411046,-109.5054004,UT,037,14030005,14030005,14,2.45,ST,Yes,Southwest,False,True
09186000,"INDIAN CREEK NEAR MONTICELLO, UTAH",37.84443774,-109.518734,UT,037,14030005,14030005,14,4.70,ST,Yes,Southwest,False,True
09186500,"INDIAN C AB COTTONWOOD CREEK, NR MONTICELLO, UT",37.9722137,-109.5192888,UT,037,14030005,14030005,14,31.20,ST,Yes,Southwest,False,True
09187000,"COTTONWOOD CREEK NEAR MONTICELLO, UTAH",38.06248946,-109.5742877,UT,037,14030005,14030005,14,115.00,ST,Yes,Southwest,False,True
09187500,"INDIAN CREEK ABV HARTS DRAW, NR MONTICELLO, UT",38.1516546,-109.6256753,UT,037,14030005,14030005,14,258.00,ST,Yes,Southwest,False,True
09187550,"INDIAN CREEK BLW BOGUS POCKET, NR MONTICELLO, UT",38.1516546,-109.6256753,UT,037,14030005,14030005,14,262.00,ST,Yes,Southwest,False,True
09217900,"BLACKS FORK NEAR ROBERTSON, WY",40.95902778,-110.5797222,UT,043,14040107,14040107,14,126,ST,Yes,Southwest,False,True
09219500,"E Fk Smiths Fk at China Meadows, nr Robertson, WY",40.9333333,-110.4002778,UT,043,14040107,14040107,14,36.9,ST,Yes,Southwest,False,True
09225500,"GREEN RIVER NEAR LINWOOD, UTAH",40.9666262,-109.5784759,UT,009,14040106,14040106,14,18300.00,ST,Yes,Southwest,False,True
09226500,"MIDDLE FORK BEAVER CREEK NEAR LONETREE, WYO.",40.9443932,-110.1793209,UT,043,14040106,14040106,14,28.10,ST,Yes,Southwest,False,True
09227000,"EF BEAVER CREEK NEAR LONETREE, WYOMING",40.9443936,-110.1618207,UT,043,14040106,14040106,14,8.20,ST,Yes,Southwest,False,True
09227500,"WEST FORK BEAVER CREEK NEAR LONETREE, WYOMING",40.94717019,-110.2173767,UT,043,14040106,14040106,14,23.00,ST,Yes,Southwest,False,True
09228500,"BURNT FORK NEAR BURNTFORK, WY",40.94632437,-110.0662927,UT,043,14040106,14040106,14,53.2,ST,Yes,Southwest,False,True
09230300,"BIRCH SPRING DRAW AT FGNRA BOUNDARY NR MANILA, UT",40.99027778,-109.6545278,UT,009,14040106,14040106,14,25.2,ST,Yes,Southwest,False,True
09231000,"SHEEP CREEK UPPER CANAL NEAR MANILA, UTAH",40.8991204,-109.9348746,UT,009,14040106,14040106,14,,ST,Yes,Southwest,False,True
09231200,"CARTER CREEK CANAL NEAR MANILA, UTAH",40.88550978,-109.9059854,UT,009,14040106,14040106,14,,ST,Yes,Southwest,False,True
09231500,"SHEEP CREEK LOWER CANAL NEAR MANILA, UTAH",40.89023219,-109.8984853,UT,009,14040106,14040106,14,,ST,Yes,Southwest,False,True
09232000,"SHEEP CREEK NEAR MANILA, UTAH",40.88606539,-109.9034853,UT,009,14040106,14040106,14,42.00,ST,Yes,Southwest,False,True
09232500,"SHEEP CREEK AT MOUTH NEAR MANILA, UTAH",40.9332919,-109.6562573,UT,009,14040106,14040106,14,111.00,ST,Yes,Southwest,False,True
09233000,"CARTER CREEK NEAR MANILA, UTAH",40.83884416,-109.8312619,UT,009,14040106,14040106,14,19.00,ST,Yes,Southwest,False,True
09233500,"RED LAKE OUTLET NR MANILA, UT",40.8457892,-109.8026504,UT,009,14040106,14040106,14,19.00,ST,Yes,Southwest,False,True
09234000,"CARTER CREEK AT MOUTH NEAR MANILA, UTAH",40.8930143,-109.5923652,UT,009,14040106,14040106,14,110.00,ST,Yes,Southwest,False,True
09234500,"GREEN RIVER NEAR GREENDALE, UT",40.90829296,-109.422914,UT,009,14040106,14040106,14,19400,ST,Yes,Southwest,False,True
09234700,"RED CREEK NEAR DUTCH JOHN, UTAH",40.9696816,-109.237352,UT,009,14040106,14040106,14,140.00,ST,Yes,Southwest,False,True
09235000,"GREEN RIVER AT BRIDGEPORT, UTAH",40.8621822,-109.1395701,UT,009,14040106,14040106,14,15700.0,ST,Yes,Southwest,False,True
09235100,"CROUSE CREEK NEAR VERNAL, UT",40.7952383,-109.0912348,UT,009,14040106,14040106,14,30.20,ST,Yes,Southwest,False,True
09235600,"POT CREEK ABOVE DIVERSIONS, NEAR VERNAL, UTAH",40.768015,-109.3190219,UT,047,14040106,14040106,14,24.60,ST,Yes,Southwest,False,True
09235800,"POT CREEK NEAR VERNAL, UTAH",40.67357295,-109.0515105,UT,009,14040106,14040106,14,107.00,ST,Yes,Southwest,False,True
09261000,"GREEN RIVER NEAR JENSEN, UT",40.40871944,-109.23523611,UT,047,14040106,14040106,14,29660.0,ST,Yes,Southwest,False,True
09261500,"BIG BRUSH CREEK (AB CAVE) NR VERNAL, UTAH",40.7041243,-109.5965309,UT,047,14060002,14060002,14,23.00,ST,Yes,Southwest,False,True
09261700,"BIG BRUSH CRK ABV RED FLEET RES, NR VERNAL, UT",40.58883234,-109.46543719,UT,047,140600100205,140600100205,14,77.2,ST,Yes,Southwest,False,True
09262000,"BIG BRUSH CREEK NEAR VERNAL,UTAH",40.58162648,-109.4348572,UT,047,14060002,14060002,14,79.60,ST,Yes,Southwest,False,True
09262500,LT BRUSH CR BL E PK RES NR VERNAL UT,40.75829135,-109.534029,UT,047,14060002,14060002,14,20.00,ST,Yes,Southwest,False,True
09263000,"LITTLE BRUSH CREEK NR VERNAL, UT",40.7160695,-109.5056942,UT,047,14060002,14060002,14,28.00,ST,Yes,Southwest,False,True
09263500,"BRUSH CREEK NEAR JENSEN, UTAH",40.40846111,-109.34056667,UT,047,140600100403,140600100403,14,255.0,ST,Yes,Southwest,False,True
09264000,"ASHLEY C BELOW TROUT C NR VERNAL, UTAH",40.73329,-109.6784789,UT,047,14060002,14060002,14,27.00,ST,Yes,Southwest,False,True
09264500,"SOUTH FORK ASHLEY C NR VERNAL, UTAH",40.7332898,-109.7034799,UT,047,14060002,14060002,14,20.00,ST,Yes,Southwest,False,True
09265000,"OAKS PARK CANAL NEAR VERNAL, UTAH",40.74329049,-109.6223657,UT,047,14060002,14060002,14,,ST,Yes,Southwest,False,True
09265300,"ASHLEY CREEK ABOVE RED PINE CREEK NR VERNAL, UT",40.6796794,-109.6609775,UT,047,14060002,14060002,14,55.80,ST,Yes,Southwest,False,True
09265500,ASHLEY CR ABV SP NR VERNAL UT,40.58884697,-109.6229194,UT,047,14060002,14060002,14,100.00,ST,Yes,Southwest,False,True
09266000,ASHLEY CR SPRING NR VERNAL UT,40.5860692,-109.6229194,UT,047,14060002,14060002,14,,ST,Yes,Southwest,False,True
09266500,"ASHLEY CREEK NEAR VERNAL, UT",40.5774426,-109.6221085,UT,047,14060010,14060010,14,101,ST,Yes,Southwest,False,True
09267100,"ASHLEY CREEK ABOVE DRY FORK, NR VERNAL, UTAH",40.53773628,-109.6098627,UT,047,14060002,14060002,14,110.00,ST,Yes,Southwest,False,True
09267500,"MOSBY CANAL NEAR LAPOINT, UT",40.6082881,-109.8840393,UT,047,14060002,14060002,14,0.01,ST,Yes,Southwest,False,True
09268000,"DRY FORK ABOVE SINKS, NEAR DRY FORK, UTAH",40.6263445,-109.8201488,UT,047,14060002,14060002,14,44.40,ST,Yes,Southwest,False,True
09268500,"NORTH FORK OF DRY FORK NEAR DRY FORK, UTAH",40.6427334,-109.810982,UT,047,14060002,14060002,14,8.62,ST,Yes,Southwest,False,True
09268900,"BROWNIE CANYON ABOVE SINKS, NR DRY FORK, UTAH",40.65940095,-109.7509807,UT,047,14060002,14060002,14,8.24,ST,Yes,Southwest,False,True
09269000,"EAST FORK OF DRY FORK NEAR DRY FORK, UTAH",40.64995639,-109.7618142,UT,047,14060002,14060002,14,12.00,ST,Yes,Southwest,False,True
09269500,EAST FORK OF DRY FORK AT MOUTH NR DRY FORK,40.63328979,-109.7645918,UT,047,14060002,14060002,14,18.00,ST,Yes,Southwest,False,True
09270000,"DRY FORK BELOW SPRINGS NEAR DRY FORK, UTAH",40.56940199,-109.6976441,UT,047,14060002,14060002,14,97.40,ST,Yes,Southwest,False,True
09270500,"DRY FORK AT MOUTH NEAR DRY FORK, UTAH",40.5263475,-109.6056958,UT,047,14060002,14060002,14,115.00,ST,Yes,Southwest,False,True
09271000,"ASHLEY CR NR REMEMBER THE MAINE PARK NR VERNAL, UT",40.5141111,-109.5943694,UT,047,14060010,14060010,14,241.00,ST,Yes,Southwest,False,True
09271070,"HIGHLINE CANAL BL MANTLE GULCH NR JENSEN, UTAH",40.36690605,-109.5034685,UT,047,14060001,14060001,14,,ST,Yes,Southwest,False,True
09271400,"ASHLEY CREEK NEAR NAPLES, UT",40.43357206,-109.4662456,UT,047,14060002,14060002,14,,ST,Yes,Southwest,False,True
09271425,"ASHLEY CRK ABV RIV IRR PIPELINE NR NAPLES, UT",40.40657267,-109.4351054,UT,047,14060002,14060002,14,,ST,Yes,Southwest,False,True
09271450,"ASHLEY CREEK BL SADLIER DRAW, NEAR NAPLES, UT",40.39801727,-109.4295774,UT,047,14060002,14060002,14,,ST,Yes,Southwest,False,True
09271470,"RIVER IRRIGATION COMPANY CANAL NEAR JENSEN, UTAH",40.37857327,-109.4017985,UT,047,14060002,14060002,14,,ST,Yes,Southwest,False,True
09271500,"ASHLEY CREEK NEAR JENSEN, UTAH",40.37468439,-109.4081875,UT,047,14060002,14060002,14,383.00,ST,Yes,Southwest,False,True
09271550,"ASHLEY CREEK BEL UNION CANAL DIV NR JENSEN, UT",40.3580023,-109.3876546,UT,047,14060010,14060010,14,389,ST,Yes,Southwest,False,True
09272400,"GREEN RIVER AT OURAY, UTAH",40.0847972,-109.6758361,UT,047,14040106,14040106,14,31060,ST,Yes,Southwest,False,True
09272500,"DUCHESNE TUNNEL NEAR KAMAS, UTAH",40.59244518,-111.0026689,UT,051,16020203,16020203,16,,ST,Yes,Southwest,False,True
09273000,"DUCHESNE R AT PROVO R TRAIL NR HANNA, UTAH",40.62494547,-110.8896127,UT,013,14060003,14060003,14,39.00,ST,Yes,Southwest,False,True
09273200,DUCHESNE R BL LT DEER C NR HANNA UT,40.62216766,-110.8923904,UT,013,14060003,14060003,14,39.00,ST,Yes,Southwest,False,True
09273500,"HADES CREEK NEAR HANNA, UTAH",40.53605548,-110.8673873,UT,013,14060003,14060003,14,7.50,ST,Yes,Southwest,False,True
09274000,"DUCHESNE RIVER (N.FORK) NEAR HANNA, UTAH",40.53327767,-110.8673872,UT,013,14060003,14060003,14,78.00,ST,Yes,Southwest,False,True
09274900,"W.F. DUCHESNE RIV BEL VAT DIVERSION NR HANNA, UT",40.450223,-111.0043319,UT,051,14060003,14060003,14,40.0,ST,Yes,Southwest,False,True
09275000,"W F DUCHESNE RIVER BL DRY HOLLOW NR HANNA, UT",40.44855637,-110.9757204,UT,051,14060003,14060003,14,43.80,ST,Yes,Southwest,False,True
09275500,"WEST FORK DUCHESNE RIVER NEAR HANNA, UT",40.45022335,-110.8843304,UT,013,14060003,14060003,14,61.60,ST,Yes,Southwest,False,True
09276000,"WOLF CREEK ABOVE RHOADES CANYON NEAR HANNA, UT",40.4710558,-110.9187754,UT,051,14060003,14060003,14,10.60,ST,Yes,Southwest,False,True
09276500,WOLF CREEK NR HANNA UT,40.45272328,-110.8826638,UT,013,14060003,14060003,14,19.00,ST,Yes,Southwest,False,True
09276600,"W.F. DUCHESNE RIVER ABV NORTH FORK, NR HANNA, UT",40.46160295,-110.836866,UT,013,14060003,14060003,14,83,ST,Yes,Southwest,False,True
09276700,"DUCHESNE RIVER NEAR HANNA, UT",40.45798889,-110.82778611,UT,013,140600030203,140600030203,14,,ST,Yes,Southwest,False,True
09277000,"DUCHESNE R (@ 'THE POINT'), @ HANNA, UTAH",40.41522494,-110.7826621,UT,013,14060003,14060003,14,230.00,ST,Yes,Southwest,False,True
09277500,"DUCHESNE RIVER NEAR TABIONA, UT",40.2997472,-110.6042556,UT,013,14060003,14060003,14,353,ST,Yes,Southwest,False,True
09277501,COM FL DUCHESNE R & DUCHESNE TUN NR TABIONA,40.30023027,-110.602381,UT,013,14060003,14060003,14,356.00,ST,Yes,Southwest,False,True
09277800,"ROCK CREEK ABOVE SOUTH FORK, NEAR HANNA, UT",40.55744514,-110.6979414,UT,013,14060003,14060003,14,98.90,ST,Yes,Southwest,False,True
09278000,"SOUTH FORK ROCK CREEK NEAR HANNA,UTAH",40.54827849,-110.69433,UT,013,14060003,14060003,14,15.70,ST,Yes,Southwest,False,True
09278500,"ROCK CREEK NEAR HANNA, UTAH",40.545501,-110.656274,UT,013,14060003,14060003,14,122.00,ST,Yes,Southwest,False,True
09278700,ROCK CR BL MINERS GULCH NR HANNA UTAH,40.53244575,-110.6234957,UT,013,14060003,14060003,14,133.00,ST,Yes,Southwest,False,True
09279000,"ROCK CREEK NEAR MOUNTAIN HOME, UT",40.4931111,-110.5772222,UT,013,14060003,14060003,14,147,ST,Yes,Southwest,False,True
09279100,"ROCK CREEK NEAR TALMAGE, UT",40.31106428,-110.4940467,UT,013,14060003,14060003,14,238.00,ST,Yes,Southwest,False,True
09279150,"DUCHESNE RIV ABV KNIGHT DIVERSION, NR DUCHESNE, UT",40.27051046,-110.4426567,UT,013,14060003,14060003,14,623.00,ST,Yes,Southwest,False,True
09279500,"DUCHESNE RIVER AT DUCHESNE, UTAH",40.16412475,-110.3934884,UT,013,14060003,14060003,14,660.00,ST,Yes,Southwest,False,True
09279501,COM FL DUCHESNE R AT DUCHESNE & DUCHESNE TUNNEL,40.16412475,-110.3934884,UT,013,14060003,14060003,14,660.00,ST,Yes,Southwest,False,True
09280000,"STRAWBERRY R AND WILLOW C DITCHES NR HEBER, UT",40.3332882,-111.2340606,UT,051,14060004,14060004,14,,ST,Yes,Southwest,False,True
09280400,HOBBLE CREEK AT DANIELS SUMMIT NEAR WALLSBURG UT,40.29828906,-111.2651733,UT,051,14060004,14060004,14,2.89,ST,Yes,Southwest,False,True
09280500,"UPPER HOBBLE CREEK DITCH NEAR HEBER, UTAH",40.29995559,-111.2507279,UT,051,16020203,16020203,16,,ST,Yes,Southwest,False,True
09281000,"LOWER HOBBLE CREEK DITCH NEAR HEBER, UTAH",40.29995559,-111.2507279,UT,051,16020203,16020203,16,,ST,Yes,Southwest,False,True
09281500,"HOBBLE CREEK DITCH NEAR HEBER, UTAH",40.29995559,-111.2507279,UT,051,16020203,16020203,16,,ST,Yes,Southwest,False,True
09282000,"STRAWBERRY TUNNEL AT WEST PORTAL, NR THISTLE",40.1610673,-111.2451727,UT,049,16020202,16020202,16,,ST,Yes,Southwest,False,True
09285000,"STRAWBERRY RIVER NEAR SOLDIER SPRINGS, UT",40.13328794,-111.024887,UT,051,14060004,14060004,14,213.00,ST,Yes,Southwest,False,True
09285500,WILLOW CR NR SOLDIER SPRINGS UT,40.1180103,-111.010442,UT,051,14060004,14060004,14,44.00,ST,Yes,Southwest,False,True
09285700,"STRAWBERRY RIVER ABOVE RED C NR FRUITLAND, UT",40.11690036,-110.8082145,UT,013,14060004,14060004,14,363.00,ST,Yes,Southwest,False,True
09285900,"STRAWBERRY RIVER AT PINNACLES NEAR FRUITLAND, UT",40.1271783,-110.7418242,UT,013,14060004,14060004,14,362,ST,Yes,Southwest,False,True
09286100,"RED CREEK ABOVE RESERVOIR, NEAR FRUITLAND, UT",40.32994978,-110.8626625,UT,013,14060004,14060004,14,31.40,ST,Yes,Southwest,False,True
09286500,"RED CREEK NR FRUITLAND, UTAH",40.2013428,-110.7840484,UT,013,14060004,14060004,14,89.00,ST,Yes,Southwest,False,True
09286700,"CURRANT CRK BLW CURRANT CRK DAM, NR FRUITLAND, UT",40.33078385,-111.0496107,UT,051,14060004,14060004,14,48.00,ST,Yes,Southwest,False,True
09287000,"CURRANT C BL RED LEDGE HOLLOW NR FRUITLAND, UT",40.3241173,-111.0459995,UT,051,14060004,14060004,14,50.10,ST,Yes,Southwest,False,True
09287500,"WATER HOLLOW NR FRUITLAND, UTAH",40.2416191,-110.9807197,UT,051,14060004,14060004,14,13.80,ST,Yes,Southwest,False,True
09288000,"CURRANT CREEK NEAR FRUITLAND, UT",40.20023128,-110.9076623,UT,051,14060004,14060004,14,140,ST,Yes,Southwest,False,True
09288100,"RED CREEK BELOW CURRANT CREEK, NEAR FRUITLAND, U",40.14634437,-110.7532135,UT,013,14060004,14060004,14,297.00,ST,Yes,Southwest,False,True
09288150,"W F AVINTAQUIN CREEK NR FRUITLAND, UTAH",39.9930144,-110.8148798,UT,013,14060004,14060004,14,56.10,ST,Yes,Southwest,False,True
09288180,"STRAWBERRY RIVER NEAR DUCHESNE, UT",40.1546793,-110.5548785,UT,013,14060004,14060004,14,917,ST,Yes,Southwest,False,True
09288400,"STRAWBERRY R BLW STARVATION RES NR DUCHESNE, UT",40.17384647,-110.4295999,UT,013,14060004,14060004,14,1059.00,ST,Yes,Southwest,False,True
09288500,"STRAWBERRY RIVER AT DUCHESNE, UTAH",40.16106914,-110.4118219,UT,013,14060004,14060004,14,1066.0,ST,Yes,Southwest,False,True
09288900,"SOWERS CREEK NEAR DUCHESNE, UTAH",39.9894064,-110.4598762,UT,013,14060003,14060003,14,40.60,ST,Yes,Southwest,False,True
09289000,"ANTELOPE CREEK NEAR MYTON, UTAH",40.13607105,-110.209042,UT,013,14060003,14060003,14,198.00,ST,Yes,Southwest,False,True
09289500,"LAKE FORK RIVER AB MOON LAKE, NR MOUNTAIN HOME, UT",40.60252778,-110.5205,UT,013,14060003,14060003,14,77.9,ST,Yes,Southwest,False,True
09290000,"BROWN DUCK CREEK NEAR MOUNTAIN HOME, UTAH",40.5749462,-110.5173839,UT,013,14060003,14060003,14,,ST,Yes,Southwest,False,True
09291000,"LAKE FORK RIVER BL MOON LAKE NR MOUNTAIN HOME, UT",40.55633555,-110.4846056,UT,013,14060003,14060003,14,112,ST,Yes,Southwest,False,True
09291200,"LAKE FORK R BL TASKEECH DAMSITE NR MT HOME, UT",40.501337,-110.4054383,UT,013,14060003,14060003,14,138.00,ST,Yes,Southwest,False,True
09291500,"YELLOWSTONE CR. BELOW SWIFT CR.,NR ALTONAH,UT.",40.59716926,-110.3479376,UT,013,14060003,14060003,14,99.00,ST,Yes,Southwest,False,True
09292000,"YELLOWSTONE R @ BRIDGE CMPGRND NR ALTONAH, UT",40.5463369,-110.333771,UT,013,14060003,14060003,14,114,ST,Yes,Southwest,False,True
09292500,"YELLOWSTONE RIVER NEAR ALTONAH, UT",40.51189299,-110.3415491,UT,013,14060003,14060003,14,132,ST,Yes,Southwest,False,True
09293000,"YELLOWSTONE RIVER @ MOUTH NR ALTONAH, UT",40.4441169,-110.3640482,UT,013,14060003,14060003,14,142.00,ST,Yes,Southwest,False,True
09293500,"LAKE FORK RIVER NR ALTONAH, UT.",40.4368949,-110.3643258,UT,013,14060003,14060003,14,304.00,ST,Yes,Southwest,False,True
09293600,"LAKE FORK RIVER NEAR ALTAMONT, UTAH",40.35773117,-110.3134906,UT,013,14060003,14060003,14,318.00,ST,Yes,Southwest,False,True
09293700,"PIGEON WATER CREEK NEAR ALTAMONT, UTAH",40.31051058,-110.294045,UT,013,14060003,14060003,14,95.50,ST,Yes,Southwest,False,True
09294000,"LAKE FORK RIVER NEAR UPALCO, UTAH",40.2582906,-110.2223761,UT,013,14060003,14060003,14,427.00,ST,Yes,Southwest,False,True
09294500,"LAKE FORK RIVER NEAR MYTON, UT",40.20844444,-110.11736111,UT,013,140600030806,140600030806,14,484.0,ST,Yes,Southwest,False,True
09295000,"DUCHESNE RIVER AT MYTON, UT",40.20023757,-110.0637613,UT,013,14060003,14060003,14,2643,ST,Yes,Southwest,False,True
09295100,"DUCHESNE RIV ABV UINTA RIV, NR RANDLETT, UT",40.2066278,-109.8598673,UT,047,14060003,14060003,14,2710,ST,Yes,Southwest,False,True
09295500,UINTA R BL GILBERT C N NEOLA UTAH,40.78605648,-110.2396005,UT,013,14060003,14060003,14,33.00,ST,Yes,Southwest,False,True
09296000,UINTA R ABOVE CLOVER C NEAR NEOLA UTAH,40.63050466,-110.1590454,UT,013,14060003,14060003,14,132.00,ST,Yes,Southwest,False,True
09296500,"CLOVER CREEK NEAR NEOLA, UTAH",40.6249498,-110.1312672,UT,013,14060003,14060003,14,9.50,ST,Yes,Southwest,False,True
09296800,"UINTA R BLW POWERPLANT DIVERSION, NR NEOLA, UT",40.5913396,-110.1143226,UT,013,14060003,14060003,14,157,ST,Yes,Southwest,False,True
09297000,"UINTA RIVER NEAR NEOLA, UTAH",40.5355082,-110.0634884,UT,013,14060003,14060003,14,163.00,ST,Yes,Southwest,False,True
09297500,"UINTA RIVER NEAR WHITEROCKS, UTAH",40.5207866,-110.0409878,UT,013,14060003,14060003,14,218.00,ST,Yes,Southwest,False,True
09297600,"W CHANNEL UINTAH R BL DIV WKS NR WHITEROCKS, UT",40.46078907,-109.9507067,UT,047,14060003,14060003,14,216.00,ST,Yes,Southwest,False,True
09297700,"E CHANNEL UINTAH R BL DIV WKS NR WHITEROCKS, UT",40.4718999,-109.955707,UT,047,14060003,14060003,14,215.00,ST,Yes,Southwest,False,True
09297800,"E CHANL UINTA R AT CO RD BRIG NR WHITEROCKS, UT",40.454956,-109.9365395,UT,047,14060003,14060003,14,253.00,ST,Yes,Southwest,False,True
09297900,"E CHANL UINTA RIVER @ LAPOINT RD NR LAPOINT, UTAH",40.40356876,-109.8759812,UT,047,14060003,14060003,14,382.00,ST,Yes,Southwest,False,True
09298000,"FARM CREEK NEAR WHITEROCKS, UTAH",40.56745407,-109.9615413,UT,047,14060003,14060003,14,14.90,ST,Yes,Southwest,False,True
09298500,WHITEROCKS R AB PARADISE C N WHITEROCKS UTAH,40.6360643,-109.967375,UT,047,14060003,14060003,14,90.00,ST,Yes,Southwest,False,True
09299000,"PARADISE CREEK NEAR WHITEROCKS, UT.",40.6166205,-109.9395964,UT,047,14060003,14060003,14,10.00,ST,Yes,Southwest,False,True
09299400,"WHITEROCKS R BL DAM SITE NR WHITEROCKS, UT",40.58689879,-109.9276515,UT,047,14060003,14060003,14,110.00,ST,Yes,Southwest,False,True
09299500,"WHITEROCKS RIVER NEAR WHITEROCKS, UT",40.5935653,-109.9323739,UT,047,14060003,14060003,14,109,ST,Yes,Southwest,False,True
09299600,"WHITEROCKS R BL FARM C CANAL NR WHITEROCKS, UT",40.53245498,-109.9232066,UT,047,14060003,14060003,14,120.00,ST,Yes,Southwest,False,True
09299700,"WHITEROCKS RIVER 1 MI E OF WHITEROCKS, UT",40.46717827,-109.9140389,UT,047,14060003,14060003,14,124.00,ST,Yes,Southwest,False,True
09299900,"DEEP CREEK AT HWY 246 NEAR LAPOINT, UTAH",40.37773645,-109.8215348,UT,047,14060003,14060003,14,72.20,ST,Yes,Southwest,False,True
09300000,"DEEP CREEK NEAR LAPOINT, UTAH",40.3332925,-109.8479239,UT,047,14060003,14060003,14,75.00,ST,Yes,Southwest,False,True
09300500,"UINTAH RIVER AT FORT DUCHESNE, UTAH",40.3019041,-109.8532013,UT,047,14060003,14060003,14,557.00,ST,Yes,Southwest,False,True
09301000,"DRY GULCH NEAR NEOLA, UTAH",40.46384116,-110.1618236,UT,013,14060003,14060003,14,67.00,ST,Yes,Southwest,False,True
09301200,"DRY GULCH NR FORT DUCHESNE, UTAH",40.2388496,-109.8523672,UT,047,14060003,14060003,14,469.00,ST,Yes,Southwest,False,True
09301500,"UINTA RIVER AT RANDLETT, UT",40.23355686,-109.803777,UT,047,14060003,14060003,14,1064,ST,Yes,Southwest,False,True
09302000,"DUCHESNE RIVER NEAR RANDLETT, UT",40.21027778,-109.7813889,UT,047,14060003,14060003,14,3790,ST,Yes,Southwest,False,True
09306395,"WHITE RIVER NEAR COLORADO STATE LINE, UT",40.01385727,-109.0806682,UT,047,14050007,14050007,14,3680.00,ST,Yes,Southwest,False,True
09306400,"WHITE RIVER AB HELLS HOLE CANYON NR WATSON, UT",39.973857,-109.1309472,UT,047,14050007,14050007,14,3700.00,ST,Yes,Southwest,False,True
09306405,HELL'S HOLE CAN AT MOUTH NR WATSON UT,39.9733015,-109.128447,UT,047,14050007,14050007,14,24.50,ST,Yes,Southwest,False,True
09306410,"EVACUATION CREEK AB MISSOURI C NR DRAGON, UT",39.79774877,-109.074554,UT,047,14050007,14050007,14,100.00,ST,Yes,Southwest,False,True
09306415,"EVACUATION CREEK BL PARK CANYON NR WATSON, UT",39.8483029,-109.1306677,UT,047,14050007,14050007,14,246.00,ST,Yes,Southwest,False,True
09306417,"THIMBLE ROCK CANYON NEAR WATSON, UT",39.8249694,-109.1609462,UT,047,14050007,14050007,14,1.70,ST,Yes,Southwest,False,True
09306420,EVACUATION CREEK AT WATSON UTAH,39.88274659,-109.1573358,UT,047,14050007,14050007,14,259.00,ST,Yes,Southwest,False,True
09306425,"EVACUATION CREEK TRIBUTARY NEAR WATSON, UT",39.8999686,-109.1562249,UT,047,14050007,14050007,14,12.40,ST,Yes,Southwest,False,True
09306430,"EVACUATION CREEK NEAR MOUTH NEAR WATSON, UT",39.9521902,-109.1592813,UT,047,14050007,14050007,14,284.00,ST,Yes,Southwest,False,True
09306500,"WHITE RIVER NEAR WATSON, UTAH",39.97885629,-109.1787269,UT,047,14050007,14050007,14,4020,ST,Yes,Southwest,False,True
09306600,"WHITE RIVER BL SOUTHAM CANYON NR WATSON, UT",39.9541333,-109.2584518,UT,047,14050007,14050007,14,4030.00,ST,Yes,Southwest,False,True
09306605,"SOUTHAM CANYON WASH NEAR WATSON, UT",39.9058012,-109.2051156,UT,047,14050007,14050007,14,2.50,ST,Yes,Southwest,False,True
09306610,SOUTHAM CAN WASH AT MOUTH NR WATSON UT,39.94718919,-109.235673,UT,047,14050007,14050007,14,8.30,ST,Yes,Southwest,False,True
09306620,"ASPHALT WASH BL CENTER FORK NEAR WATSON, UT",39.9071893,-109.2659513,UT,047,14050007,14050007,14,94.40,ST,Yes,Southwest,False,True
09306625,"ASPHALT WASH NR MOUTH NR WATSON, UTAH",39.934689,-109.2673408,UT,047,14050007,14050007,14,97.50,ST,Yes,Southwest,False,True
09306700,WHITE R BLW ASPHALT WASH NR WATSON UT,39.9255223,-109.2923418,UT,047,14050007,14050007,14,4130.00,ST,Yes,Southwest,False,True
09306740,"BITTER CREEK ABV DICK CANYON NR WATSON, UT",39.5341397,-109.1003882,UT,047,14050007,14050007,14,11.70,ST,Yes,Southwest,False,True
09306760,SWEETWATER CANYON BLW SOUTH CAN NR WATSON UTAH,39.53497085,-109.2231698,UT,047,14050007,14050007,14,22.60,ST,Yes,Southwest,False,True
09306780,"SWEETWATER CANYON C NR MOUTH NR WATSON, UT",39.6585795,-109.3334519,UT,047,14050007,14050007,14,124.00,ST,Yes,Southwest,False,True
09306800,"BITTER CREEK NEAR BONANZA, UT",39.75330136,-109.3548415,UT,047,14050007,14050007,14,324.00,ST,Yes,Southwest,False,True
09306850,"BITTER CREEK AT MOUTH NEAR BONANZA, UT",39.9655212,-109.4170707,UT,047,14050007,14050007,14,398.00,ST,Yes,Southwest,False,True
09306870,"SAND WASH NEAR OURAY, UTAH",39.93357656,-109.496796,UT,047,14050007,14050007,14,59.70,ST,Yes,Southwest,False,True
09306872,"SAND WASH AT MOUTH NEAR OURAY, UTAH",39.9905206,-109.4867968,UT,047,14050007,14050007,14,71.10,ST,Yes,Southwest,False,True
09306878,"COYOTE WASH NEAR MOUTH NEAR OURAY, UT",40.05413137,-109.4773528,UT,047,14050007,14050007,14,228.00,ST,Yes,Southwest,False,True
09306880,"NORTH WASH NEAR OURAY, UTAH",40.04663126,-109.5237435,UT,047,14050007,14050007,14,11.00,ST,Yes,Southwest,False,True
09306885,"COTTONWOOD WASH NEAR MOUTH NEAR OURAY, UT",40.0557976,-109.6090246,UT,047,14050007,14050007,14,70.60,ST,Yes,Southwest,False,True
09306900,WHITE RIVER AT MOUTH NEAR OURAY UTAH,40.0649641,-109.6356923,UT,047,14050007,14050007,14,5120.00,ST,Yes,Southwest,False,True
09307000,"GREEN RIVER NEAR OURAY, UTAH",40.07218599,-109.7284735,UT,047,14060005,14060005,14,35500.00,ST,Yes,Southwest,False,True
09307200,"PARIETTE DRAW NEAR OURAY, UTAH",40.08274069,-109.8734784,UT,047,14060005,14060005,14,153.00,ST,Yes,Southwest,False,True
09307250,PARIETTE DRAW NR EIGHT MILE FLAT NEAR MYTON UT,40.0527414,-109.819032,UT,047,14060005,14060005,14,,ST,Yes,Southwest,False,True
09307290,COM F PARIETTE DRAW AT MOUTH AND LAMBS DIV,40.0316309,-109.7520851,UT,047,14060005,14060005,14,,ST,Yes,Southwest,False,True
09307295,LAMB DIVERSION FROM PARIETTE DRAW NR OURAY,40.0291309,-109.7570853,UT,047,14060005,14060005,14,,ST,Yes,Southwest,False,True
09307300,"PARIETTE DRAW AT MOUTH NEAR OURAY, UTAH",40.0299642,-109.7570853,UT,047,14060005,14060005,14,298.00,ST,Yes,Southwest,False,True
09307500,"WILLOW CREEK ABOVE DIVERSIONS NEAR OURAY, UTAH",39.5663541,-109.5873527,UT,047,14060006,14060006,14,297.00,ST,Yes,Southwest,False,True
09307800,HILL CR ABV TOWAVE RES NR OURAY UT,39.52579804,-109.7345813,UT,047,14060006,14060006,14,89.70,ST,Yes,Southwest,False,True
09307900,"HILL CREEK NR MOUTH NR OURAY, UT",39.876354,-109.7040262,UT,047,14060006,14060006,14,288.00,ST,Yes,Southwest,False,True
09308000,"WILLOW CREEK NEAR OURAY, UTAH",39.9388539,-109.648469,UT,047,14060006,14060006,14,897.00,ST,Yes,Southwest,False,True
09308500,"MINNIE MAUD CREEK NR MYTON, UTAH",39.798574,-110.565991,UT,007,14060005,14060005,14,32.00,ST,Yes,Southwest,False,True
09309000,"MINNIE MAUD C AT NUTTER RANCH NR MYTON, UTAH",39.81246388,-110.2507108,UT,013,14060005,14060005,14,231.00,ST,Yes,Southwest,False,True
09309500,"FAIRVIEW DITCH NEAR FAIRVIEW, UTAH",39.6599624,-111.3279582,UT,039,14060007,14060007,14,,ST,Yes,Southwest,False,True
09309600,"FAIRVIEW TUNNEL NEAR FAIRVIEW, UT",39.66966944,-111.3133194,UT,039,14060007,14060007,14,0.01,ST,Yes,Southwest,False,True
09309800,"GOOSEBERRY CREEK NEAR FAIRVIEW, UTAH",39.674129,-111.304901,UT,039,14060007,14060007,14,7.51,ST,Yes,Southwest,False,True
09310000,"GOOSEBERRY CREEK NEAR SCOFIELD, UT",39.7157951,-111.3001788,UT,039,14060007,14060007,14,16.80,ST,Yes,Southwest,False,True
09310500,"FISH CREEK ABOVE RESERVOIR, NEAR SCOFIELD, UT",39.77440566,-111.191006,UT,007,14060007,14060007,14,60.1,ST,Yes,Southwest,False,True
09310550,"PONTOWN (PONDTOWN) CREEK, NEAR SCOFIELD, UT",39.7830166,-111.1782277,UT,007,14060007,14060007,14,,ST,Yes,Southwest,False,True
09310575,BOARDINGHOUSE CR. AT MOUTH SOUTH OF SCOFIELD,39.6499634,-111.1557269,UT,007,14060007,14060007,14,2.04,ST,Yes,Southwest,False,True
09310600,"ECCLES CANYON NEAR SCOFIELD, UTAH",39.6852406,-111.1626716,UT,007,14060007,14060007,14,5.50,ST,Yes,Southwest,False,True
09310700,"MUD CRK BL WINTER QUARTERS CYN @ SCOFIELD, UT",39.7219111,-111.1615444,UT,007,14060007,14060007,14,29.1,ST,Yes,Southwest,False,True
09311500,"PRICE RIVER NEAR SCOFIELD, UTAH",39.78690558,-111.1201697,UT,007,14060007,14060007,14,155.00,ST,Yes,Southwest,False,True
09311700,"PRICE RIVER NEAR SOLDIER SUMMIT, UTAH",39.8277383,-111.0090537,UT,049,14060007,14060007,14,180.00,ST,Yes,Southwest,False,True
09312000,"NORTH FORK WHITE RIVER NEAR SOLDIER SUMMIT, UTAH",39.93329157,-111.0673886,UT,051,14060007,14060007,14,23.30,ST,Yes,Southwest,False,True
09312500,"WHITE RIVER NEAR SOLDIER SUMMIT, UTAH",39.9221807,-111.057666,UT,051,14060007,14060007,14,52.80,ST,Yes,Southwest,False,True
09312600,"WHITE R BL TABBYUNE CRK NR SOLDIER SUMMIT, UT",39.87601667,-111.0375167,UT,049,14060007,14060007,14,75.6,ST,Yes,Southwest,False,True
09312700,"BEAVER CREEK NEAR SOLDIER SUMMIT, UTAH",39.8305162,-110.9693302,UT,049,14060007,14060007,14,26.10,ST,Yes,Southwest,False,True
09312800,"WILLOW CREEK NEAR CASTLE GATE, UTAH",39.7769068,-110.7923812,UT,007,14060007,14060007,14,62.80,ST,Yes,Southwest,False,True
09312900,"WILLOW CREEK AT CASTLE GATE, UTAH",39.7269074,-110.8621056,UT,007,14060007,14060007,14,77.4,ST,Yes,Southwest,False,True
09313000,"PRICE RIVER NEAR HEINER, UTAH",39.71885199,-110.8659946,UT,007,14060007,14060007,14,455.00,ST,Yes,Southwest,False,True
09313040,"SPRING CANYON BELOW SOWBELLY GULCH AT HELPER, UT",39.68857466,-110.8865507,UT,007,14060007,14060007,14,23.00,ST,Yes,Southwest,False,True
09313500,"PRICE RIVER NEAR HELPER, UTAH",39.65135309,-110.8576609,UT,007,16020201,16020201,16,530.00,ST,Yes,Southwest,False,True
09313520,"PRICE RIVER BELOW GOLF COURSE NEAR HELPER, UT",39.6373833,-110.8577722,UT,007,14060007,14060007,14,530,ST,Yes,Southwest,False,True
09313600,"PRICE RIVER AT WELLINGTON, UTAH",39.53217157,-110.7343529,UT,007,14060007,14060007,14,,ST,Yes,Southwest,False,True
09313821,"CARDINAL WASH AT HWY 6 AND 50 AT PRICE, UTAH",39.53579938,-110.8507161,UT,007,14060007,14060007,14,,ST,Yes,Southwest,False,True
09313965,"COAL CREEK NEAR HELPER, UTAH",39.7024637,-110.6779354,UT,007,14060007,14060007,14,25.30,ST,Yes,Southwest,False,True
09313975,"SOLDIER CREEK BL MINE NR WELLINGTON, UTAH",39.69524168,-110.6151575,UT,007,14060007,14060007,14,17.70,ST,Yes,Southwest,False,True
09313980,"PRICE RIVER AT RIDGE ROAD NEAR WELLINGTON, UT",39.53608056,-110.6994,UT,007,14060007,14060007,14,,ST,Yes,Southwest,False,True
09313985,"DUGOUT CREEK NEAR SUNNYSIDE, UTAH",39.6794086,-110.5504348,UT,007,14060007,14060007,14,5.8,ST,Yes,Southwest,False,True
09314000,"PRICE RIVER BL COAL CREEK NR WELLINGTON, UTAH",39.51107739,-110.6812667,UT,007,14060007,14060007,14,853.00,ST,Yes,Southwest,False,True
09314250,"PRICE RIVER BL MILLER CREEK NR WELLINGTON, UT",39.4496734,-110.62796,UT,015,14060007,14060007,14,956.00,ST,Yes,Southwest,False,True
09314260,"WASHBOARD WASH BL SACCO WEST DIV NR WELLINGTON, UT",39.42726667,-110.6583028,UT,015,14060007,14060007,14,50.6,ST,Yes,Southwest,False,True
09314280,"DESERT SEEP WASH NEAR WELLINGTON, UTAH",39.4210793,-110.6462682,UT,015,14060007,14060007,14,191.00,ST,Yes,Southwest,False,True
09314300,"PRICE RIVER ABV SILVAGNI RANCH DIV NR WOODSIDE, UT",39.33553056,-110.4281,UT,015,14060007,14060007,14,,ST,Yes,Southwest,False,True
09314340,"GRASSY TRAIL CREEK AT SUNNYSIDE, UTAH",39.55552196,-110.3801549,UT,007,14060007,14060007,14,40.10,ST,Yes,Southwest,False,True
09314374,"HORSE CANYON NR. SUNNYSIDE, UT.",39.4571899,-110.3598773,UT,015,14060007,14060007,14,12.50,ST,Yes,Southwest,False,True
09314500,"PRICE RIVER AT WOODSIDE, UT",39.26444444,-110.3427778,UT,015,14060007,14060007,14,1540,ST,Yes,Southwest,False,True
09314700,"GREEN RIVER BL SWASEYS RAPID NEAR GREEN RIVER, UT",39.11428889,-110.10905,UT,019,140600080205,140600080205,14,,ST,Yes,Southwest,False,True
09315000,"GREEN RIVER AT GREEN RIVER, UT",38.98886944,-110.15035556,UT,015,140600080208,140600080208,14,44850.0,ST,Yes,Southwest,False,True
09315005,COLORADO RIVER PLUS GREEN RIVER (TEMP),38.98636088,-110.1515253,UT,015,14060008,14060008,14,,ST,Yes,Southwest,False,True
09315500,"SALERATUS WASH AT GREEN RIVER, UTAH",38.9813617,-110.2468077,UT,015,14060008,14060008,14,180.00,ST,Yes,Southwest,False,True
09316000,"BROWNS WASH NEAR GREEN RIVER, UTAH",38.98608294,-110.1298576,UT,019,14060008,14060008,14,75.00,ST,Yes,Southwest,False,True
09316100,"FLOYWASH@HIGHWAY BRIDGE 6&50 NEAR GREEN RIVER,UT",38.92330555,-109.9423497,UT,019,14060008,14060008,14,56.60,ST,Yes,Southwest,False,True
09317000,"BOULGER CREEK NEAR FAIRVIEW, UTAH",39.6332965,-111.2673981,UT,039,14060009,14060009,14,1.90,ST,Yes,Southwest,False,True
09317500,"CANDLAND DITCH NEAR MT PLEASANT, UTAH",39.549964,-111.317401,UT,039,16030004,16030004,16,,ST,Yes,Southwest,False,True
09317919,"CRANDALL CANYON AT MOUTH NR HUNTINGTON, UT",39.4632993,-111.1490597,UT,015,14060009,14060009,14,5.70,ST,Yes,Southwest,False,True
09317920,"TIE FORK CANYON NEAR HUNTINGTON, UTAH",39.45857719,-111.137115,UT,015,14060009,14060009,14,11.70,ST,Yes,Southwest,False,True
09317997,"HUNTINGTON CREEK NEAR HUNTINGTON, UT",39.3852446,-111.0882249,UT,015,14060009,14060009,14,178,ST,Yes,Southwest,False,True
09318000,"HUNTINGTON CREEK NR HUNTINGTON, UTAH",39.37135608,-111.0637799,UT,015,14060009,14060009,14,187.00,ST,Yes,Southwest,False,True
09318450,"HUNTINGTON C AT CO RD BRDG NR CASTLE DALE, UTAH",39.21608215,-110.9154442,UT,015,14060009,14060009,14,,ST,Yes,Southwest,False,True
09318500,"HUNTINGTON CREEK NEAR CASTLE DALE, UTAH",39.2083045,-110.9173887,UT,015,14060009,14060009,14,325.00,ST,Yes,Southwest,False,True
09319000,"EPHRAIM TUNNEL NEAR EPHRAIM, UT",39.3296855,-111.4315745,UT,039,14060009,14060009,14,0.01,ST,Yes,Southwest,False,True
09319001,EPHRAIM TUNNEL SUPPLEMENTAL DATA,39.3296855,-111.4315745,UT,039,14060009,14060009,14,,ST,Yes,Southwest,False,True
09320000,"HORSESHOE TUNNEL NEAR EPHRAIM, UTAH",39.36662986,-111.4507426,UT,039,16030004,16030004,16,,ST,Yes,Southwest,False,True
09320500,"LARSEN TUNNEL NEAR EPHRAIM, UTAH",39.34996316,-111.4507426,UT,039,16030004,16030004,16,,ST,Yes,Southwest,False,True
09321000,"COAL FORK DITCH NEAR MT PLEASANT, UTAH",39.4999647,-111.3174006,UT,039,16030004,16030004,16,,ST,Yes,Southwest,False,True
09321500,"TWIN CREEK TUNNEL NEAR MT PLEASANT, UTAH",39.46663114,-111.3340682,UT,039,16030004,16030004,16,,ST,Yes,Southwest,False,True
09322000,"BLACK CANYON DITCH NEAR SPRING CITY, UTAH",39.4499644,-111.334068,UT,039,16030004,16030004,16,,ST,Yes,Southwest,False,True
09322500,"CEDAR CREEK TUNNEL NEAR SPRING CITY, UTAH",39.4499644,-111.334068,UT,039,16030004,16030004,16,,ST,Yes,Southwest,False,True
09323000,"SPRING CITY TUNNEL NEAR SPRING CITY, UT",39.4260752,-111.3649034,UT,039,16030004,16030004,16,,ST,Yes,Southwest,False,True
09323500,"REEDER DITCH NEAR SPRING CITY, UTAH",39.38329715,-111.3840712,UT,039,14060009,14060009,14,,ST,Yes,Southwest,False,True
09324000,"SEELY CREEK NEAR ORANGEVILLE, UTAH",39.2832979,-111.2673951,UT,015,14060009,14060009,14,,ST,Yes,Southwest,False,True
09324200,"CTNWD C AB STRAIGHT CANYON NR ORANGEVILLE, UT",39.307188,-111.1846153,UT,015,14060009,14060009,14,21.90,ST,Yes,Southwest,False,True
09324500,"COTTONWOOD CREEK NEAR ORANGEVILLE, UTAH",39.26663339,-111.1298922,UT,015,14060009,14060009,14,208.00,ST,Yes,Southwest,False,True
09325000,"COTTONWOOD CREEK NEAR CASTLE DALE, UTAH",39.16997188,-110.9382224,UT,015,14060009,14060009,14,261.00,ST,Yes,Southwest,False,True
09325100,"SAN RAFAEL R ABOVE FERRON CR NR CASTLE DALE, UT",39.14997269,-110.909055,UT,015,14060009,14060009,14,680.00,ST,Yes,Southwest,False,True
09325500,"JOHN AUGUST DITCH NEAR EPHRAIM, UTAH",39.29996304,-111.4507425,UT,039,16030004,16030004,16,,ST,Yes,Southwest,False,True
09326000,"MADSEN DITCH NEAR EPHRAIM, UTAH",39.31662975,-111.4507426,UT,039,16030004,16030004,16,,ST,Yes,Southwest,False,True
09326500,"FERRON CREEK (UPPER STATION) NEAR FERRON, UT",39.1049972,-111.2289917,UT,015,14060009,14060009,14,138,ST,Yes,Southwest,False,True
09327000,"FERRON CR BL MILLSITE RES & DIVS NR FERRON, UT",39.09526389,-111.1788694,UT,015,14060009,14060009,14,75.5,ST,Yes,Southwest,False,True
09327500,"FERRON CREEK NEAR CASTLE DALE, UT",39.1055281,-111.0243349,UT,015,14060009,14060009,14,210.00,ST,Yes,Southwest,False,True
09327550,"FERRON CREEK BL PARADISE RANCH NR CLAWSON, UT",39.11913926,-110.9896123,UT,015,14060009,14060009,14,221.00,ST,Yes,Southwest,False,True
09328000,"SAN RAFAEL RIVER NEAR CASTLE DALE, UTAH",39.1382333,-110.89065,UT,015,14060009,14060009,14,939.00,ST,Yes,Southwest,False,True
09328060,"SAN RAFAEL R @ FULLER BOTTOM NR CASTLEDALE, UT",39.11818056,-110.8551056,UT,007,14060009,14060009,14,965,ST,Yes,Southwest,False,True
09328100,"SAN RAFAEL R AT SAN R BR CAMPGROUND NR C DALE,UT",39.0808086,-110.6662723,UT,015,14060009,14060009,14,1284.00,ST,Yes,Southwest,False,True
09328400,"San Rafael River below I-70 near Green River, Utah",38.90886338,-110.3826485,UT,015,14060009,14060009,14,1646.,ST,Yes,Southwest,False,True
09328500,"SAN RAFAEL RIVER NEAR GREEN RIVER, UT",38.8583081,-110.3701469,UT,015,14060009,14060009,14,1628,ST,Yes,Southwest,False,True
09328910,"SAN RAFAEL RIVER AT MOUTH NEAR GREEN RIVER, UT",38.7577611,-110.1435278,UT,015,14060009,14060009,14,3123,ST,Yes,Southwest,False,True
09328920,GREEN RIVER AT MINERAL BOTTOM NR CYNLNDS NTL PARK,38.52402778,-109.9944167,UT,019,14060008,14060008,14,48560,ST,Yes,Southwest,False,True
09328960,"COLORADO RIVER AT GYPSUM CANYON NEAR HITE, UT",38.01001944,-110.0735389,UT,037,14070001,14070001,14,71200,ST,Yes,Southwest,False,True
09329000,"FREMONT RIVER BELOW FISH LAKE, UTAH",38.591642,-111.6757425,UT,041,14070003,14070003,14,27,ST,Yes,Southwest,False,True
09329050,"SEVEN MILE CREEK NEAR FISH LAKE, UT",38.62775234,-111.6479647,UT,041,14070003,14070003,14,24.00,ST,Yes,Southwest,False,True
09329500,"FREMONT RIVER NEAR FREMONT, UTAH",38.4852555,-111.5768487,UT,055,14070003,14070003,14,205.00,ST,Yes,Southwest,False,True
09329900,"PINE CREEK NEAR BICKNELL, UTAH",38.26942574,-111.5840716,UT,055,14070003,14070003,14,104.00,ST,Yes,Southwest,False,True
09330000,"FREMONT RIVER NEAR BICKNELL, UT",38.3069248,-111.5187917,UT,055,14070003,14070003,14,751,ST,Yes,Southwest,False,True
09330210,"PLEASANT CREEK NEAR CAINEVILLE, UTAH",38.27220246,-111.0923876,UT,055,14070003,14070003,14,115.00,ST,Yes,Southwest,False,True
09330230,"FREMONT RIVER NEAR CAINEVILLE, UT",38.2791469,-111.0657201,UT,055,14070003,14070003,14,1208,ST,Yes,Southwest,False,True
09330250,"FREMONT R AT HWY 24 AB SANDY C NR CAINEVILLE, UT",38.292575,-111.0455944,UT,055,14070003,14070003,14,,ST,Yes,Southwest,False,True
09330410,"BULL CREEK NEAR HANKSVILLE, UT",38.12192936,-110.7595973,UT,017,14070004,14070004,14,7.53,ST,Yes,Southwest,False,True
09330500,"MUDDY CREEK NEAR EMERY, UT",38.99105556,-111.253886,UT,015,14070002,14070002,14,105,ST,Yes,Southwest,False,True
09331500,"IVIE CREEK ABOVE DIVERSIONS NR EMERY, UTAH",38.7583077,-111.4215683,UT,041,14070002,14070002,14,50.00,ST,Yes,Southwest,False,True
09331850,"CONVULSION CANYON NEAR EMERY, UTAH",38.906361,-111.411847,UT,041,14070002,14070002,14,21.60,ST,Yes,Southwest,False,True
09331900,"QUITCHUPAH CREEK NEAR EMERY, UTAH",38.8591422,-111.2621149,UT,015,14070002,14070002,14,104.00,ST,Yes,Southwest,False,True
09331950,"CHRISTIANSEN WASH NEAR EMERY, UTAH",38.8613646,-111.2526699,UT,015,14070002,14070002,14,13.60,ST,Yes,Southwest,False,True
09332100,"MUDDY CREEK BL I-70 NR EMERY, UTAH",38.8125833,-111.20025,UT,015,14070002,14070002,14,418,ST,Yes,Southwest,False,True
09332500,"MUDDY CREEK BELOW IVIE CREEK NR EMERY, UTAH",38.76664226,-111.1293347,UT,015,14070002,14070002,14,440.00,ST,Yes,Southwest,False,True
09332600,"Muddy Creek at Tomsich Butte nr Hanksville, UT",38.68694444,-110.9995278,UT,015,14070002,14070002,14,,ST,Yes,Southwest,False,True
09332700,"MUDDY CREEK AT DELTA MINE NR HANKSVILLE, UTAH",38.5630341,-110.9543267,UT,015,14070002,14070002,14,841.00,ST,Yes,Southwest,False,True
09332800,"MUDDY CREEK AT MOUTH NR HANKSVILLE, UTAH",38.4027598,-110.700705,UT,055,14070002,14070002,14,1552,ST,Yes,Southwest,False,True
09333000,"DIRTY DEVIL RIVER NEAR HANKSVILLE, UTAH",38.39998208,-110.6840379,UT,055,14070004,14070004,14,3490.00,ST,Yes,Southwest,False,True
09333500,DIRTY DEVIL R AB POISON SP WSH NR HANKSVILLE UT,38.0971222,-110.4074167,UT,017,14070004,14070004,14,4159,ST,Yes,Southwest,False,True
09334000,"NORTH WASH NEAR HANKSVILLE (HITE), UTAH",37.8985992,-110.4493091,UT,017,14070001,14070001,14,136.00,ST,Yes,Southwest,False,True
09334500,WHITE CANYON NEAR HANKSVILLE UTAH,37.79860026,-110.3765285,UT,037,14070001,14070001,14,276.00,ST,Yes,Southwest,False,True
09335000,"COLORADO RIVER AT HITE, UTAH",37.8083222,-110.4493082,UT,037,14070001,14070001,14,76600.00,ST,Yes,Southwest,False,True
09335200,"BULLFROG CREEK NEAR BULLFROG, UTAH",37.7708229,-110.8459839,UT,017,14070001,14070001,14,161,ST,Yes,Southwest,False,True
09335500,"NORTH CREEK NEAR ESCALANTE, UTAH",37.76665536,-111.6840664,UT,017,14070005,14070005,14,90.00,ST,Yes,Southwest,False,True
09336000,"BIRCH CREEK NEAR ESCALANTE, UTAH",37.76248885,-111.738235,UT,017,14070005,14070005,14,36.00,ST,Yes,Southwest,False,True
09336500,"BIRCH CREEK AT MOUTH NEAR ESCALANTE, UT",37.76665536,-111.6840664,UT,017,14070005,14070005,14,100.00,ST,Yes,Southwest,False,True
09337000,"PINE CREEK NEAR ESCALANTE, UT",37.86248747,-111.6360113,UT,017,14070005,14070005,14,68.1,ST,Yes,Southwest,False,True
09337500,"ESCALANTE RIVER NEAR ESCALANTE, UT",37.77804389,-111.5746181,UT,017,14070005,14070005,14,320,ST,Yes,Southwest,False,True
09338000,"EAST FORK BOULDER CREEK NEAR BOULDER, UTAH",38.0419293,-111.450174,UT,017,14070005,14070005,14,21.40,ST,Yes,Southwest,False,True
09338500,"EAST FORK DEER CREEK NEAR BOULDER, UTAH",38.00137464,-111.3896157,UT,017,14070005,14070005,14,1.90,ST,Yes,Southwest,False,True
09338900,"DEER CREEK NEAR BOULDER, UT",37.85332098,-111.3551679,UT,017,14070005,14070005,14,62.7,ST,Yes,Southwest,False,True
09339000,"BOULDER CREEK NEAR BOULDER, UT",37.78193297,-111.360167,UT,017,14070005,14070005,14,173,ST,Yes,Southwest,False,True
09339500,"ESCALANTE RIVER AT MOUTH NEAR ESCALANTE, UTAH",37.3141585,-110.9034837,UT,025,14070005,14070005,14,1770.00,ST,Yes,Southwest,False,True
09372200,"MCELMO CREEK NEAR BLUFF, UTAH",37.21888889,-109.1904111,UT,037,14080202,14080202,14,720.00,ST,Yes,Southwest,False,True
09372400,"NORTH CREEK NEAR MONTICELLO, UT",37.87666,-109.4459538,UT,037,14080203,14080203,14,2.72,ST,Yes,Southwest,False,True
09372500,"N.FORK MOUNTEZUMA CR. AT MONTICELLO,UT.",37.86666057,-109.36734,UT,037,14080203,14080203,14,10.50,ST,Yes,Southwest,False,True
09376800,"SPRING CREEK NEAR MONTICELLO, UT",37.88888196,-109.46651,UT,037,14080203,14080203,14,2.55,ST,Yes,Southwest,False,True
09376900,"SPRING CREEK ABV DIVERSIONS, NR MONTICELLO, UTAH",37.91943726,-109.4348421,UT,037,14080203,14080203,14,4.95,ST,Yes,Southwest,False,True
09378100,"NORTH CREEK ABV. RANGER STAT NR MONTICELLO, UTAH",37.87304937,-109.3665067,UT,037,14080203,14080203,14,8.68,ST,Yes,Southwest,False,True
09378170,"SOUTH CREEK ABOVE RESERVOIR NEAR MONTICELLO, UT",37.8466608,-109.3695625,UT,037,14080203,14080203,14,8.64,ST,Yes,Southwest,False,True
09378200,"MONTEZUMA CREEK AT GOLF COURSE AT MONTICELLO, UT",37.86054967,-109.3423393,UT,037,14080203,14080203,14,17.60,ST,Yes,Southwest,False,True
09378600,"MONTEZUMA CREEK NEAR BLUFF, UTAH",37.2716111,-109.3286,UT,037,14080203,14080203,14,1154.00,ST,Yes,Southwest,False,True
09378630,"RECAPTURE CREEK NEAR BLANDING, UT",37.7555504,-109.476511,UT,037,14080201,14080201,14,3.77,ST,Yes,Southwest,False,True
09378650,"RECAPTURE CR BL JOHNSON CR NR BLANDING,UT.",37.6808299,-109.4626212,UT,037,14080201,14080201,14,37,ST,Yes,Southwest,False,True
09378700,COTTONWOOD WASH NR BLANDING UTAH,37.5605543,-109.5787353,UT,037,14080201,14080201,14,205.00,ST,Yes,Southwest,False,True
09379000,"COMB WASH NEAR BLUFF, UTAH",37.26611234,-109.6756784,UT,037,14080201,14080201,14,278.00,ST,Yes,Southwest,False,True
09379250,"CHINLE CREEK AT MOUTH NEAR BLUFF,  UTAH",37.19991667,-109.7106389,UT,037,14080204,14080204,14,4100,ST,Yes,Southwest,False,True
09379500,"SAN JUAN RIVER NEAR BLUFF, UT",37.15067778,-109.8666889,UT,037,14080205,14080205,14,23000,ST,Yes,Southwest,False,True
09379700,"SAN JUAN R BL PIUTE FARMS WASH NR MONUMENT VLY, UT",37.25265278,-110.4389694,UT,037,14080205,14080205,14,24000,ST,Yes,Southwest,False,True
09381000,"HENRIEVILLE CREEK NEAR HENRIEVILLE, UT",37.5708183,-111.9715749,UT,017,14070007,14070007,14,29.00,ST,Yes,Southwest,False,True
09381500,"PARIA RIVER NEAR CANNONVILLE, UT",37.48109556,-112.0215756,UT,025,14070007,14070007,14,198,ST,Yes,Southwest,False,True
09381800,"PARIA RIVER NEAR KANAB, UTAH",37.10748428,-111.9060102,UT,025,14070007,14070007,14,647,ST,Yes,Southwest,False,True
09403500,KANAB C NR GLENDALE UT,37.28331695,-112.4840952,UT,025,15010003,15010003,15,72.00,ST,Yes,Southwest,False,True
09403600,"KANAB CREEK NEAR KANAB, UT",37.10054059,-112.5479827,UT,025,15010003,15010003,15,194,ST,Yes,Southwest,False,True
09403620,"MILL CREEK ABOVE STUDY AREA NR GLENDALE,UT.",37.36359328,-112.3424221,UT,025,15010003,15010003,15,4.81,ST,Yes,Southwest,False,True
09403630,"SKUTUMPAH CR. BL STUDY AREA NR GLENDALE,UT.",37.32164845,-112.3276987,UT,025,15010003,15010003,15,14.80,ST,Yes,Southwest,False,True
09403640,"INTERMEDIATE DRAINAGE NR. GLENDALE, UT.",37.3027596,-112.3454772,UT,025,15010003,15010003,15,2.49,ST,Yes,Southwest,False,True
09403650,"THOMPSON CREEK ABV STUDY AREA NR GLENDALE, UTAH",37.33637115,-112.3727012,UT,025,15010003,15010003,15,9.80,ST,Yes,Southwest,False,True
09403660,"THOMPSON CREEK BLW STUDY AREA NR GLENDALE, UTAH",37.30275965,-112.3468662,UT,025,15010003,15010003,15,16.60,ST,Yes,Southwest,False,True
09403670,THOMPSON CREEK NEAR GLENDALE,37.29581524,-112.3526997,UT,025,15010003,15010003,15,19.20,ST,Yes,Southwest,False,True
09403690,"JOHNSON WASH ABOVE FLOOD CANYON NEAR KANAB, UT",37.1272063,-112.390755,UT,025,15010003,15010003,15,237.,ST,Yes,Southwest,False,True
09404450,"EAST FORK VIRGIN RIVER NEAR GLENDALE, UT",37.3394272,-112.6043769,UT,025,15010008,15010008,15,74.2,ST,Yes,Southwest,False,True
09404700,"EAST FK VIRGIN RIVER NR MOUNT CARMEL JUNCTION, UT",37.20831725,-112.6885434,UT,025,15010008,15010008,15,163,ST,Yes,Southwest,False,True
09404900,"EAST FORK VIRGIN RIVER NEAR SPRINGDALE, UT",37.16414955,-112.9585499,UT,053,15010008,15010008,15,343,ST,Yes,Southwest,False,True
09405200,"DEEP CREEK NEAR CEDAR CITY, UT",37.52164478,-112.8843876,UT,025,15010008,15010008,15,6.72,ST,Yes,Southwest,False,True
09405250,"EAST FORK DEEP CREEK NR CEDAR CITY, UT",37.5097004,-112.8835542,UT,025,15010008,15010008,15,7.82,ST,Yes,Southwest,False,True
09405300,"CRYSTAL CREEK NEAR CEDAR CITY, UTAH",37.52219969,-113.0243916,UT,021,15010008,15010008,15,10.20,ST,Yes,Southwest,False,True
09405400,"NF VIRGIN RIVER NEAR GLENDALE, UTAH",37.47275734,-112.7785503,UT,025,15010008,15010008,15,5.65,ST,Yes,Southwest,False,True
09405420,N FK VIRGIN R BLW BULLOCH CANYON NR GLENDALE,37.41831366,-112.8004945,UT,025,15010008,15010008,15,29.60,ST,Yes,Southwest,False,True
09405450,N FK VIRGIN R ABV ZION NARROWS NR GLENDALE,37.39053617,-112.8257725,UT,025,15010008,15010008,15,41.50,ST,Yes,Southwest,False,True
09405490,"NORTH FORK VIRGIN R. AB BIG BEND NR SPRINGDALE, UT",37.27859285,-112.9446625,UT,053,15010008,15010008,15,,ST,Yes,Southwest,False,True
09405499,"SPRINGDALE CANAL NR. SPRINGDALE, UT",37.21164904,-112.9766067,UT,053,15010008,15010008,15,,ST,Yes,Southwest,False,True
09405500,"NORTH FORK VIRGIN RIVER NEAR SPRINGDALE, UT",37.2097046,-112.9785512,UT,053,15010008,15010008,15,344,ST,Yes,Southwest,False,True
09405501,"NORTH FORK VIRGIN RIVER NR SPRINGDALE, UT",37.2097046,-112.9785512,UT,053,15010008,15010008,15,344.00,ST,Yes,Southwest,False,True
09405900,"NORTH CREEK NEAR VIRGIN, UT",37.23720465,-113.151056,UT,053,15010008,15010008,15,96.60,ST,Yes,Southwest,False,True
09406000,"VIRGIN RIVER AT VIRGIN, UT",37.2041494,-113.1807789,UT,053,15010008,15010008,15,956,ST,Yes,Southwest,False,True
09406100,"VIRGIN RIVER AB LA VERKIN CREEK NR LA VERKIN, UT",37.1969272,-113.285226,UT,053,15010008,15010008,15,980,ST,Yes,Southwest,False,True
09406150,"LA VERKIN CREEK NEAR LA VERKIN, UTAH",37.20470494,-113.2849483,UT,053,15010008,15010008,15,91.30,ST,Yes,Southwest,False,True
09406300,"KANARRA CREEK AT KANARRAVILLE, UTAH",37.53803416,-113.1685608,UT,021,15010008,15010008,15,9.85,ST,Yes,Southwest,False,True
09406500,"ASH CREEK NEAR NEW HARMONY, UT",37.41248085,-113.2368937,UT,053,15010008,15010008,15,132.00,ST,Yes,Southwest,False,True
09406640,"LEAP CREEK BELOW MAPLE HOLLOW, NEAR PINTURA, UT",37.38331434,-113.2941168,UT,053,15010008,15010008,15,9.19,ST,Yes,Southwest,False,True
09406700,"SOUTH ASH CREEK BELOW MILL CREEK NEAR PINTURA, UT",37.36386986,-113.3343953,UT,053,15010008,15010008,15,11.00,ST,Yes,Southwest,False,True
09406800,"SOUTH ASH CREEK NEAR PINTURA, UT",37.33053718,-113.2813381,UT,053,15010008,15010008,15,14.00,ST,Yes,Southwest,False,True
09406900,"WET SANDY CREEK NEAR PINTURA, UT",37.3241479,-113.3571732,UT,053,15010008,15010008,15,5.02,ST,Yes,Southwest,False,True
09407000,"ASH CREEK ABOVE TOQUERVILLE, UTAH",37.26664895,-113.2793929,UT,053,15010008,15010008,15,201.00,ST,Yes,Southwest,False,True
09407150,"WEST FIELD DITCH AT TOQUERVILLE, UT",37.2608157,-113.2757816,UT,053,15010008,15010008,15,,ST,Yes,Southwest,False,True
09407200,"ASH CR BLW WEST FIELD DITCH AT TOQUERVILLE, UT",37.2658156,-113.2813374,UT,053,15010008,15010008,15,201.00,ST,Yes,Southwest,False,True
09407201,"ASH CR BELOW DIVERSION DAM, AT TOQUERVILLE, UT",37.2605379,-113.2757816,UT,053,15010008,15010008,15,,ST,Yes,Southwest,False,True
09407600,"ASH CREEK NEAR TOQUERVILLE, UT",37.23248254,-113.284115,UT,053,15010008,15010008,15,213.00,ST,Yes,Southwest,False,True
09407800,"ASH CREEK NEAR LA VERKIN, UT",37.20553826,-113.2868928,UT,053,15010008,15010008,15,215.00,ST,Yes,Southwest,False,True
09407810,"VIRGIN RIVER BELOW ASH CREEK NR LAVERKIN, UT",37.20192714,-113.2916151,UT,053,15010008,15010008,15,1290.,ST,Yes,Southwest,False,True
09408000,"LEEDS CREEK NEAR LEEDS, UT",37.26748174,-113.3707839,UT,053,15010008,15010008,15,15.50,ST,Yes,Southwest,False,True
09408135,"VIRGIN RIVER AB QUAIL CREEK NEAR HURRICANE, UT",37.19248238,-113.3532832,UT,053,15010008,15010008,15,1314,ST,Yes,Southwest,False,True
09408150,"VIRGIN RIVER NEAR HURRICANE, UT",37.16276007,-113.3952285,UT,053,15010008,15010008,15,1493,ST,Yes,Southwest,False,True
09408175,"ST. GEORGE-WASHINGTON CANAL NR WASHINGTON, UT",37.11498228,-113.440785,UT,053,15010008,15010008,15,,ST,Yes,Southwest,False,True
09408195,"FORT PEARCE WASH NEAR ST. GEORGE, UT",37.00164939,-113.4688407,UT,053,15010009,15010009,15,1349,ST,Yes,Southwest,False,True
09408200,"FORT PIERCE WASH NR ST. GEORGE, UTAH  (OLD)",37.0597038,-113.5452325,UT,053,15010009,15010009,15,1650.00,ST,Yes,Southwest,False,True
09408400,"SANTA CLARA RIVER NEAR PINE VALLEY, UT",37.38331325,-113.483288,UT,053,15010008,15010008,15,18.7,ST,Yes,Southwest,False,True
09408500,"SANTA CLARA-PINTO DIVERSION NEAR PINTO, UT",37.4677569,-113.4732888,UT,053,16030006,16030006,16,0.01,ST,Yes,Southwest,False,True
09409000,"SANTA CLARA RIVER NEAR CENTRAL, UTAH",37.39997885,-113.6174603,UT,053,15010008,15010008,15,97.00,ST,Yes,Southwest,False,True
09409100,"SANTA CLARA RIVER ABV BAKER RES, NR CENTRAL, UT",37.38470108,-113.6319052,UT,053,15010008,15010008,15,116,ST,Yes,Southwest,False,True
09409500,"MOODY WASH NEAR VEYO, UTAH",37.43331116,-113.742466,UT,053,15010008,15010008,15,33.00,ST,Yes,Southwest,False,True
09409880,"SANTA CLARA RIVER AT GUNLOCK, UT",37.28192276,-113.7674656,UT,053,15010008,15010008,15,271,ST,Yes,Southwest,False,True
09410000,"SANTA CLARA RIVER AB WINSOR DAM NR SANTA CLARA, UT",37.2180339,-113.7771877,UT,053,15010008,15010008,15,338.00,ST,Yes,Southwest,False,True
09410100,"SANTA CLARA RIV BLW WINSOR DAM, NR SANTA CLARA, UT",37.19,-113.7680556,UT,053,15010008,15010008,15,378.00,ST,Yes,Southwest,False,True
09410400,"SANTA CLARA RIVER NEAR SANTA CLARA, UTAH",37.13970168,-113.6927395,UT,053,15010008,15010008,15,410.00,ST,Yes,Southwest,False,True
09413000,"SANTA CLARA RIVER AT ST. GEORGE, UT",37.07525867,-113.5930125,UT,053,15010008,15010008,15,541,ST,Yes,Southwest,False,True
09413200,"VIRGIN RIVER NEAR BLOOMINGTON, UT",37.07,-113.5838889,UT,053,15010010,15010010,15,3853,ST,Yes,Southwest,False,True
09413500,"VIRGIN RIVER NEAR ST. GEORGE, UT",37.0144243,-113.6805163,UT,053,15010010,15010010,15,4123,ST,Yes,Southwest,False,True
09413900,"BEAVER DAM WASH NEAR ENTERPRISE, UT",37.46996127,-114.0466483,UT,053,15010010,15010010,15,58.0,ST,Yes,Southwest,False,True
10010300,GREAT SALT LAKE AT AIC NR SYRACUSE UT,41.0663308,-112.2305025,UT,011,16020310,16020310,16,,ST,Yes,Southwest,False,True
10010400,"EAST FK BEAR RIVER NR EVANSTON, WYOMING",40.8735579,-110.7840603,UT,043,16010101,16010101,16,34.60,ST,Yes,Southwest,False,True
10010500,"HILLIARD-E FK CANAL NR ST LINE NR EVANSTON, WYO.",40.9166139,-110.8215619,UT,043,16010101,16010101,16,,ST,Yes,Southwest,False,True
10011200,"WEST FORK BEAR RIVER AT WHITNEY DAM, NR OAKLEY, UT",40.84161435,-110.927119,UT,043,16010101,16010101,16,6.79,ST,Yes,Southwest,False,True
10011400,"WEST FK BEAR RIVER BL DEER CR NR EVANSTON, WYO",40.94439204,-110.8618412,UT,043,16010101,16010101,16,52.20,ST,Yes,Southwest,False,True
10011500,BEAR RIVER NEAR UTAH-WYOMING STATE LINE,40.9652079,-110.853539,UT,043,16010101,16010101,16,172,ST,Yes,Southwest,False,True
10012000,MILL CREEK AT UTAH-WYOMING STATE LINE,40.99161437,-110.8423969,UT,043,16010101,16010101,16,59.00,ST,Yes,Southwest,False,True
10017000,"YELLOW CREEK NEAR EVANSTON, WYOMING",41.14411319,-111.0535167,UT,043,16010101,16010101,16,79.20,ST,Yes,Southwest,False,True
10020500,"BEAR RIVER NEAR WOODRUFF, UTAH",41.52353387,-111.0479958,UT,033,16010101,16010101,16,846,ST,Yes,Southwest,False,True
10020900,"WOODRUFF CREEK BELOW RESERVOIR NR WOODRUFF, UTAH",41.46799729,-111.3157543,UT,033,16010101,16010101,16,50.00,ST,Yes,Southwest,False,True
10021000,"WOODRUFF CREEK NEAR WOODRUFF, UTAH",41.4818866,-111.2668638,UT,033,16010101,16010101,16,56.80,ST,Yes,Southwest,False,True
10023000,"BIG CREEK NEAR RANDOLPH, UT",41.60994177,-111.2540876,UT,033,16010101,16010101,16,52.4,ST,Yes,Southwest,False,True
10026500,"BEAR RIVER NEAR RANDOLPH, UT",41.79813889,-111.0706111,UT,033,16010101,16010101,16,1616,ST,Yes,Southwest,False,True
10095900,EAST BR CUB R CANAL N LEWISTON UT,41.9957594,-111.867449,UT,005,16010202,16010202,16,,ST,Yes,Southwest,False,True
10099000,"HIGH CREEK NEAR RICHMOND, UTAH",41.9777054,-111.7452222,UT,005,16010202,16010202,16,16.20,ST,Yes,Southwest,False,True
10102200,CUB R NR RICHMOND UTAH,41.92630207,-111.8535808,UT,005,16010202,16010202,16,200.00,ST,Yes,Southwest,False,True
10102220,"CUB RIVER NEAR MOUTH NEAR RICHMOND, UT",41.90695,-111.8751194,UT,005,16010202,16010202,16,,ST,Yes,Southwest,False,True
10102250,"BEAR RIVER NEAR SMITHFIELD, UT",41.84000833,-111.88158611,UT,005,160102020703,160102020703,16,5193.0,ST,Yes,Southwest,False,True
10102300,"SUMMIT CREEK ABV DIVERSIONS NR SMITHFIELD, UTAH",41.86937369,-111.75911,UT,005,16010202,16010202,16,11.60,ST,Yes,Southwest,False,True
10103010,"LOGAN,HYDE PK,& SMITHFIELD CNL.NR. SMITHFIELD,UT",41.84326239,-111.8138335,UT,005,16010202,16010202,16,101,ST,Yes,Southwest,False,True
10104600,"SOUTH FORK LITTLE BEAR RIVER NEAR AVON, UTAH",41.500214,-111.8166074,UT,005,16010203,16010203,16,26.00,ST,Yes,Southwest,False,True
10104700,LITTLE BEAR R BL DAVENPORT C NR AVON UT,41.51243597,-111.8118852,UT,005,16010203,16010203,16,61.60,ST,Yes,Southwest,False,True
10104900,EAST FK LT BEAR RIV AB RESV NR AVON UTAH,41.51826988,-111.7143821,UT,005,16010203,16010203,16,56.70,ST,Yes,Southwest,False,True
10105000,EAST FORK LITTLE BEAR R NR AVON UTAH,41.5166028,-111.7507725,UT,005,16010203,16010203,16,63.80,ST,Yes,Southwest,False,True
10105900,"LITTLE BEAR RIVER AT PARADISE, UT",41.5754898,-111.8552203,UT,005,16010203,16010203,16,182,ST,Yes,Southwest,False,True
10106000,"LITTLE BEAR RIVER NEAR PARADISE, UTAH",41.5902117,-111.8535537,UT,005,16010203,16010203,16,198.00,ST,Yes,Southwest,False,True
10107400,"WELLSVILLE-MENDON LOWER CANAL AT WELLSVILLE, UT",41.64854287,-111.9424456,UT,005,16010203,16010203,16,,ST,Yes,Southwest,False,True
10107500,"LITTLE BEAR RIVER NEAR HYRUM, UTAH",41.63326597,-111.8841105,UT,005,16010203,16010203,16,218.00,ST,Yes,Southwest,False,True
10107600,LITTLE BEAR RIV AT WELLSVILLE UTAH,41.64743195,-111.9235562,UT,005,16010203,16010203,16,245.00,ST,Yes,Southwest,False,True
10108000,UTAH POWER AND LIGHT TAILRACE NR LOGAN UTAH,41.74437546,-111.7841089,UT,005,16010203,16010203,16,,ST,Yes,Southwest,False,True
10108400,"CACHE HIGHLINE CANAL NEAR LOGAN, UTAH",41.743375,-111.762061,UT,005,16010203,16010203,16,0.01,ST,Yes,Southwest,False,True
10108500,LOGAN HYD P AN SM CA N LOGAN UTAH,41.7457643,-111.7854979,UT,005,16010203,16010203,16,,ST,Yes,Southwest,False,True
10109000,"LOGAN RIVER ABOVE STATE DAM, NEAR LOGAN, UT",41.74355,-111.7839806,UT,005,16010203,16010203,16,214,ST,Yes,Southwest,False,True
10109001,COM F LOGAN R AB ST D AND CACHE HL CAN NR LOGAN UT,41.74437546,-111.7843867,UT,005,16010203,16010203,16,214.00,ST,Yes,Southwest,False,True
10111700,BLACKSMITH F B MILL C N HYRUM UT,41.5943815,-111.5674327,UT,005,16010203,16010203,16,78.00,ST,Yes,Southwest,False,True
10112000,BLACKSMITH F A H RAN N HYRUM UTAH,41.61660266,-111.6174349,UT,005,16010203,16010203,16,130.00,ST,Yes,Southwest,False,True
10113500,"BLACKSMITH FORK AB UP and L CO.'S DAM NR HYRUM, UT",41.62400556,-111.7361639,UT,005,16010203,16010203,16,263,ST,Yes,Southwest,False,True
10115200,"LOGAN RIVER BLW BLACKSMITH FORK NR LOGAN, UTAH",41.72076375,-111.8863337,UT,005,16010203,16010203,16,528.8,ST,Yes,Southwest,False,True
10117000,"HAMMOND (EAST SIDE) CANAL NEAR COLLINSTON, UT",41.830746,-112.0574747,UT,003,16010204,16010204,16,0.01,ST,Yes,Southwest,False,True
10117500,"WEST SIDE CANAL NEAR COLLINSTON, UT",41.8318571,-112.0608081,UT,003,16010204,16010204,16,0.01,ST,Yes,Southwest,False,True
10117510,WEST CANAL ABV SALT CREEK DIV NR TREMONTON UT,41.71409458,-112.2274541,UT,003,16010204,16010204,16,,ST,Yes,Southwest,False,True
10117530,"WEST CANAL BLW SALT CREEK DIV NR TREMONTON, UT",41.71298348,-112.228843,UT,003,16010204,16010204,16,,ST,Yes,Southwest,False,True
10118000,"BEAR RIVER NEAR COLLINSTON, UT",41.8340793,-112.0552524,UT,003,16010204,16010204,16,6271,ST,Yes,Southwest,False,True
10125600,"MALAD RIVER NEAR PLYMOUTH, UTAH",41.83853729,-112.1477326,UT,003,16010204,16010204,16,623.00,ST,Yes,Southwest,False,True
10125700,"BEAR RIVER DUCK CLUB CAN NR BEAR RIVER CITY, UT",41.6563187,-112.160229,UT,003,16010204,16010204,16,,ST,Yes,Southwest,False,True
10125800,"MALAD R BL BRN DUCK CL CAN NR BEAR RIVER CITY, UT",41.65354099,-112.1627291,UT,003,16010204,16010204,16,698.00,ST,Yes,Southwest,False,True
10125850,"SALT CREEK NEAR HONEYVILLE, UT",41.6235,-112.08525,UT,003,16010204,16010204,16,,ST,Yes,Southwest,False,True
10125900,"MALAD RIVER NEAR BEAR RIVER CITY, UT",41.59367778,-112.1293444,UT,003,16010204,16010204,16,709.0,ST,Yes,Southwest,False,True
10126000,"BEAR RIVER NEAR CORINNE, UT",41.5763213,-112.100782,UT,003,16010204,16010204,16,7029,ST,Yes,Southwest,False,True
10126050,"BEAR RIVER BELOW O-LINE CANAL NR BRIGHAM CITY, UT",41.4701722,-112.2203833,UT,003,16010204,16010204,16,,ST,Yes,Southwest,False,True
10126100,"BEAR RIVER AT BIRD REFUGE NR BRIGHAM CITY, UT",41.48028889,-112.26386111,UT,003,160102040505,160102040505,16,,ST,Yes,Southwest,False,True
10126180,"SULPHUR CREEK NR. CORINNE, UT",41.5735425,-112.2193957,UT,003,16010204,16010204,16,15.40,ST,Yes,Southwest,False,True
10126400,BOX ELDER CR AT MANTUA UTAH,41.4827141,-111.9477217,UT,003,16010204,16010204,16,14.00,ST,Yes,Southwest,False,True
10127050,SALT CREEK BLW SALT SPRING NR TREMONTON UTAH,41.71131687,-112.227454,UT,003,16010204,16010204,16,0.01,ST,Yes,Southwest,False,True
10127100,"BLACK SLOUGH NEAR BRIGHAM CITY, UTAH",41.50993447,-112.0768917,UT,003,16010204,16010204,16,31.10,ST,Yes,Southwest,False,True
10127107,HWY 83 CULVERTS,41.53326726,-112.0674473,UT,003,16010204,16010204,16,,ST,Yes,Southwest,False,True
10127108,SULPHUR CREEK AND BLACK SLOUGH,41.5332666,-112.1341154,UT,003,16010204,16010204,16,,ST,Yes,Southwest,False,True
10127109,CULVERTS AND SULPHUR CR AND BLACK SLOUGH,41.53326709,-112.0841144,UT,003,16010204,16010204,16,,ST,Yes,Southwest,False,True
10127110,"B R BASIN OUTFLOW AC ST HWY 83 NR CORINNE, UT",41.54548887,-112.0960592,UT,003,16010204,16010204,16,0.01,ST,Yes,Southwest,False,True
10127150,"AV WATKIN OUTLET NEAR WILLARD, UT",41.42125,-112.06381389,UT,003,160201020702,160201020702,16,,ST,Yes,Southwest,False,True
10127200,BEAR R AT GR SL MIN CO BR NR PLAIN CITY UT,41.2710494,-112.3546714,UT,003,16020310,16020310,16,8580.00,ST,Yes,Southwest,False,True
10127500,"WEBER R AB SMITH & MOREHOUSE CR NR OAKLEY, UT",40.7999486,-111.1007365,UT,043,16020101,16020101,16,,ST,Yes,Southwest,False,True
10128000,"SMITH AND MOREHOUSE CREEK NEAR OAKLEY, UTAH",40.78578206,-111.1124036,UT,043,16020101,16020101,16,33.80,ST,Yes,Southwest,False,True
10128200,"SOUTH FORK WEBER RIVER NEAR OAKLEY, UTAH",40.74856066,-111.2196311,UT,043,16020101,16020101,16,16.00,ST,Yes,Southwest,False,True
10128500,"WEBER RIVER NEAR OAKLEY, UT",40.7371721,-111.2479652,UT,043,16020101,16020101,16,162,ST,Yes,Southwest,False,True
10129000,"WEBER-PROVO DIVERSION CANAL AT OAKLEY, UTAH",40.7082836,-111.2757424,UT,043,16020101,16020101,16,,ST,Yes,Southwest,False,True
10129300,"WEBER RIVER NEAR PEOA, UTAH",40.75105998,-111.3704716,UT,043,16020101,16020101,16,296.00,ST,Yes,Southwest,False,True
10129350,"CRANDALL CREEK NEAR PEOA, UTAH",40.7749487,-111.364916,UT,043,16020101,16020101,16,11.80,ST,Yes,Southwest,False,True
10129500,"WEBER RIVER NEAR WANSHIP, UT",40.79272607,-111.404918,UT,043,16020101,16020101,16,335,ST,Yes,Southwest,False,True
10129900,"SILVER CREEK NEAR SILVER CREEK JUNCTION, UT",40.73522634,-111.4760313,UT,043,16020101,16020101,16,17.4,ST,Yes,Southwest,False,True
10130000,"SILVER CREEK NEAR WANSHIP, UT",40.75689256,-111.4715873,UT,043,16020101,16020101,16,27.50,ST,Yes,Southwest,False,True
10130500,"WEBER RIVER NEAR COALVILLE, UT",40.89522527,-111.4018633,UT,043,16020101,16020101,16,435,ST,Yes,Southwest,False,True
10130700,"EAST FORK CHALK CREEK NEAR COALVILLE, UTAH",40.9577258,-111.1146284,UT,043,16020101,16020101,16,35.00,ST,Yes,Southwest,False,True
10131000,"CHALK CREEK AT COALVILLE, UT",40.92050285,-111.4015858,UT,043,16020101,16020101,16,250,ST,Yes,Southwest,False,True
10132000,"WEBER RIVER AT ECHO, UT",40.9677245,-111.437699,UT,043,16020101,16020101,16,727,ST,Yes,Southwest,False,True
10132500,"LOST CREEK NEAR CROYDON, UTAH",41.18068056,-111.4004583,UT,029,16020101,16020101,16,123,ST,Yes,Southwest,False,True
10132900,"LOST CREEK AT CROYDON, UTAH",41.07050056,-111.5210366,UT,029,16020101,16020101,16,220.00,ST,Yes,Southwest,False,True
10133000,"LOST CREEK AT DEVILS SLIDE, UTAH",41.06063889,-111.5345556,UT,029,16020101,16020101,16,228.00,ST,Yes,Southwest,False,True
10133500,"WEBER RIVER AT DEVILS SLIDE, UTAH",41.06105605,-111.5743724,UT,029,16020102,16020102,16,1192.00,ST,Yes,Southwest,False,True
10133540,"KIMBALL CRK ABV EAST CANYON CRK NR PARK CITY, UT",40.7252264,-111.5143659,UT,043,16020102,16020102,16,13,ST,Yes,Southwest,False,True
10133550,"WEBER RIVER AT MORGAN, UTAH",41.0403611,-111.6654889,UT,029,16020102,16020102,16,,ST,Yes,Southwest,False,True
10133600,"MCLEOD CREEK NEAR PARK CITY, UT",40.68803889,-111.5337194,UT,043,16020101,16020101,16,8.78,ST,Yes,Southwest,False,True
10133601,"RIGHT CHANNEL MCLEOD CREEK NEAR PARK CITY, UTAH",40.68744954,-111.533532,UT,043,16020102,16020102,16,8.78,ST,Yes,Southwest,False,True
10133602,"LEFT CHANNEL MCLEOD CREEK NEAR PARK CITY, UTAH",40.68744954,-111.533532,UT,043,16020102,16020102,16,8.78,ST,Yes,Southwest,False,True
10133650,"E CANYON CR BL I-80 REST STOP NR PARK CITY, UT",40.7238375,-111.5196438,UT,043,16020102,16020102,16,42.1,ST,Yes,Southwest,False,True
10133700,"THREEMILE CREEK NEAR PARK CITY, UTAH",40.7257816,-111.5632569,UT,043,16020102,16020102,16,2.68,ST,Yes,Southwest,False,True
10133800,"EAST CANYON CREEK NEAR JEREMY RANCH, UT",40.75966979,-111.5640912,UT,043,16020102,16020102,16,57.2,ST,Yes,Southwest,False,True
10133895,"EAST CYN CR AB BIG BEAR HOLLOW, NR PARK CITY, UT",40.78911387,-111.5974262,UT,043,16020102,16020102,16,75.0,ST,Yes,Southwest,False,True
10133900,"EAST CANYON CREEK NEAR PARK CITY, UTAH",40.7899472,-111.5971484,UT,043,16020102,16020102,16,68.90,ST,Yes,Southwest,False,True
10133980,"EAST CANYON CREEK AB EAST CYN RES NR MORGAN, UTAH",40.8695861,-111.5866222,UT,029,16020102,16020102,16,110,ST,Yes,Southwest,False,True
10134500,"EAST CANYON CREEK NEAR MORGAN, UT",40.92244629,-111.6071504,UT,029,16020102,16020102,16,144,ST,Yes,Southwest,False,True
10135000,"HARDSCRABBLE CREEK NEAR PORTERVILLE, UTAH",40.9535567,-111.7166,UT,029,16020102,16020102,16,28.00,ST,Yes,Southwest,False,True
10135500,"EAST CANYON CREEK BL DIVERSIONS NR MORGAN, UTAH",41.03605597,-111.6924331,UT,029,16020102,16020102,16,,ST,Yes,Southwest,False,True
10136000,"WEBER RIVER NEAR MORGAN, UTAH",41.06383314,-111.728546,UT,029,16020102,16020102,16,1500.00,ST,Yes,Southwest,False,True
10136500,"WEBER RIVER AT GATEWAY, UT",41.1368878,-111.8324384,UT,029,16020102,16020102,16,1627,ST,Yes,Southwest,False,True
10136600,"WEBER RIVER AT I-84 AT UINTAH, UT",41.1370833,-111.9195556,UT,011,16020102,16020102,16,1630,ST,Yes,Southwest,False,True
10137000,"WEBER RIVER AT OGDEN, UTAH",41.2270833,-111.9872917,UT,057,16020102,16020102,16,1670.00,ST,Yes,Southwest,False,True
10137300,"SOUTH FK OGDEN R BL CAUSEY RES NR HUNTSVILLE, UTAH",41.29615278,-111.5914167,UT,057,16020102,16020102,16,92.30,ST,Yes,Southwest,False,True
10137500,"SOUTH FORK OGDEN RIVER NEAR HUNTSVILLE, UT",41.26855226,-111.6741004,UT,057,16020102,16020102,16,137,ST,Yes,Southwest,False,True
10137600,"SOUTH FORK OGDEN RIVER AT HUNTSVILLE, UTAH",41.24716356,-111.763271,UT,057,16020102,16020102,16,170.00,ST,Yes,Southwest,False,True
10137680,"NORTH FORK OGDEN RIVER NEAR EDEN, UTAH",41.38966149,-111.914942,UT,057,16020102,16020102,16,6.03,ST,Yes,Southwest,False,True
10137700,"NORTH FORK OGDEN RIVER NEAR HUNTSVILLE, UTAH",41.2943856,-111.8285503,UT,057,16020102,16020102,16,61.40,ST,Yes,Southwest,False,True
10137780,"MIDDLE FK OGDEN RIVER AB DIV NR HUNTSVILLE, UTAH",41.2996625,-111.7352148,UT,057,16020102,16020102,16,31.30,ST,Yes,Southwest,False,True
10137800,"MIDDLE FORK OGDEN RIVER AT HUNTSVILLE, UTAH",41.2874407,-111.7771604,UT,057,16020102,16020102,16,32.90,ST,Yes,Southwest,False,True
10137900,"SPRING CREEK AT HUNTSVILLE, UTAH",41.2652188,-111.766049,UT,057,16020102,16020102,16,7.20,ST,Yes,Southwest,False,True
10138000,"MIDDLE FORK OGDEN RIVER NEAR HUNTSVILLE, UTAH",41.26660816,-111.8007718,UT,057,16020102,16020102,16,,ST,Yes,Southwest,False,True
10139300,"WHEELER CREEK NEAR HUNTSVILLE, UTAH",41.25383128,-111.8429947,UT,057,16020102,16020102,16,11.10,ST,Yes,Southwest,False,True
10139500,"OGDEN RIVER NEAR OGDEN, UTAH",41.25466466,-111.8471614,UT,057,16020102,16020102,16,321.00,ST,Yes,Southwest,False,True
10140000,"OGDEN RIVER BELOW PINEVIEW DAM NEAR OGDEN, UTAH",41.25410909,-111.845217,UT,057,16020102,16020102,16,323.00,ST,Yes,Southwest,False,True
10140100,"OGDEN RIVER BL PINEVIEW RES NR HUNTSVILLE, UT",41.254387,-111.8557727,UT,057,16020102,16020102,16,323,ST,Yes,Southwest,False,True
10140700,"OGDEN RIVER NR GIBSON AVENUE AT OGDEN, UT",41.23181944,-111.9844972,UT,057,16020102,16020102,16,333,ST,Yes,Southwest,False,True
10141000,"WEBER RIVER NEAR PLAIN CITY, UT",41.2782765,-112.0918866,UT,057,16020102,16020102,16,2081,ST,Yes,Southwest,False,True
10141040,"HOOPER SLOUGH NEAR HOOPER, UTAH",41.19049905,-112.1527204,UT,057,16020102,16020102,16,13.00,ST,Yes,Southwest,False,True
10141050,"SOUTH FORK WEBER CANAL NEAR HOOPER, UTAH",41.1857767,-112.1610539,UT,057,16020102,16020102,16,,ST,Yes,Southwest,False,True
10141100,"SOUTH FORK WEBER RIVER NEAR HOOPER, UTAH",41.1786,-112.1763889,UT,057,16020102,16020102,16,,ST,Yes,Southwest,False,True
10141150,"MIDDLE FORK WEBER RIVER NEAR HOOPER, UTAH",41.21327695,-112.1607755,UT,057,16020102,16020102,16,,ST,Yes,Southwest,False,True
10141200,"NORTH FORK WEBER RIVER NEAR HOOPER, UTAH",41.22135556,-112.18134722,UT,057,160201020604,160201020604,16,,ST,Yes,Southwest,False,True
10141400,"HOWARD SLOUGH AT HOOPER, UTAH",41.1402211,-112.1221657,UT,011,16020102,16020102,16,20.60,ST,Yes,Southwest,False,True
10141410,"HOWARD SLOUGH AT HOWARD SLOUGH WMA, NR HOOPER, UT",41.12946111,-112.14521944,UT,011,160201020506,160201020506,16,,ST,Yes,Southwest,False,True
10141450,"KAYS CREEK NEAR LAYTON, UTAH",41.0408861,-111.9966694,UT,011,16020102,16020102,16,,ST,Yes,Southwest,False,True
10141500,"HOLMES CREEK NEAR KAYSVILLE, UTAH",41.0549439,-111.8952175,UT,011,16020102,16020102,16,2.49,ST,Yes,Southwest,False,True
10142000,"FARMINGTON CR ABV DIV NR FARMINGTON, UTAH",41.00133317,-111.8732724,UT,011,16020102,16020102,16,10.00,ST,Yes,Southwest,False,True
10142500,"RICKS C AB DIVERSIONS, NR CENTERVILLE, UTAH",40.94022257,-111.867438,UT,011,16020102,16020102,16,2.35,ST,Yes,Southwest,False,True
10143000,"PARRISH C AB DIVERSIONS NR CENTERVILLE, UTAH",40.92355605,-111.8646599,UT,011,16020102,16020102,16,2.08,ST,Yes,Southwest,False,True
10143500,"CENTERVILLE CREEK ABV DIV NR CENTERVILLE, UT",40.91633389,-111.8629931,UT,011,16020102,16020102,16,3.15,ST,Yes,Southwest,False,True
10144000,"STONE CREEK ABOVE DIVERSION NEAR BOUNTIFUL, UT",40.8943897,-111.8452145,UT,011,16020102,16020102,16,4.48,ST,Yes,Southwest,False,True
10145000,"MILL C AT MUELLER PARK, NR BOUNTIFUL, UTAH",40.8638344,-111.8368805,UT,011,16020102,16020102,16,8.79,ST,Yes,Southwest,False,True
10145400,"SALT CRK BL NEPHI POWERPLANT DIV NR NEPHI, UT",39.7171797,-111.7335396,UT,023,16020201,16020201,16,81.0,ST,Yes,Southwest,False,True
10145500,"SALT CREEK NEAR NEPHI, UTAH",39.7110679,-111.7785415,UT,023,16020201,16020201,16,95.00,ST,Yes,Southwest,False,True
10146000,"SALT CREEK AT NEPHI, UT",39.71301186,-111.8043759,UT,023,16020201,16020201,16,95.6,ST,Yes,Southwest,False,True
10146400,"CURRANT CREEK NEAR MONA, UT",39.80259167,-111.8668806,UT,023,16020201,16020201,16,225,ST,Yes,Southwest,False,True
10146500,"CURRANT CREEK NR GOSHEN, UT",39.8846759,-111.8854925,UT,023,16020201,16020201,16,303.00,ST,Yes,Southwest,False,True
10147000,"SUMMIT CREEK NEAR SANTAQUIN, UTAH",39.92217758,-111.7535423,UT,049,16020201,16020201,16,14.60,ST,Yes,Southwest,False,True
10147100,SUMMIT CREEK ABV SUMMIT CR CANAL NR SANTAQUIN UT,39.9444722,-111.7748889,UT,049,16020201,16020201,16,18.,ST,Yes,Southwest,False,True
10147500,"PAYSON CREEK ABV DIVERSIONS, NEAR PAYSON, UTAH",39.9693997,-111.6938157,UT,049,16020202,16020202,16,18.80,ST,Yes,Southwest,False,True
10148200,"TIE FORK NEAR SOLDIER SUMMIT, UT",39.94995766,-111.2168391,UT,049,16020202,16020202,16,19.40,ST,Yes,Southwest,False,True
10148400,"NEBO CREEK NEAR THISTLE, UTAH",39.87162417,-111.5701964,UT,049,16020202,16020202,16,36.70,ST,Yes,Southwest,False,True
10148500,"SPANISH FORK AT THISTLE, UTAH",39.9994002,-111.4993557,UT,049,16020202,16020202,16,450.00,ST,Yes,Southwest,False,True
10148510,"SPANISH FORK BLW HALLS FALLS NR SPANISH FORK, UTAH",39.98273379,-111.5157462,UT,049,16020202,16020202,16,452.00,ST,Yes,Southwest,False,True
10149000,"SIXTH WATER CRK AB SYAR TUN NR SPRINGVILLE, UT",40.11801206,-111.3146215,UT,049,16020202,16020202,16,15.0,ST,Yes,Southwest,False,True
10149400,"DIAMOND FORK ABV RED HOLLOW NR THISTLE, UT",40.07627778,-111.3826389,UT,049,16020202,16020202,16,97.0,ST,Yes,Southwest,False,True
10149500,"DIAMOND FORK BELOW RED HOLLOW, NEAR THISTLE, UT",40.0785676,-111.4096276,UT,049,16020202,16020202,16,107.00,ST,Yes,Southwest,False,True
10150000,"DIAMOND FORK NEAR THISTLE, UTAH",40.0638453,-111.4424075,UT,049,16020202,16020202,16,141.00,ST,Yes,Southwest,False,True
10150500,"SPANISH FORK AT CASTILLA, UT",40.0496781,-111.5479705,UT,049,16020202,16020202,16,652,ST,Yes,Southwest,False,True
10152000,"SPANISH FORK NEAR LAKE SHORE, UTAH",40.15023176,-111.7260394,UT,049,16020202,16020202,16,675.00,ST,Yes,Southwest,False,True
10152001,"SPANISH FORK AT MOUTH NEAR LAKE SHORE, UTAH",40.1582872,-111.7310397,UT,049,16020202,16020202,16,675.00,ST,Yes,Southwest,False,True
10152500,HOBBLE CR NR SPRINGVILLE UTAH,40.15801248,-111.5274129,UT,049,16020202,16020202,16,105.00,ST,Yes,Southwest,False,True
10152700,"MAPLE CREEK NEAR MAPLETON, UTAH",40.1335681,-111.5071337,UT,049,16020202,16020202,16,3.13,ST,Yes,Southwest,False,True
10153000,"MAPLE CREEK NR SPRINGVILLE, UT",40.13051204,-111.5438032,UT,049,16020202,16020202,16,10.80,ST,Yes,Southwest,False,True
10153100,"HOBBLE CREEK AT 1650 WEST AT SPRINGVILLE, UTAH",40.1788719,-111.639338,UT,049,16020202,16020202,16,115,ST,Yes,Southwest,False,True
10153500,"PROVO RIVER NEAR KAMAS, UTAH",40.5832785,-111.0090576,UT,051,16020203,16020203,16,29.60,ST,Yes,Southwest,False,True
10153800,"NORTH FORK PROVO RIVER NEAR KAMAS, UT",40.59661455,-111.0973947,UT,043,16020203,16020203,16,24.40,ST,Yes,Southwest,False,True
10154000,"SHINGLE CREEK NEAR KAMAS, UTAH",40.61244847,-111.1165628,UT,043,16020203,16020203,16,8.40,ST,Yes,Southwest,False,True
10154200,"PROVO RIVER NEAR WOODLAND, UT",40.5577278,-111.1687838,UT,043,16020203,16020203,16,162,ST,Yes,Southwest,False,True
10154500,"WEBER-PROVO DIVERSION CANAL NEAR WOODLAND, UT",40.6138408,-111.3049046,UT,043,16020203,16020203,16,,ST,Yes,Southwest,False,True
10155000,"PROVO RIVER NEAR HAILSTONE, UT",40.6051111,-111.3145278,UT,051,16020203,16020203,16,230,ST,Yes,Southwest,False,True
10155100,"PROVO RIVER BELOW JORDANELLE DAM, NEAR HEBER, UT",40.5949525,-111.4287999,UT,051,16020203,16020203,16,252,ST,Yes,Southwest,False,True
10155200,"PROVO RIV AT RIV ROAD BRIDGE NR HEBER CITY, UT",40.55439805,-111.4332426,UT,051,16020203,16020203,16,270,ST,Yes,Southwest,False,True
10155300,"PROVO RIVER NEAR MIDWAY, UT",40.5068994,-111.4496303,UT,051,16020203,16020203,16,268,ST,Yes,Southwest,False,True
10155400,"SPRING CREEK NEAR HEBER CITY, UT",40.50856597,-111.4393519,UT,051,16020203,16020203,16,60.8,ST,Yes,Southwest,False,True
10155500,"PROVO RIVER NEAR CHARLESTON, UT",40.4841221,-111.4635198,UT,051,16020203,16020203,16,359,ST,Yes,Southwest,False,True
10156000,"SNAKE CREEK NEAR CHARLESTON, UT",40.4852332,-111.4671312,UT,051,16020203,16020203,16,31.8,ST,Yes,Southwest,False,True
10157000,"DANIELS CREEK ABV DIVERSIONS NEAR HEBER CITY, UT",40.43162179,-111.3526787,UT,051,16020203,16020203,16,37.2,ST,Yes,Southwest,False,True
10157500,"DANIELS CREEK AT CHARLESTON, UT",40.46078909,-111.472687,UT,051,16020203,16020203,16,50.1,ST,Yes,Southwest,False,True
10158500,"ROUND VALLEY CREEK NEAR WALLSBURG, UTAH",40.40828967,-111.4757427,UT,051,16020203,16020203,16,71.90,ST,Yes,Southwest,False,True
10159500,"PROVO RIVER BELOW DEER CREEK DAM, UT",40.40328927,-111.5296355,UT,051,16020203,16020203,16,547.00,ST,Yes,Southwest,False,True
10160000,"DEER CREEK NEAR WILDWOOD, UTAH",40.4041225,-111.5326913,UT,051,16020203,16020203,16,26.00,ST,Yes,Southwest,False,True
10160500,"PROVO RIVER NR WILDWOOD, UT",40.3996782,-111.5296355,UT,051,16020203,16020203,16,574.00,ST,Yes,Southwest,False,True
10160800,NO FK PROVO RIV AT WILDWOOD UTAH,40.370511,-111.5671382,UT,049,16020203,16020203,16,12.30,ST,Yes,Southwest,False,True
10161000,"PROVO RIVER AT VIVIAN PARK, UTAH",40.36106676,-111.563249,UT,049,16020203,16020203,16,598.00,ST,Yes,Southwest,False,True
10161500,"SOUTH FORK PROVO R AT VIVIAN PARK, UTAH",40.35273337,-111.5701939,UT,049,16020203,16020203,16,33.40,ST,Yes,Southwest,False,True
10162850,"ROCK CREEK OVERFLOW EAST OF HIWAY 189 NR PROVO, UT",40.26967697,-111.6529776,UT,049,16020203,16020203,16,,ST,Yes,Southwest,False,True
10163000,"PROVO RIVER AT PROVO, UT",40.23925556,-111.7111944,UT,049,16020203,16020203,16,673,ST,Yes,Southwest,False,True
10164500,"AMERICAN FK AB UPPER POWERPLANT NR AMERICAN FK, UT",40.4477297,-111.6821472,UT,049,16020201,16020201,16,51.1,ST,Yes,Southwest,False,True
10165500,"DRY CREEK NEAR ALPINE, UTAH",40.4763388,-111.7577082,UT,049,16020201,16020201,16,9.82,ST,Yes,Southwest,False,True
10165600,"DRY CREEK AT 300 N, AT ALPINE, UT",40.4571722,-111.7683722,UT,049,16020201,16020201,16,,ST,Yes,Southwest,False,True
10166000,"FORT CREEK AT ALPINE, UTAH",40.46522776,-111.779931,UT,049,16020201,16020201,16,6.55,ST,Yes,Southwest,False,True
10166430,"WEST CANYON CREEK NEAR CEDAR FORT, UT",40.4052063,-112.1005142,UT,049,16020201,16020201,16,26.8,ST,Yes,Southwest,False,True
10166605,"JORDAN RIVER AT LEHI BRIDGE NEAR LEHI, UTAH",40.3871724,-111.9052123,UT,049,16020201,16020201,16,,ST,Yes,Southwest,False,True
10167000,"JORDAN RIVER AT NARROWS NEAR LEHI, UTAH",40.4438384,-111.9221572,UT,035,16020204,16020204,16,3010.00,ST,Yes,Southwest,False,True
10167001,"JORDAN RIVER STATION NO 1. @ NARROWS, UT.",40.4438384,-111.9221572,UT,035,16020204,16020204,16,,ST,Yes,Southwest,False,True
10167100,EAST JORDAN CANAL @ JORDON NARROWS NR BLUFFDALE,40.4446717,-111.9241017,UT,035,16020204,16020204,16,,ST,Yes,Southwest,False,True
10167101,"COM FLOW-EAST JORDAN CANAL, UTAH & S L CANAL",40.44439396,-111.9221572,UT,035,16020204,16020204,16,,ST,Yes,Southwest,False,True
10167105,E JORDAN CNL @ LITTLE COTTNWD CR NR SANDY (US),40.62161446,-111.8571563,UT,035,16020204,16020204,16,,ST,Yes,Southwest,False,True
10167106,E JORDAN CNL @ LITTLE COTTNWD CR NR SANDY (DS),40.62217,-111.8560452,UT,035,16020204,16020204,16,,ST,Yes,Southwest,False,True
10167118,"E JORDAN CNL @ MIDDLE FK TANNER DITCH, NR MURRAY",40.6405032,-111.8316001,UT,035,16020204,16020204,16,,ST,Yes,Southwest,False,True
10167122,UPPER CANAL @ 5800 SOUTH (TOLCATE LN) NR MURRAY,40.6460588,-111.8077106,UT,035,16020204,16020204,16,,ST,Yes,Southwest,False,True
10167125,UPPER CANAL @ WILD ROSE LN NR SALT LAKE CITY,40.69133596,-111.8329894,UT,035,16020204,16020204,16,,ST,Yes,Southwest,False,True
10167127,"UPPER CANAL @ MILL CREEK (2000 EAST) NR SLC, UT",40.69439148,-111.833545,UT,035,16020204,16020204,16,,ST,Yes,Southwest,False,True
10167130,E JRDN CNL @ MIDDLE FK OF TANNER DITCH NR MURRAY,40.57467067,-111.8318775,UT,035,16020204,16020204,16,,ST,Yes,Southwest,False,True
10167141,JORDAN & S L CNL @ LTTL COTTNWD CR NR MURRAY (US),40.6318921,-111.8621565,UT,035,16020204,16020204,16,,ST,Yes,Southwest,False,True
10167142,JORDAN & S L CNL @ LTTL COTTNWD CR NR MURRAY (DS),40.63216988,-111.8613232,UT,035,16020204,16020204,16,,ST,Yes,Southwest,False,True
10167145,JORDAN & S L CNL @ BIG COTTONWD CR NR MURRAY (US),40.6568919,-111.8302113,UT,035,16020204,16020204,16,,ST,Yes,Southwest,False,True
10167146,JORDAN & S L CNL @ BIG COTTONWD CR NR MURRAY (DS),40.6582808,-111.827989,UT,035,16020204,16020204,16,,ST,Yes,Southwest,False,True
10167147,JORDAN & SALT LAKE CNL @ MILL CREEK NR SLC   (US),40.69300254,-111.8499344,UT,035,16020204,16020204,16,,ST,Yes,Southwest,False,True
10167148,JORDAN & SALT LAKE CNL @ MILL CREEK NR SLC   (DS),40.69355809,-111.8499344,UT,035,16020204,16020204,16,,ST,Yes,Southwest,False,True
10167149,JORDAN & S L CNL @ ZENITH AVE NR S L CITY,40.70772456,-111.8585459,UT,035,16020204,16020204,16,,ST,Yes,Southwest,False,True
10167160,UTAH & SL CNL @ JORDAN NARROWS NR BLUFFDALE,40.4446716,-111.9407689,UT,035,16020204,16020204,16,,ST,Yes,Southwest,False,True
10167170,"BUTTERFIELD CREEK NEAR LARK, UTAH",40.50777778,-112.1075,UT,035,16020204,16020204,16,8,ST,Yes,Southwest,False,True
10167180,"DIXIE VALLEY-BMP-NEAR WEST JORDAN, UTAH",40.63272498,-111.97716,UT,035,16020204,16020204,16,,ST,Yes,Southwest,False,True
10167200,JORDAN RIVER AT 9400 SOUTH NR SOUTH JORDAN UT,40.58050359,-111.91938,UT,035,16020204,16020204,16,3130.00,ST,Yes,Southwest,False,True
10167220,BELLS CANYON CONDUIT 1000 E. 110000 S.,40.55383749,-111.8552114,UT,035,16020204,16020204,16,,ST,Yes,Southwest,False,True
10167230,JORDAN RIVER @ 90TH S NR MIDVALE,40.58744798,-111.9127133,UT,035,16020204,16020204,16,3160.00,ST,Yes,Southwest,False,True
10167240,90TH SOUTH CONDUIT @ JORDAN RIVER NR MIDVALE,40.58772575,-111.9124355,UT,035,16020204,16020204,16,,ST,Yes,Southwest,False,True
10167242,"I-215 MEDIAN DRAIN AT JORDAN RIVER NR MURRAY, UT",40.6360585,-111.9202139,UT,035,16020204,16020204,16,,ST,Yes,Southwest,False,True
10167244,"OVERLAND FLOW OUTFALL-BMP-NR MIDVALE, UTAH",40.5880035,-111.9124355,UT,035,16020204,16020204,16,,ST,Yes,Southwest,False,True
10167300,"JORDAN RIVER @ 5800 SOUTH NR SALT LAKE CITY, UT",40.64522505,-111.9224362,UT,035,16020204,16020204,16,3254.00,ST,Yes,Southwest,False,True
10167450,"LTL COTTONWOOD CR @TANNER FLT CPGD NR ALTA, UT",40.56994975,-111.7007608,UT,035,16020204,16020204,16,15.3,ST,Yes,Southwest,False,True
10167499,"LITTLE COTTONWOOD CREEK (CHANNEL) NEAR SLC, UT",40.5777263,-111.7979877,UT,035,16020204,16020204,16,27.40,ST,Yes,Southwest,False,True
10167500,"LITTLE COTTONWOOD CREEK NR SALT LAKE CITY, UT",40.5777263,-111.7979877,UT,035,16020204,16020204,16,27.40,ST,Yes,Southwest,False,True
10167700,"LITTLE COTTONWOOD CREEK @ 2050 EAST NR SLC, UT",40.6080036,-111.8315999,UT,035,16020204,16020204,16,35.20,ST,Yes,Southwest,False,True
10167800,LITTLE COTTONWOOD CREEK @ CRESTWOOD PARK @ SLC,40.61439238,-111.8429892,UT,035,16020204,16020204,16,37.,ST,Yes,Southwest,False,True
10168000,LITTLE COTTONWOOD CREEK @ JORDAN RIVER NR SLC,40.66430556,-111.898861,UT,035,16020204,16020204,16,46.0,ST,Yes,Southwest,False,True
10168150,"BIG COTTONWOOD CR @ SILVER FORK NR BRIGHTON, UT",40.62939459,-111.6060339,UT,035,16020204,16020204,16,8.16,ST,Yes,Southwest,False,True
10168200,"BIG COTTONWOOD CR @ ARGENTA NR BRIGHTON, UT",40.64189336,-111.6785382,UT,035,16020204,16020204,16,28.8,ST,Yes,Southwest,False,True
10168300,"TAILRACE AT STAIRS PLANT NEAR SALT LAKE CITY, UT",40.62381707,-111.752173,UT,035,16020204,16020204,16,49.2,ST,Yes,Southwest,False,True
10168499,"BIG COTTONWOOD CREEK NR SALT LAKE CITY, UT",40.6185592,-111.782154,UT,035,16020204,16020204,16,50.00,ST,Yes,Southwest,False,True
10168500,BIG COTTONWOOD CR NR SALT LAKE CITY UTAH,40.6185592,-111.7818763,UT,035,16020204,16020204,16,50.00,ST,Yes,Southwest,False,True
10168800,"BIG COTTONWOOD CREEK @ 5550 SOUTH NR SLC, UT",40.6560586,-111.8241,UT,035,16020204,16020204,16,57.30,ST,Yes,Southwest,False,True
10168832,"NEFFS CREEK ABOVE WASATCH BLVD NR SLC, UT",40.6813362,-111.7965994,UT,035,16020204,16020204,16,,ST,Yes,Southwest,False,True
10168840,HOLLADAY DRN @ 4800 S @ BIG COTTONWD CR NR MURRAY,40.6652251,-111.8402117,UT,035,16020204,16020204,16,,ST,Yes,Southwest,False,True
10169000,BIG COTTONWOOD CREEK BELOW CREEKSIDE PARK,40.6652251,-111.8402117,UT,035,16020204,16020204,16,66.00,ST,Yes,Southwest,False,True
10169500,"BIG COTTONWOOD CR @ JORDAN RIVER NR S L CITY, UT",40.68078027,-111.9038248,UT,035,16020204,16020204,16,78.0,ST,Yes,Southwest,False,True
10169800,"MILL CREEK ABOVE ELBOW FORK NR SALT LAKE CITY, UT",40.70633659,-111.6902065,UT,035,16020204,16020204,16,7.70,ST,Yes,Southwest,False,True
10169999,"MILL CREEK (CHANNEL) NEAR SALT LAKE CITY, UT",40.68883617,-111.78271,UT,035,16020204,16020204,16,21.70,ST,Yes,Southwest,False,True
10170000,"MILL CREEK NEAR SALT LAKE CITY, UTAH",40.68883617,-111.78271,UT,035,16020204,16020204,16,21.70,ST,Yes,Southwest,False,True
10170250,"MILL CREEK @ JORDAN RIVER NR SALT LAKE CITY, UT",40.70855767,-111.9199366,UT,035,16020204,16020204,16,32.0,ST,Yes,Southwest,False,True
10170490,"COM FLW JORDAN RIVER & SURPLUS CANAL @ SLC, UT",40.72689076,-111.9266037,UT,035,16020204,16020204,16,3438.00,ST,Yes,Southwest,False,True
10170500,"SURPLUS CANAL @ SALT LAKE CITY, UT",40.72755556,-111.927361,UT,035,16020204,16020204,16,,ST,Yes,Southwest,False,True
10170700,"NORTH POINT CONSOLIDATED CANAL @ S L CITY, UT",40.7727234,-111.9791058,UT,035,16020204,16020204,16,,ST,Yes,Southwest,False,True
10170750,"SURPLUS CANAL @ NORTH TEMPLE @ SALT LAKE CITY, UT",40.77161238,-111.9674388,UT,035,16020204,16020204,16,,ST,Yes,Southwest,False,True
10170900,"2100 SOUTH CONDUIT @ JORDAN RIVER @ S L CITY, UT",40.72716854,-111.9257703,UT,035,16020204,16020204,16,,ST,Yes,Southwest,False,True
10171000,"JORDAN RIVER @ 1700 SOUTH @ SALT LAKE CITY, UT",40.73355737,-111.9232703,UT,035,16020204,16020204,16,3438.00,ST,Yes,Southwest,False,True
10171305,"PARLEYS CR ABV ALEXANDER CR NR SALT LAKE CITY, UT",40.7485581,-111.6879848,UT,035,16020204,16020204,16,14.9,ST,Yes,Southwest,False,True
10171500,"PARLEYS CREEK NEAR SALT LAKE CITY, UTAH",40.7166136,-111.7840992,UT,035,16020204,16020204,16,50.10,ST,Yes,Southwest,False,True
10171600,"PARLEYS CR @ SUICIDE ROCK NR SALT LAKE CITY, UT",40.7096692,-111.7974329,UT,035,16020204,16020204,16,50.70,ST,Yes,Southwest,False,True
10171900,"EMIGRATION CR BLW BURR FORK NR SALT LAKE CITY, UT",40.78716886,-111.7129863,UT,035,16020204,16020204,16,5.90,ST,Yes,Southwest,False,True
10172000,"EMIGRATION CREEK NEAR SALT LAKE CITY, UTAH",40.74994645,-111.813267,UT,035,16020204,16020204,16,18.40,ST,Yes,Southwest,False,True
10172200,"RED BUTTE CREEK AT FORT DOUGLAS, NEAR SLC, UT",40.77994627,-111.806045,UT,035,16020204,16020204,16,7.25,ST,Yes,Southwest,False,True
10172220,"RED BUTTE CR BLW RESERVOIR NR SALT LAKE CITY, UT",40.7743907,-111.816323,UT,035,16020204,16020204,16,,ST,Yes,Southwest,False,True
10172300,"RED BUTTE CR @ 1600 EAST @ SALT LAKE CITY, UT",40.74661305,-111.8446568,UT,035,16020204,16020204,16,,ST,Yes,Southwest,False,True
10172350,1300 SOUTH CONDUITS @ JORDAN RIVER COMBINED FLOWS,40.74161285,-111.9177146,UT,035,16020204,16020204,16,,ST,Yes,Southwest,False,True
10172351,"SO CONDUIT OF 1300 SO CONDUIT @ JORDAN R, SLC, UT",40.74161285,-111.9177146,UT,035,16020204,16020204,16,,ST,Yes,Southwest,False,True
10172352,"NO CONDUIT OF 1300 SO CONDUIT AT JORDAN R, SLC, UT",40.74161285,-111.9177146,UT,035,16020204,16020204,16,,ST,Yes,Southwest,False,True
10172370,EIGHTH SOUTH CONDUIT @ JORDAN RIVER @ S L CITY,40.7516127,-111.9210481,UT,035,16020204,16020204,16,,ST,Yes,Southwest,False,True
10172371,SO CONDUIT OF 8TH SO CONDUITS @ JORDAN RIV @ SLC,40.75439048,-111.922437,UT,035,16020204,16020204,16,,ST,Yes,Southwest,False,True
10172372,MID CONDUIT OF 8TH SO CONDUITS @ JORDAN RIV @ SLC,40.75439048,-111.922437,UT,035,16020204,16020204,16,,ST,Yes,Southwest,False,True
10172373,"NO CONDUIT OF 8TH SO CONDUITS @ JORDAN RIV, @ SLC",40.75439048,-111.922437,UT,035,16020204,16020204,16,,ST,Yes,Southwest,False,True
10172400,"CITY CREEK ABV WASATCH DRIVE NR SALT LAKE CITY, UT",40.79244589,-111.8771585,UT,035,16020204,16020204,16,17.00,ST,Yes,Southwest,False,True
10172499,"CITY CREEK (CHANNEL) NEAR SALT LAKE CITY, UT",40.78466815,-111.8832696,UT,035,16020204,16020204,16,19.20,ST,Yes,Southwest,False,True
10172500,"CITY CREEK NEAR SALT LAKE CITY, UTAH",40.79244589,-111.8771585,UT,035,16020204,16020204,16,19.20,ST,Yes,Southwest,False,True
10172550,"JORDAN RIVER @ 5TH NORTH @ SALT LAKE CITY, UT",40.7802235,-111.938549,UT,035,16020204,16020204,16,3562.00,ST,Yes,Southwest,False,True
10172552,"NINTH WEST CONDUIT AT 536 NORTH, AT SLC",40.7813347,-111.9168818,UT,035,16020204,16020204,16,,ST,Yes,Southwest,False,True
10172600,"JORDAN RIVER @ CUDAHY LANE NR SALT LAKE CITY, UT",40.84734444,-111.9540278,UT,035,16020204,16020204,16,3490,ST,Yes,Southwest,False,True
10172623,"SALT L CITY SEWAGE DR AT REDWOOD RD AT SLC, UTAH",40.8255009,-111.9366052,UT,011,16020204,16020204,16,,ST,Yes,Southwest,False,True
10172625,"SALT LAKE CITY SEWAGE CANAL NR FARMINGTON, UTAH",40.89413889,-112.0055278,UT,035,16020204,16020204,16,,ST,Yes,Southwest,False,True
10172630,GOGGIN DRAIN NEAR MAGNA UTAH,40.81661107,-112.1007767,UT,035,16020204,16020204,16,,ST,Yes,Southwest,False,True
10172640,"LEE CREEK NEAR MAGNA, UT",40.78085278,-112.1385944,UT,035,16020204,16020204,16,,ST,Yes,Southwest,False,True
10172650,"KENNECOTT DRAIN NEAR MAGNA, UT",40.76022228,-112.1713337,UT,035,16020204,16020204,16,,ST,Yes,Southwest,False,True
10172700,"VERNON CREEK NEAR VERNON, UT",39.97939105,-112.3802297,UT,045,16020304,16020304,16,25.0,ST,Yes,Southwest,False,True
10172726,"FAUST CREEK BELOW TOOELE CITY WELL NEAR VERNON, UT",40.1474452,-112.4449532,UT,045,16020304,16020304,16,,ST,Yes,Southwest,False,True
10172727,"FAUST CREEK NEAR VERNON, UT",40.16050085,-112.4310639,UT,045,16020304,16020304,16,145,ST,Yes,Southwest,False,True
10172750,"OPHIR CREEK AT OPHIR, UTAH",40.37605695,-112.2418893,UT,045,16020304,16020304,16,13.30,ST,Yes,Southwest,False,True
10172765,"CLOVER CREEK ABOVE BIG HOLLOW, NEAR CLOVER, UT",40.33494346,-112.5282894,UT,045,16020304,16020304,16,6.71,ST,Yes,Southwest,False,True
10172791,"SETTLEMENT CREEK ABOVE RESERVOIR NEAR TOOELE, UT",40.50549997,-112.2905017,UT,045,16020304,16020304,16,16.80,ST,Yes,Southwest,False,True
10172794,"MIDDLE CANYON CREEK NEAR TOOELE, UTAH",40.53327775,-112.2788348,UT,045,16020304,16020304,16,12.10,ST,Yes,Southwest,False,True
10172795,"BOX ELDER WASH NEAR GRANTSVILLE, UT",40.4949426,-112.5319006,UT,045,16020304,16020304,16,9.84,ST,Yes,Southwest,False,True
10172800,"SOUTH WILLOW CREEK NEAR GRANTSVILLE, UT",40.496313,-112.5744182,UT,045,16020304,16020304,16,4.19,ST,Yes,Southwest,False,True
10172805,"NORTH WILLOW CREEK NR GRANTSVILLE, UTAH",40.5327197,-112.5727364,UT,045,16020304,16020304,16,5.38,ST,Yes,Southwest,False,True
10172870,"TROUT CREEK NEAR CALLAO, UT",39.74410784,-113.8899945,UT,023,16020306,16020306,16,8.19,ST,Yes,Southwest,False,True
10172875,"GRANITE CREEK NEAR CALLAO, UT",39.77771867,-113.8616608,UT,023,16020306,16020306,16,8.65,ST,Yes,Southwest,False,True
10172893,DEEP CR NR GOSHUTE UTAH,39.8832725,-113.998056,UT,023,16020306,16020306,16,43.00,ST,Yes,Southwest,False,True
10172920,"COTTON CREEK NEAR GROUSE CREEK, UTAH",41.7849188,-113.8422325,UT,003,16020308,16020308,16,16.30,ST,Yes,Southwest,False,True
10172921,"PINE CREEK NEAR GROUSE CREEK, UTAH",41.73714176,-113.8236207,UT,003,16020308,16020308,16,18.00,ST,Yes,Southwest,False,True
10172940,"DOVE CREEK NEAR PARK VALLEY, UTAH",41.79241955,-113.565559,UT,003,16020308,16020308,16,33.20,ST,Yes,Southwest,False,True
10172950,"FISHER CREEK NEAR PARK VALLEY, UTAH",41.85991915,-113.3605536,UT,003,16020308,16020308,16,4.20,ST,Yes,Southwest,False,True
10172952,"DUNN CREEK NEAR PARK VALLEY, UT",41.85851438,-113.3272356,UT,003,16020308,16020308,16,8.72,ST,Yes,Southwest,False,True
10172955,"INDIAN CREEK NR PARK VALLEY, UTAH",41.82825338,-113.2030484,UT,003,16020309,16020309,16,15.20,ST,Yes,Southwest,False,True
10172963,"W LOCOMOTIVE SPR AT LOCO. SPR NR SNOWVILLE, UTAH",41.72214509,-112.9360946,UT,003,16020309,16020309,16,,ST,Yes,Southwest,False,True
10172964,"BAKER SPR AT LOCOMOTIVE SPR NR SNOWVILLE, UTAH",41.7149229,-112.9430392,UT,003,16020309,16020309,16,,ST,Yes,Southwest,False,True
10172965,"BAR M SPR AT LOCOMOTIVE SPR NR SNOWVILLE, UTAH",41.70603428,-112.926372,UT,003,16020309,16020309,16,,ST,Yes,Southwest,False,True
10172967,"OFF SPR AT LOCOMOTIVE SPR NR SNOWVILLE, UTAH",41.7032566,-112.9119271,UT,003,16020309,16020309,16,,ST,Yes,Southwest,False,True
10172968,"SPARKS SPR AT LOCOMOTIVE SPR NR SNOWVILLE, UTAH",41.6971457,-112.8930376,UT,003,16020309,16020309,16,,ST,Yes,Southwest,False,True
10173450,"MAMMOTH CREEK ABV WEST HATCH DITCH, NEAR HATCH, UT",37.6227572,-112.5168773,UT,017,16030001,16030001,16,105,ST,Yes,Southwest,False,True
10173600,MIDWAY CR NR HATCH UTAH,37.5194238,-112.7271605,UT,025,16030001,16030001,16,25.70,ST,Yes,Southwest,False,True
10173900,"DUCK CREEK NR HATCH, UT",37.5166463,-112.7007709,UT,025,16030001,16030001,16,,ST,Yes,Southwest,False,True
10174000,"ASAY CR. ABV WEST FORK NR HATCH, UT",37.5499807,-112.5174323,UT,017,16030001,16030001,16,,ST,Yes,Southwest,False,True
10174500,"SEVIER RIVER AT HATCH, UT",37.65109086,-112.4302069,UT,017,16030001,16030001,16,340,ST,Yes,Southwest,False,True
10176300,"PANGUITCH CREEK NEAR PANGUITCH, UTAH",37.7716435,-112.5374345,UT,017,16030001,16030001,16,97.00,ST,Yes,Southwest,False,True
10180000,"SEVIER RIVER NEAR CIRCLEVILLE, UT",38.1041436,-112.3363172,UT,017,16030001,16030001,16,986.00,ST,Yes,Southwest,False,True
10183500,"SEVIER RIVER NEAR KINGSTON, UT",38.20609038,-112.2077024,UT,031,16030001,16030001,16,1131,ST,Yes,Southwest,False,True
10183900,"EAST FORK SEVIER RIVER NEAR RUBYS INN, UT",37.57581584,-112.2657537,UT,017,16030002,16030002,16,71.6,ST,Yes,Southwest,False,True
10184000,"TROPIC AND EF CANAL NEAR TROPIC, UTAH",37.66859389,-112.1426943,UT,017,16030002,16030002,16,,ST,Yes,Southwest,False,True
10184450,"E FK SEVIER RIVER NEAR ANTIMONY, UTAH",38.0499842,-111.9785277,UT,017,16030002,16030002,16,570.00,ST,Yes,Southwest,False,True
10185000,"ANTIMONY CREEK NEAR ANTIMONY, UTAH",38.1013533,-111.8827047,UT,017,16030002,16030002,16,84.1,ST,Yes,Southwest,False,True
10187300,"OTTER CREEK NEAR KOOSHAREM, UT",38.6110855,-111.8118583,UT,041,16030002,16030002,16,23.50,ST,Yes,Southwest,False,True
10187500,"OTTER C AB. RES. NR. ANTIMONY, UTAH",38.24970589,-111.9660288,UT,031,16030002,16030002,16,322.00,ST,Yes,Southwest,False,True
10189000,"EAST FORK SEVIER RIVER NEAR KINGSTON, UT",38.19636955,-112.1477005,UT,031,16030002,16030002,16,1207,ST,Yes,Southwest,False,True
10189001,COMBINED FLOW SEVIER R AND E FK SEVIER R,38.3233117,-112.1918684,UT,031,16030001,16030001,16,,ST,Yes,Southwest,False,True
10190500,"SEVIER RIVER NEAR JUNCTION, UTAH",38.23331298,-112.1840908,UT,031,16030001,16030001,16,2390.00,ST,Yes,Southwest,False,True
10191500,"SEVIER RIVER BELOW PIUTE DAM, NEAR MARYSVALE, UT",38.32803395,-112.1877015,UT,031,16030003,16030003,16,2441,ST,Yes,Southwest,False,True
10194000,"SEVIER RIVER ABOVE CLEAR CREEK, NEAR SEVIER, UT",38.5721952,-112.2582608,UT,041,16030003,16030003,16,2707.00,ST,Yes,Southwest,False,True
10194200,"CLEAR CREEK ABOVE DIVERSIONS, NEAR SEVIER, UT",38.5794169,-112.2885399,UT,041,16030003,16030003,16,164,ST,Yes,Southwest,False,True
10195000,"CLEAR CREEK AT SEVIER, UTAH",38.58191719,-112.2590944,UT,041,16030003,16030003,16,169.00,ST,Yes,Southwest,False,True
10195500,"SEVIER RIVER AT SEVIER, UTAH",38.58052838,-112.2549275,UT,041,16030003,16030003,16,2850.00,ST,Yes,Southwest,False,True
10204200,"MILL CREEK NEAR GLENWOOD, UTAH",38.7502458,-111.9771462,UT,041,16030003,16030003,16,18.90,ST,Yes,Southwest,False,True
10205000,"SEVIER RIVER NEAR SIGURD, UT",38.873298,-111.9540931,UT,041,16030003,16030003,16,3375.00,ST,Yes,Southwest,False,True
10205030,"SALINA CREEK NEAR EMERY, UT",38.9119141,-111.5304654,UT,041,16030003,16030003,16,51.8,ST,Yes,Southwest,False,True
10205100,"SHEEP CREEK NEAR SALINA, UT",38.77802597,-111.680747,UT,041,16030003,16030003,16,0.30,ST,Yes,Southwest,False,True
10205200,"WEST FORK SHEEP CREEK NEAR SALINA, UTAH",38.7894144,-111.6890809,UT,041,16030003,16030003,16,0.43,ST,Yes,Southwest,False,True
10205300,"SHEEP CREEK AT MOUTH NEAR SALINA, UTAH",38.79996975,-111.6835254,UT,041,16030003,16030003,16,1.47,ST,Yes,Southwest,False,True
10206000,"SALINA CREEK AT SALINA, UT",38.95662956,-111.8668697,UT,041,16030003,16030003,16,292.00,ST,Yes,Southwest,False,True
10206001,"SEVIER RIVER BELOW SALINA CREEK NEAR SALINA, UT",38.96551807,-111.8815927,UT,041,16030003,16030003,16,,ST,Yes,Southwest,False,True
10208000,"SEVIER RIVER NEAR GUNNISON, UTAH",39.14996096,-111.8757605,UT,039,16030003,16030003,16,3990.00,ST,Yes,Southwest,False,True
10208500,"OAK CREEK NR. FAIRVIEW, UTAH",39.67385065,-111.4090753,UT,039,16030004,16030004,16,11.80,ST,Yes,Southwest,False,True
10210000,"PLEASANT CREEK NEAR MOUNT PLEASANT, UTAH",39.5430191,-111.3840722,UT,039,16030004,16030004,16,16.40,ST,Yes,Southwest,False,True
10210500,"SAN PITCH RIVER NEAR MT PLEASANT, UTAH",39.5463512,-111.5185253,UT,039,16030004,16030004,16,,ST,Yes,Southwest,False,True
10211000,"TWIN CREEK NEAR MOUNT PLEASANT, UTAH",39.49163054,-111.4076844,UT,039,16030004,16030004,16,5.90,ST,Yes,Southwest,False,True
10215500,"BIG HOLLOW AT FOUNTAIN GREEN, UTAH",39.62634886,-111.625754,UT,039,16030004,16030004,16,21.20,ST,Yes,Southwest,False,True
10215700,"OAK CREEK NEAR SPRING CITY, UT",39.44774139,-111.4254632,UT,039,16030004,16030004,16,8.35,ST,Yes,Southwest,False,True
10215900,"MANTI CREEK BLW DUGWAY CREEK, NR MANTI, UT",39.25912877,-111.579916,UT,039,16030004,16030004,16,26.4,ST,Yes,Southwest,False,True
10216210,"SAN PITCH RIVER NEAR STERLING, UTAH",39.20551736,-111.7110319,UT,039,16030004,16030004,16,672.00,ST,Yes,Southwest,False,True
10216400,"TWELVEMILE CREEK NEAR MAYFIELD, UTAH",39.10051924,-111.6463063,UT,039,16030004,16030004,16,59.40,ST,Yes,Southwest,False,True
10217000,"SEVIER RIV BLW SAN PITCH RIV NR GUNNISON, UT",39.1552387,-111.877705,UT,039,16030003,16030003,16,4921,ST,Yes,Southwest,False,True
10219000,"SEVIER RIVER NEAR JUAB, UT",39.37468029,-112.0396557,UT,023,16030005,16030005,16,5165,ST,Yes,Southwest,False,True
10219200,"CHICKEN CREEK NEAR LEVAN, UT",39.5521802,-111.8299276,UT,023,16030005,16030005,16,27.90,ST,Yes,Southwest,False,True
10220000,"SEVIER RIVER NR MILLS, UTAH",39.56662014,-112.134106,UT,023,16030005,16030005,16,5800.00,ST,Yes,Southwest,False,True
10223500,"SEVIER RIVER AT LEMMINGTON, UT",39.5499519,-112.2841108,UT,027,16030005,16030005,16,5860.00,ST,Yes,Southwest,False,True
10224000,"SEVIER RIVER NEAR LYNNDYL, UT",39.48189754,-112.3938338,UT,027,16030005,16030005,16,5966,ST,Yes,Southwest,False,True
10224100,"OAK CREEK ABOVE LITTLE CREEK, NEAR OAK CITY, UT",39.356346,-112.2327174,UT,027,16030005,16030005,16,5.58,ST,Yes,Southwest,False,True
10224300,"OAK CR. BELOW BIG SPRING NR OAK CITY, UTAH",39.35301255,-112.286052,UT,027,16030005,16030005,16,17.80,ST,Yes,Southwest,False,True
10228000,"SEVIER RIVER NEAR DELTA, UT",39.40273264,-112.5049462,UT,027,16030005,16030005,16,7380.00,ST,Yes,Southwest,False,True
10231500,SEVIER RIVER AT OASIS UTAH,39.30967845,-112.625782,UT,027,16030005,16030005,16,8080.00,ST,Yes,Southwest,False,True
10232500,CHALK CREEK NEAR FILLMORE UTAH,38.96357479,-112.3082704,UT,027,16030005,16030005,16,58.70,ST,Yes,Southwest,False,True
10233000,MEADOW CREEK NEAR MEADOW UTAH,38.89135407,-112.3274365,UT,027,16030005,16030005,16,11.60,ST,Yes,Southwest,False,True
10233500,"CORN CREEK NEAR KANOSH, UT.",38.77413418,-112.3996593,UT,027,16030005,16030005,16,87.00,ST,Yes,Southwest,False,True
10234000,"THREE CREEKS NEAR BEAVER, UTAH",38.2944174,-112.4285438,UT,001,16030007,16030007,16,19.50,ST,Yes,Southwest,False,True
10234500,"BEAVER RIVER NEAR BEAVER, UT",38.2798,-112.568286,UT,001,16030007,16030007,16,91,ST,Yes,Southwest,False,True
10234800,"BEAVER RIVER AT BEAVER, UTAH",38.26441495,-112.6441074,UT,001,16030007,16030007,16,,ST,Yes,Southwest,False,True
10235000,"SOUTH CREEK NEAR BEAVER, UTAH",38.1902494,-112.5524368,UT,001,16030007,16030007,16,14.70,ST,Yes,Southwest,False,True
10235200,"BIRCH CREEK NEAR BEAVER, UTAH",38.22358219,-112.5832715,UT,001,16030007,16030007,16,,ST,Yes,Southwest,False,True
10236000,"NORTH FORK NORTH CREEK NEAR BEAVER, UTAH",38.3455265,-112.5516043,UT,001,16030007,16030007,16,14.10,ST,Yes,Southwest,False,True
10236500,"SOUTH FORK NORTH CREEK NEAR BEAVER, UTAH",38.3385821,-112.5379926,UT,001,16030007,16030007,16,23.00,ST,Yes,Southwest,False,True
10236800,BEAVER RIVER ABOVE DRY CREEK AT GREENVILLE,38.2508035,-112.7135542,UT,001,16030007,16030007,16,,ST,Yes,Southwest,False,True
10237000,"BEAVER RIVER AT ADAMSVILLE, UT",38.25358104,-112.766334,UT,001,16030007,16030007,16,303.00,ST,Yes,Southwest,False,True
10237500,"INDIAN CREEK NEAR BEAVER, UTAH",38.43135979,-112.5877175,UT,001,16030007,16030007,16,18.50,ST,Yes,Southwest,False,True
10237700,WILDCAT CREEK,38.42302625,-112.6482758,UT,001,16030007,16030007,16,,ST,Yes,Southwest,False,True
10238000,"INDIAN CREEK AT ADAMSVILLE, UTAH",38.25830314,-112.7910573,UT,001,16030007,16030007,16,,ST,Yes,Southwest,False,True
10239000,"BEAVER RIVER AT ROCKY FORD DAM, NR MINERSVILLE, UT",38.21746996,-112.8402256,UT,001,16030007,16030007,16,535.00,ST,Yes,Southwest,False,True
10239500,"MINERSVILLE CANAL AT MINERSVILLE, UTAH",38.21385858,-112.911895,UT,001,16030007,16030007,16,,ST,Yes,Southwest,False,True
10241000,"BEAVER RIVER NEAR MILFORD, UTAH",38.4666318,-113.0174567,UT,001,16030007,16030007,16,1100.00,ST,Yes,Southwest,False,True
10241400,"LITTLE CREEK NEAR PARAGONAH, UTAH",37.90553007,-112.7091075,UT,021,16030006,16030006,16,15.80,ST,Yes,Southwest,False,True
10241430,"RED CREEK NEAR PARAGONAH, UTAH",37.8569198,-112.6757727,UT,021,16030006,16030006,16,6.30,ST,Yes,Southwest,False,True
10241470,"CENTER CREEK ABV PAROWAN CREEK, NEAR PAROWAN, UTAH",37.79303176,-112.8160543,UT,021,16030006,16030006,16,11.60,ST,Yes,Southwest,False,True
10241500,"CENTER CREEK NEAR PAROWAN, UTAH",37.8333088,-112.8174436,UT,021,16030006,16030006,16,60.00,ST,Yes,Southwest,False,True
10241600,"SUMMIT CREEK NEAR SUMMIT, UTAH",37.7869207,-112.9163347,UT,021,16030006,16030006,16,24.00,ST,Yes,Southwest,False,True
10241800,"ASHDOWN CREEK NEAR CEDAR CITY, UTAH",37.63747747,-112.9049444,UT,021,16030006,16030006,16,13.10,ST,Yes,Southwest,False,True
10242000,"COAL CREEK NEAR CEDAR CITY, UT",37.67219924,-113.0346702,UT,021,16030006,16030006,16,80.9,ST,Yes,Southwest,False,True
10242300,"PINTO CREEK NEAR NEWCASTLE, UTAH",37.62553137,-113.515793,UT,021,16030006,16030006,16,59.39,ST,Yes,Southwest,False,True
10242430,"GRASSY CREEK NEAR ENTERPRISE, UTAH",37.5041437,-113.8480274,UT,053,16030006,16030006,16,2.50,ST,Yes,Southwest,False,True
13077700,"GEORGE CREEK NEAR YOST, UTAH",41.9185291,-113.4816691,UT,003,17040210,17040210,17,7.84,ST,Yes,Southwest,True,True
13079000,"CLEAR CREEK NEAR NAF, IDAHO",41.96686237,-113.2866634,UT,003,17040210,17040210,17,20.20,ST,Yes,Southwest,True,True
371044110540000,SAN JUAN RIVER AT MOUTH-EAST BANK,37.1788823,-110.900703,UT,037,14080205,14080205,14,,ST,Yes,Southwest,False,True
371235112584002,NF VIRGIN RIVER NR SPRINGDALE QW,37.2097046,-112.9785512,UT,053,15010008,15010008,15,,ST,Yes,Southwest,False,True
371247113103500,"VIRGIN CANAL 1 MILE NE OF VIRGIN, UT",37.2130382,-113.1771678,UT,053,15010008,15010008,15,,ST,Yes,Southwest,False,True
371414113091100,1972 QW DATA SITE 1,37.23720465,-113.1538339,UT,053,15010008,15010008,15,,ST,Yes,Southwest,False,True
371530113071900,1972 QW DATA SITE 2,37.25831545,-113.1227222,UT,053,15010008,15010008,15,,ST,Yes,Southwest,False,True
383256109354801, (D-26-21)10ccc   Colorado River at King's Bottom,38.5488333,-109.5966667,UT,019,14030005,14030005,14,,ST,Yes,Southwest,False,True
385202111121601,"MUDDY CREEK BL MILLER CANYON NR EMERY, UTAH",38.86719775,-111.2051692,UT,015,14070002,14070002,14,,ST,Yes,Southwest,False,True
385905110092001,"SALERATUS WASH BLW SEWER OUTFALL AT GREEN R, UT",38.9846943,-110.1590257,UT,015,14060008,14060008,14,,ST,Yes,Southwest,False,True
390054111041701,"MOLEN SEEP WASH NEAR FERRON, UT",39.01516667,-111.0715556,UT,015,14060009,14060009,14,,ST,Yes,Southwest,False,True
391928110074001,RANGE CR @ TURTLE CAN @ (D-17-16)27BBA,39.3244114,-110.1284832,UT,015,14060005,14060005,14,,ST,Yes,Southwest,False,True
392217111034799,"HUNTINGTON CREEK NR HUNTINGTON, UTAH, TEMP STA",39.37135608,-111.0637799,UT,015,14060009,14060009,14,190.00,ST,Yes,Southwest,False,True
392220111034500,HUNTINGTON CREEK ABOVE FISH CREEK,39.3721894,-111.0632244,UT,015,14060009,14060009,14,,ST,Yes,Southwest,False,True
392456111063700,QW DATA FOR 1972 AND 1973,39.415522,-111.1110031,UT,015,14060009,14060009,14,,ST,Yes,Southwest,False,True
394607109364900,WILLOW CREEK @ DIV DAM NR SULPHUR SPRINGS,39.7685771,-109.6142983,UT,047,14060006,14060006,14,,ST,Yes,Southwest,False,True
394951109525001,NINE MILE CR @ (D-11-18)27ACA,39.83079786,-109.8812554,UT,047,14060005,14060005,14,,ST,Yes,Southwest,False,True
395345109394600,WILLOW CREEK AB 4 MI AB BLACK BRIDGE,39.8957985,-109.663469,UT,047,14060006,14060006,14,,ST,Yes,Southwest,False,True
395524109392500,WILLOW CREEK AB HILL CREEK,39.9232984,-109.6576359,UT,047,14060006,14060006,14,,ST,Yes,Southwest,False,True
395548111115300,TEST SITE 01 FOR T.P. NO. 55,39.92995809,-111.198783,UT,049,16020202,16020202,16,,ST,Yes,Southwest,False,True
395554111120300,TEST SITE 02 FOR T.P. NO. 55,39.9316247,-111.2015609,UT,049,16020202,16020202,16,,ST,Yes,Southwest,False,True
395601111071500,TEST SITE 03 FOR T.P. NO. 55,39.93356925,-111.1215575,UT,049,16020202,16020202,16,,ST,Yes,Southwest,False,True
395608111120000,TEST SITE 04 FOR T.P. NO. 55,39.9355135,-111.2007275,UT,049,16020202,16020202,16,,ST,Yes,Southwest,False,True
395631109385100,WILLOW CREEK @ BLACK BRIDGE,39.94190948,-109.6481913,UT,047,14060006,14060006,14,,ST,Yes,Southwest,False,True
395655111124800,TEST SITE 05 FOR T.P. NO. 55,39.9485688,-111.2140612,UT,049,16020202,16020202,16,,ST,Yes,Southwest,False,True
395820111201500,TEST SITE 06 FOR T.P. NO. 55,39.97217908,-111.3382349,UT,049,16020202,16020202,16,,ST,Yes,Southwest,False,True
395824111201600,TEST SITE 07 FOR T.P. NO. 55,39.97329017,-111.3385126,UT,049,16020202,16020202,16,,ST,Yes,Southwest,False,True
395829111202100,TEST SITE 08 FOR T.P. NO. 55,39.974679,-111.3399016,UT,049,16020202,16020202,16,,ST,Yes,Southwest,False,True
395911111214900,TEST SITE 09 FOR T.P. NO. 55,39.98634538,-111.3643474,UT,049,16020202,16020202,16,,ST,Yes,Southwest,False,True
395929111295200,TEST SITE 10 FOR T.P. NO. 55,39.9913448,-111.4985225,UT,049,16020202,16020202,16,,ST,Yes,Southwest,False,True
395935111283500,TEST SITE 11 FOR T.P. NO. 55,39.9930115,-111.4771322,UT,049,16020202,16020202,16,,ST,Yes,Southwest,False,True
395938111283300,TEST SITE 12 FOR T.P. NO. 55,39.99384485,-111.4765766,UT,049,16020202,16020202,16,,ST,Yes,Southwest,False,True
395940111295000,TEST SITE 13 FOR T.P. NO. 55,39.9944003,-111.4979669,UT,049,16020202,16020202,16,,ST,Yes,Southwest,False,True
395945111241200,TEST SITE 14 FOR T.P. NO. 55,39.9957895,-111.404072,UT,049,16020202,16020202,16,,ST,Yes,Southwest,False,True
400022110261700,SOWERS CANYON @ WIRE FENCE CANYON,40.0060729,-110.4387649,UT,013,14060003,14060003,14,,ST,Yes,Southwest,False,True
400152109450400,"PARIETTE DRAW NR MOUTH NR OURAY, UT",40.03107536,-109.7518074,UT,047,14060005,14060005,14,,ST,Yes,Southwest,False,True
400227109572300,BIG WASH,40.04079648,-109.9570922,UT,047,14060005,14060005,14,,ST,Yes,Southwest,False,True
400230109465501,PARIETTE DRAW @ (D-9-19) 9DCA,40.0416306,-109.7826418,UT,047,14060005,14060005,14,,ST,Yes,Southwest,False,True
400234109184500,"COYOTE WASH NEAR BONANZA, UT",40.0427433,-109.3131783,UT,047,14050007,14050007,14,,ST,Yes,Southwest,False,True
400322110004400,UNNAMED WASH NR CASTLE PEAK,40.0560737,-110.0129271,UT,013,14060005,14060005,14,,ST,Yes,Southwest,False,True
400352110011200,CASTLE PEAK DRAW NR CASTLE PEAK,40.06440689,-110.020705,UT,013,14060005,14060005,14,,ST,Yes,Southwest,False,True
400409110302300,"INDIAN C 8.4 MI AB MOUTH NR DUCHESNE, UT",40.0691265,-110.5070992,UT,013,14060004,14060004,14,,ST,Yes,Southwest,False,True
400433110155201,SOWERS CAN @ ANTELOPE CAN,40.07579418,-110.2651538,UT,013,14060003,14060003,14,,ST,Yes,Southwest,False,True
400500109523401,PARIETTE DRAW ABOVE CASTLE PEAK DRAW,40.0832962,-109.8768118,UT,047,14060005,14060005,14,,ST,Yes,Southwest,False,True
400502109523500,PARIETTE DRAW BL PLEASANT VALLEY WASH,40.08385177,-109.8770896,UT,047,14060005,14060005,14,,ST,Yes,Southwest,False,True
400509109404500,"DUCHESNE RIVER @ MOUTH, @ OURAY, UTAH",40.0857971,-109.6798608,UT,047,14060003,14060003,14,,ST,Yes,Southwest,False,True
400527110494301,TIMBER CANYON AB MOUTH,40.09078975,-110.8293258,UT,013,14060004,14060004,14,,ST,Yes,Southwest,False,True
400653110484000,TIMBER CANYON @ MOUTH @ STRAWBERRY R,40.11467817,-110.8118257,UT,013,14060004,14060004,14,,ST,Yes,Southwest,False,True
400700110025000,UPPER PLEASANT VALLEY CANAL,40.11662804,-110.0479277,UT,013,14060005,14060005,14,,ST,Yes,Southwest,False,True
400717110443400,AVINTIQUIN CREEK @ MOUTH @ STRAWBERRY RIVER,40.1213451,-110.7434908,UT,013,14060004,14060004,14,,ST,Yes,Southwest,False,True
400738111090000,INDIAN CREEK BL INDIAN CREEK DIV CANAL,40.12717784,-111.150725,UT,051,14060004,14060004,14,,ST,Yes,Southwest,False,True
400758110060700,"LARRY ROSS DR NR WELL 33 NR MYTON, UT",40.1327385,-110.102651,UT,013,14060005,14060005,14,,ST,Yes,Southwest,False,True
400806110133200,"ANTELOPE C AB IRR NR BRIDGELAND, UT",40.13495984,-110.2262646,UT,013,14060003,14060003,14,,ST,Yes,Southwest,False,True
400815111085500,HORSE CREEK BELOW INDIAN CREEK DIVERSION CANAL,40.1374555,-111.149336,UT,051,14060004,14060004,14,,ST,Yes,Southwest,False,True
400823110355400,LAKE CANYON @ MOUTH @ STRAWBERRY RIVER,40.1396793,-110.5990454,UT,013,14060004,14060004,14,,ST,Yes,Southwest,False,True
400828111083900,INDIAN CREEK DIV CA NR MOUTH @ STRAWBERRY RES,40.14106656,-111.1448914,UT,051,14060004,14060004,14,,ST,Yes,Southwest,False,True
400837110123401,ANTELOPE CREEK,40.14357089,-110.2101531,UT,013,14060003,14060003,14,,ST,Yes,Southwest,False,True
400852110025000,PLEASANT VALLEY WASH 3M S MYTON BL COUNTY RD,40.1477386,-110.0479277,UT,013,14060005,14060005,14,,ST,Yes,Southwest,False,True
400852110025701,"PLEASANT VALLEY WASH @ COUNTY RD, NR MYTON, UT",40.1477386,-110.0498722,UT,013,14060005,14060005,14,,ST,Yes,Southwest,False,True
400917110122300,"ANTELOPE CREEK @ US40 NR MOUTH NR BRIDGELAND, UT",40.1546818,-110.2070976,UT,013,14060003,14060003,14,,ST,Yes,Southwest,False,True
400926110241800,"INDIAN CREEK @ MOUTH @ DUCHESNE, UTAH",40.15718039,-110.4057107,UT,013,14060004,14060004,14,,ST,Yes,Southwest,False,True
400939110231600,"STRAWBERRY RIVER @ MOUTH @ DUCHESNE, UTAH",40.1607915,-110.3884884,UT,013,14060004,14060004,14,,ST,Yes,Southwest,False,True
400944110135700,"DUCHESNE RIVER AT HWY 86 @ BRIDGELAND, UTAH",40.16218146,-110.2332092,UT,013,14060003,14060003,14,,ST,Yes,Southwest,False,True
400947110230300,"DUCHESNE R BL STRAWBERRY R @ DUCHESNE, UTAH",40.1630137,-110.3848773,UT,013,14060003,14060003,14,,ST,Yes,Southwest,False,True
401000110170700,GREY MTN CANYON @ DIV FROM DUCHESNE RIVER,40.1666254,-110.2859877,UT,013,14060003,14060003,14,,ST,Yes,Southwest,False,True
401002110171200,DUCHESNE RIVER AB GREY MTN CAN NR BRIDGELAND UT,40.16718097,-110.2873766,UT,013,14060003,14060003,14,,ST,Yes,Southwest,False,True
401006110025600,"DRAIN BL SMALL POND 2 MILES SOUTH OF MYTON, UT",40.1682938,-110.0495943,UT,013,14060003,14060003,14,,ST,Yes,Southwest,False,True
401014110072201,"DRAIN RETURN TO GRAY MTN CANAL NR MYTON, UT",40.1705154,-110.1234848,UT,013,14060003,14060003,14,,ST,Yes,Southwest,False,True
401016110081500,"DRAIN @ US 40, 4.5 MILES WEST OF MYTON, UTAH",40.17107087,-110.1382073,UT,013,14060003,14060003,14,,ST,Yes,Southwest,False,True
401016110181100,"DUCHESNE R AB DUCHESNE FEED CA NR BRIDGELAND, UT",40.17106966,-110.3037656,UT,013,14060003,14060003,14,,ST,Yes,Southwest,False,True
401019110025000,"MYTON TWNST CA BL GREY MTN CA NR MYTON, UT",40.17190486,-110.0479276,UT,013,14060003,14060003,14,,ST,Yes,Southwest,False,True
401025110254400,STRAWBERRY RIVER BL STARVATION RESERVOIR,40.1735687,-110.4295999,UT,013,14060004,14060004,14,,ST,Yes,Southwest,False,True
401028110035801,"DRAIN RETURN TO GRAY MTN CANAL NR MYTON, UTAH",40.17440467,-110.0668169,UT,013,14060003,14060003,14,,ST,Yes,Southwest,False,True
401032110035800,GREY MTN CANAL @ MOUTH @ MYTON TWNST CANAL,40.17551576,-110.0668169,UT,013,14060003,14060003,14,,ST,Yes,Southwest,False,True
401032110035801,"GRAY MTN CANAL AT COUNTY RD, NR MYTON, UT",40.17551576,-110.0668169,UT,013,14060003,14060003,14,,ST,Yes,Southwest,False,True
401032111111800,BRYANTS FK @ BRYANTS FK GS @ STRAWBERRY RES,40.17551115,-111.1890596,UT,051,14060004,14060004,14,,ST,Yes,Southwest,False,True
401033110175500,"DUCHESNE FEED CANAL @ DIV NR BRIDGELAND, UT",40.1757918,-110.2993211,UT,013,14060003,14060003,14,,ST,Yes,Southwest,False,True
401043110095500,"LAKE BOREHAM OUTFLO NR MYTON, UTAH",40.1785705,-110.1651523,UT,013,14060003,14060003,14,,ST,Yes,Southwest,False,True
401045110055600,"DRAIN INTO GREY MTN CA @ HWY 53 NR MYTON, UT",40.17912656,-110.0995954,UT,013,14060003,14060003,14,,ST,Yes,Southwest,False,True
401053110054001,"DRAIN XING GM CANAL IN CORR CULVERT NR MYTON, UT",40.18134878,-110.0951508,UT,013,14060003,14060003,14,,ST,Yes,Southwest,False,True
401053110054201,"GRAY MTN CANAL NR MYTON, UT",40.18134877,-110.0957064,UT,013,14060003,14060003,14,,ST,Yes,Southwest,False,True
401054109404600,PELICAN LAKE OUTFLOW TO LAKE CANAL,40.18162935,-109.6801395,UT,047,14060001,14060001,14,,ST,Yes,Southwest,False,True
401054110461500,"CURRANT C @ MOUTH @ RED C NR FRUITLAND, UTAH",40.18162114,-110.7715479,UT,013,14060004,14060004,14,,ST,Yes,Southwest,False,True
401055111015900,SOLDIER CREEK @ US 40 @ STRAWBERRY RES,40.1818983,-111.0337765,UT,051,14060004,14060004,14,,ST,Yes,Southwest,False,True
401058110003600,"DRAIN 2.5 MILES E & 1 MILES S OF MYTON, UT",40.18273829,-110.0107046,UT,013,14060003,14060003,14,,ST,Yes,Southwest,False,True
401102110461400,"RED CREEK AB CURRANT CREEK NR FRUITLAND, UT",40.1838433,-110.77127,UT,013,14060004,14060004,14,,ST,Yes,Southwest,False,True
401120109452900,"DUCHESNE RIVER AT WISSIUP CANAL NR RANDLETT, UT",40.18885099,-109.7587533,UT,047,14060003,14060003,14,,ST,Yes,Southwest,False,True
401122111053601,TRIB TO STRAWBERRY RESERVOIR AT RD XING,40.18939887,-111.0940564,UT,051,14060004,14060004,14,,ST,Yes,Southwest,False,True
401135109545600,"DUCHESNE RIVER @ OURAY SCH CANAL NR RANDLETT,UT",40.1930165,-109.9162577,UT,047,14060003,14060003,14,,ST,Yes,Southwest,False,True
401150109590400,RIVERDELL CANAL,40.19718267,-109.9851484,UT,013,14060003,14060003,14,,ST,Yes,Southwest,False,True
401208109541800,"OURAY SCH CANAL AT HEAD NR RANDLETT, UT",40.2021831,-109.9057018,UT,047,14060003,14060003,14,,ST,Yes,Southwest,False,True
401209111110000,MUD CREEK @ MOUTH @ STRAWBERRY RESERVOIR,40.20245536,-111.1840594,UT,051,14060004,14060004,14,,ST,Yes,Southwest,False,True
401212109420800,PELICAN LAKE FEED CANAL AT PELICAN LAKE,40.2032956,-109.7029183,UT,047,14060001,14060001,14,,ST,Yes,Southwest,False,True
401212110062001,"DUCHESNE RIVER @ MYTON TOWNSITE CA NR MYTON, UT",40.2032927,-110.1062622,UT,013,14060003,14060003,14,,ST,Yes,Southwest,False,True
401222109513100,"MYTON TOWNSITE CANAL NR TERM NR RANDLETT, UT",40.20607228,-109.8593117,UT,047,14060003,14060003,14,,ST,Yes,Southwest,False,True
401255109403000,OURAY PARK CANAL @ HWY 88 NEAR PELICAN LAKE,40.2152401,-109.6756952,UT,047,14060001,14060001,14,,ST,Yes,Southwest,False,True
401300109471300,"UINTA RIVER AT MOUTH NR RANDLETT, UTAH",40.21662819,-109.7876432,UT,047,14060003,14060003,14,,ST,Yes,Southwest,False,True
401355109481500,"OURAY SCHOOL CANAL AT MOUTH @ RANDLETT, UTAH",40.2319056,-109.804866,UT,047,14060003,14060003,14,,ST,Yes,Southwest,False,True
401359109480700,UINTA R @ HWY 88 @ RANDLETT @ OURAY SCH CANAL,40.23301674,-109.8026437,UT,047,14060003,14060003,14,,ST,Yes,Southwest,False,True
401400111111700,CLYDE CREEK @ MOUTH @ STRAWBERRY RESERVOIR,40.23328856,-111.1887818,UT,051,14060004,14060004,14,,ST,Yes,Southwest,False,True
401415111110000,STRAWBERRY RIVER ABOVE STRAWBERRY RESERVOIR,40.2374551,-111.1840594,UT,051,14060004,14060004,14,,ST,Yes,Southwest,False,True
401420110242700,"DUCHESNE RIVER AB ROCKY PT CANAL NR DUCHESNE, UT",40.238845,-110.4082115,UT,013,14060003,14060003,14,,ST,Yes,Southwest,False,True
401430109513000,"DRY GULCH AT HWY 188 NR FT DUCHESNE, UTAH",40.2416273,-109.859034,UT,047,14060003,14060003,14,,ST,Yes,Southwest,False,True
401447110570600,"CURRANT CREEK AB WATER HOLLOW NR FRUITLAND, UT",40.24634129,-110.9523859,UT,051,14060004,14060004,14,,ST,Yes,Southwest,False,True
401505109512000,"UINTA RIVER AB DRY GULCH NR FT DUCHESNE, UT",40.2513494,-109.8562563,UT,047,14060003,14060003,14,,ST,Yes,Southwest,False,True
401510109545600,"MONTES CREEK AT MOUTH NR FT DUCHESNE, UT",40.2527378,-109.9162578,UT,047,14060003,14060003,14,,ST,Yes,Southwest,False,True
401523111082101,CHICKEN C AT FOREST BNDRY NR STRAWBERRY RES,40.2563431,-111.1398913,UT,051,14060004,14060004,14,,ST,Yes,Southwest,False,True
401526110033901,"DRAIN AT U.S.40, NR ROOSEVELT",40.2571809,-110.0673726,UT,013,14060003,14060003,14,,ST,Yes,Southwest,False,True
401600110023400,"DRY GULCH CREEK AT US 40 NR ROOSEVELT, UTAH",40.26662539,-110.0434833,UT,013,14060003,14060003,14,,ST,Yes,Southwest,False,True
401618109581900,"DRY GULCH BL COTTONWOOD CREEK NR ROOSEVELT, UT",40.2716259,-109.9726484,UT,047,14060003,14060003,14,,ST,Yes,Southwest,False,True
401702110003900,"HANCOCK LAT (W DRAIN) AT US 40 NR ROOSEVELT, UT",40.28384755,-110.0115385,UT,013,14060003,14060003,14,,ST,Yes,Southwest,False,True
401704110003600,"HANCOCK LAT (E DRAIN) AT US 40 NR ROOSEVELT, UT",40.2844031,-110.0107052,UT,013,14060003,14060003,14,,ST,Yes,Southwest,False,True
401715109585400,"COTTONWOOD C AB DRY GULCH BL ROOSEVELT, UT",40.28745885,-109.9823712,UT,013,14060003,14060003,14,,ST,Yes,Southwest,False,True
401718109571000,"PICKUP WASH NEAR ROOSEVELT, UTAH",40.2882924,-109.9534815,UT,047,14060003,14060003,14,,ST,Yes,Southwest,False,True
401719110414401,"MILL HOLLOW @ SR 208, NR TABIONA, UT",40.2885631,-110.6962706,UT,013,14060004,14060004,14,,ST,Yes,Southwest,False,True
401722110150600,"LAKE FORK RIVER NR PURDY DITCH NR ALTAMONT, UT",40.2894005,-110.2523775,UT,013,14060003,14060003,14,,ST,Yes,Southwest,False,True
401722111095001,SLEEPY HOLLOW AT FOR RD NR STRAWBERRY RES,40.28939846,-111.1646142,UT,051,14060004,14060004,14,,ST,Yes,Southwest,False,True
401728110130600,BIG SAND WASH AT HWY 199 BL BIG SAND WASH RES,40.29106746,-110.2190435,UT,013,14060003,14060003,14,,ST,Yes,Southwest,False,True
401801111131501,"WILLOW CREEK @ COUNTY RD, NR STRAWBERRY RES",40.30023276,-111.2215604,UT,051,14060004,14060004,14,,ST,Yes,Southwest,False,True
401804111010200,LAYOUT CREEK NEAR MOUTH,40.30106188,-111.017943,UT,051,14060004,14060004,14,,ST,Yes,Southwest,False,True
401808109543100,MONTES CR AT US 40 NR ROOSEVELT,40.30218147,-109.9007026,UT,047,14060003,14060003,14,,ST,Yes,Southwest,False,True
401808109590901,"COTTONWOOD CREEK @ US 40 @ ROOSEVELT, UTAH",40.3021807,-109.9865382,UT,013,14060003,14060003,14,,ST,Yes,Southwest,False,True
401809111004901,"LAYOUT CREEK NEAR FRUITLAND, UTAH",40.30245064,-111.0143319,UT,051,14060004,14060004,14,,ST,Yes,Southwest,False,True
401814110510201,"RED CREEK AT RESERVOIR OUTLET NR FRUITLAND, UT",40.3038396,-110.8512732,UT,013,14060004,14060004,14,,ST,Yes,Southwest,False,True
401817109462200,"MOFFAT CANAL AT US 40 NR GUSHER, UTAH",40.3046825,-109.773477,UT,047,14060003,14060003,14,,ST,Yes,Southwest,False,True
401854109440400,"OURAY VALLEY CANAL @ US 40 NR GUSHER, UTAH",40.31496048,-109.7351427,UT,047,14060003,14060003,14,,ST,Yes,Southwest,False,True
401921110513601,TABBY C @ MOUTH AB RED C RESERVOIR,40.32245005,-110.860718,UT,013,14060004,14060004,14,,ST,Yes,Southwest,False,True
401930110402401,"DUCHESNE R @ SR 208, NR TABIONA, UT",40.324951,-110.6740487,UT,013,14060003,14060003,14,,ST,Yes,Southwest,False,True
401935110513701,"RED CREEK AB RESERVOIR NR FRUITLAND, UT",40.3263388,-110.8609958,UT,013,14060004,14060004,14,,ST,Yes,Southwest,False,True
401953109505300,"DEEP CREEK AT MOUTH NR FORT DUCHESNE, UTAH",40.33134808,-109.8487572,UT,047,14060003,14060003,14,,ST,Yes,Southwest,False,True
402050109502200,"MOFFAT CANAL AT HWY 246, 4 MI N US 40",40.3471812,-109.840146,UT,047,14060003,14060003,14,,ST,Yes,Southwest,False,True
402054109560500,MONTES CREEK BELOW MONTES RESERVOIR,40.3482914,-109.9354265,UT,047,14060003,14060003,14,,ST,Yes,Southwest,False,True
402109109571000,MONTES CREEK ABOVE MONTES C RESERVOIR,40.3524578,-109.9534827,UT,047,14060003,14060003,14,,ST,Yes,Southwest,False,True
402112110424701,"DUCHESNE RIVER @ TABIONA, UTAH",40.353283,-110.7137717,UT,013,14060003,14060003,14,,ST,Yes,Southwest,False,True
402128109233500,"UNION IRR CO DITCH @ CNTY RD NR VERNAL, UT",40.35774024,-109.3937424,UT,047,14060002,14060002,14,,ST,Yes,Southwest,False,True
402134110150600,"BIG SAND WASH AT HWY 199 1 MI E ALTAMONT, UT",40.35939836,-110.252379,UT,013,14060003,14060003,14,,ST,Yes,Southwest,False,True
402136110031200,"COTTONWOOD CREEK NEAR CEDARVIEW, UTAH",40.3599565,-110.054041,UT,013,14060003,14060003,14,,ST,Yes,Southwest,False,True
402138109241400,DITCH-COMPOS DISCH FM S ASHLEY V OILFIELD,40.3605179,-109.4045761,UT,047,14060002,14060002,14,,ST,Yes,Southwest,False,True
402206109493201,"DEEP CREEK @ PARK CANAL XING NR FT DUCHESNE, UT",40.3682921,-109.826257,UT,047,14060003,14060003,14,,ST,Yes,Southwest,False,True
402206111503400, (D- 5- 1)21cac-1D,40.3682841,-111.8435437,UT,049,16020201,16020201,16,,ST,Yes,Southwest,False,True
402218110522801,"RED CREEK AT MINE NR FRUITLAND, UT",40.37161498,-110.875163,UT,013,14060004,14060004,14,,ST,Yes,Southwest,False,True
402223111495800,SPRING CREEK NEAR MOUTH,40.37300635,-111.8335434,UT,049,16020201,16020201,16,,ST,Yes,Southwest,False,True
402228109251800,IRR DITCH BELOW ASHLEY VAL OIL WELLS,40.3744065,-109.4223547,UT,047,14060002,14060002,14,,ST,Yes,Southwest,False,True
402316109513100,UINTA R @ PARK CANAL HEAD NR LAPOINT,40.38495816,-109.8593138,UT,047,14060003,14060003,14,,ST,Yes,Southwest,False,True
402333110450801,"DUCHESNE RIVER @ BEDROCK GAP NR HANNA, UT",40.392448,-110.7529392,UT,013,14060003,14060003,14,,ST,Yes,Southwest,False,True
402353109545600,"W CHANL UINTA RIVER @ HWY 121 NR WHITEROCKS, UT",40.39801288,-109.9162601,UT,047,14060003,14060003,14,,ST,Yes,Southwest,False,True
402356109253101,"RIVER IRRIGATION CO. CANAL NEAR NAPLES, UT",40.3988506,-109.4259662,UT,047,14060002,14060002,14,,ST,Yes,Southwest,False,True
402359110131100,"WATER HOLLOW @ RES SITE 4.5 MI E OF ALTONAH, UT",40.39967536,-110.2204348,UT,013,14060003,14060003,14,,ST,Yes,Southwest,False,True
402407110203200,LAKE FORK AT C CANAL HEAD,40.4018962,-110.3429361,UT,013,14060003,14060003,14,,ST,Yes,Southwest,False,True
402411110455701,"DUCHESNE RIVER AT HANNA BRIDGE IN HANNA, UTAH",40.40300319,-110.7665507,UT,013,14060003,14060003,14,,ST,Yes,Southwest,False,True
402413109523100,"E CHANL UINTA RIVER @ HWY 121 NR TRIDELL, UT",40.40356876,-109.8759812,UT,047,14060003,14060003,14,,ST,Yes,Southwest,False,True
402413110420601,"R F FARM CREEK 1 MI AB FARM C NR HANNA, UT",40.40355927,-110.7023834,UT,013,14060003,14060003,14,,ST,Yes,Southwest,False,True
402414109470400,"OURAY VALLEY CANAL AT HWY 121 @ LAPOINT, UT",40.4038475,-109.7851452,UT,047,14060003,14060003,14,,ST,Yes,Southwest,False,True
402416110432601,"LITTLE FARM CREEK CANAL NR HANNA, UT",40.40439235,-110.7246058,UT,013,14060003,14060003,14,,ST,Yes,Southwest,False,True
402427109260201,"ASHLEY CREEK ABOVE PIPELINE DIVERSION NR NAPLES,UT",40.40746156,-109.4345776,UT,047,14060002,14060002,14,,ST,Yes,Southwest,False,True
402435111282900,QW DATA SITE WITH 6 RECORDS FOR 1971 & 1972,40.40967854,-111.4754649,UT,051,16020203,16020203,16,,ST,Yes,Southwest,False,True
402615110214800,"LAKE FORK R BL YELLOWSTONE R NR ALTAMONT, UT",40.43745046,-110.364048,UT,013,14060003,14060003,14,,ST,Yes,Southwest,False,True
402618110484200,"DUCHESNE RIVER BL WEST FORK NR HANNA, UTAH",40.4382796,-110.812385,UT,013,14060003,14060003,14,,ST,Yes,Southwest,False,True
402639110214900,"YELLOWSTONE RIVER NR ALTONAH, UT @ MOUTH",40.4441169,-110.364326,UT,013,14060003,14060003,14,,ST,Yes,Southwest,False,True
402652110014800,"YELLOWSTONE FEED CANAL AT TERM NR NEOLA, UT",40.44773268,-110.0307088,UT,013,14060003,14060003,14,,ST,Yes,Southwest,False,True
402719110140200,"COTTONWOOD W @ YELLOWSTONE FEED CA NR NEOLA, UT",40.45522905,-110.234603,UT,013,14060003,14060003,14,,ST,Yes,Southwest,False,True
402727109582501,"UINTAH INDEPENDENT CANAL NEAR NEOLA, UT",40.4574555,-109.9743185,UT,047,14060003,14060003,14,,ST,Yes,Southwest,False,True
402737110494601,"DUCHESNE RIVER @ STOCKMORE RE NR HANNA, UT",40.4602232,-110.8301632,UT,013,14060003,14060003,14,,ST,Yes,Southwest,False,True
402738111281500,DANIELS CREEK AT MOUTH AT CHARLESTON,40.4605113,-111.4715759,UT,051,16020203,16020203,16,,ST,Yes,Southwest,False,True
402741111281600,L. CHARLESTON CANAL AT MOUTH AT CHARLESTON,40.4613446,-111.4718537,UT,051,16020203,16020203,16,,ST,Yes,Southwest,False,True
402746110495800,"DUCHESNE RIVER AB WEST FORK NR HANNA, UT",40.4627231,-110.8334966,UT,013,14060003,14060003,14,,ST,Yes,Southwest,False,True
402800110205600,LAKE FORK R ABV YELLOWSTONE R NR ALTONAH,40.46661606,-110.3818265,UT,013,14060003,14060003,14,,ST,Yes,Southwest,False,True
402802109544700,"WHITEROCKS RIVER 1 MI E OF WHITEROCKS, UT - QW",40.46717828,-109.9137612,UT,047,14060003,14060003,14,,ST,Yes,Southwest,False,True
402808110205000,YELLOWSTONE R @ YLLSTN FEED CNL NR ALTONAH,40.4605046,-110.4368266,UT,013,14060003,14060003,14,,ST,Yes,Southwest,False,True
402829110551500,TWIN CREEK NEAR WIN DIVERSION,40.4746668,-110.9215532,UT,051,14060003,14060003,14,,ST,Yes,Southwest,False,True
402835111452502,DRY CREEK 2 MI NO. OF ALPINE CITY NR OLD GAGING ST,40.4763388,-111.7577082,UT,049,16020201,16020201,16,,ST,Yes,Southwest,False,True
402837111281601,"PROVO RIVER BL. SNAKE CK., NR CHARLESTON",40.4769,-111.4718537,UT,051,16020203,16020203,16,,ST,Yes,Southwest,False,True
402926110072501,"TR TO COTTONWOOD CREEK AT ROAD NR NEOLA, UT",40.4905078,-110.1243232,UT,013,14060003,14060003,14,,ST,Yes,Southwest,False,True
402931111281700,SNAKE C. AB. FISH HATCHERY DRAIN AT CHARLESTON,40.49189987,-111.4721316,UT,051,16020203,16020203,16,,ST,Yes,Southwest,False,True
402951109591400,"UINTA RIVER 3.5 M NW WHITEROCKS, UT",40.49745455,-109.9879308,UT,013,14060003,14060003,14,,ST,Yes,Southwest,False,True
403016110242800,LAKE FORK RIVER AT LAKE FORK DAMSITE,40.50439249,-110.4084939,UT,013,14060003,14060003,14,,ST,Yes,Southwest,False,True
403021109320100,STEINAKER SVC CANAL @ OUTLET FROM RESERVOIR,40.50579268,-109.534304,UT,047,14060002,14060002,14,,ST,Yes,Southwest,False,True
403025111262600,SPRING CREEK NEAR HEBER CITY,40.50689936,-111.4412964,UT,051,16020203,16020203,16,,ST,Yes,Southwest,False,True
403036111265600,PROVO RIVER NEAR MIDWAY,40.5099549,-111.4496304,UT,051,16020203,16020203,16,,ST,Yes,Southwest,False,True
403055111290301,EPPERSON DITCH AT MIDWAY,40.51523276,-111.4849109,UT,051,16020203,16020203,16,,ST,Yes,Southwest,False,True
403056111290200,SNAKE C. BL. EPPERSON DITCH DIVERSION AT MIDWAY,40.5155105,-111.4846331,UT,051,16020203,16020203,16,,ST,Yes,Southwest,False,True
403149111290300,SNAKE CREEK NEAR HOT POTS NEAR MIDWAY,40.5302323,-111.4849116,UT,051,16020203,16020203,16,,ST,Yes,Southwest,False,True
403200110441101,"TRIBUTARY TO S F ROCK CREEK NR HANNA, UT",40.5332781,-110.737108,UT,013,14060003,14060003,14,,ST,Yes,Southwest,False,True
403213111290600,SNAKE CREEK BELOW PINE CREEK NEAR MIDWAY,40.5368988,-111.4857453,UT,051,16020203,16020203,16,,ST,Yes,Southwest,False,True
403234111295700,SNAKE CREEK AT CANYON MOUTH NEAR MIDWAY,40.542732,-111.4999131,UT,051,16020203,16020203,16,,ST,Yes,Southwest,False,True
403315111255600,PROVO RIVER NEAR HEBER CITY,40.55412028,-111.4329648,UT,051,16020203,16020203,16,,ST,Yes,Southwest,False,True
403322109552400,"WHITEROCKS R @ WHITEROCKS CA NR WHITEROCKS, UT",40.5560658,-109.92404,UT,047,14060003,14060003,14,,ST,Yes,Southwest,False,True
403328110415001,ROCK CREEK AT UPPER STILLWATER AB SOUTH FORK,40.5577229,-110.6979414,UT,013,14060003,14060003,14,,ST,Yes,Southwest,False,True
403542111253500,"PROVO RIVER AT U.S. 40 NR HAILSTONE, UT",40.5949525,-111.427133,UT,051,16020203,16020203,16,,ST,Yes,Southwest,False,True
403556109283500,"STAUFFER TAILINGS DRAIN @ BRUSH C NR VERNAL, UT",40.5988482,-109.4770809,UT,047,14060002,14060002,14,,ST,Yes,Southwest,False,True
403559110072000,"UINTA RIVER @ POWER DIVERSION NR NEOLA, UT",40.59967265,-110.1229339,UT,013,14060003,14060003,14,,ST,Yes,Southwest,False,True
403614109284500,BIG BRUSH C NR NORTH END RATLIFF RANCH,40.60384815,-109.4798588,UT,047,14060002,14060002,14,,ST,Yes,Southwest,False,True
403619111184600,PROVO RIVER BELOW WEBER-PROVO DIVERSION CANAL,40.60522987,-111.3135157,UT,051,16020203,16020203,16,,ST,Yes,Southwest,False,True
403624111244500,DRAIN TUNNEL CREEK AT HAILSTONE,40.60661887,-111.413244,UT,051,16020203,16020203,16,,ST,Yes,Southwest,False,True
403625111244700,MCHENRY CANYON CREEK AT HAILSTONE,40.6068966,-111.4137996,UT,051,16020203,16020203,16,,ST,Yes,Southwest,False,True
403846111192601,INDIAN HOLLOW NEAR KAMAS,40.6460624,-111.3246299,UT,043,16020101,16020101,16,,ST,Yes,Southwest,False,True
404019111295001,"DORITY SPRING WEIR NEAR PARK CITY, UTAH",40.67189479,-111.497974,UT,043,16020101,16020101,16,0.01,ST,Yes,Southwest,False,True
404517111422801,PARLEYS CR AB MOUNTAIN DELL RESERVOIR NR SLC UT,40.75466908,-111.7085412,UT,035,16020204,16020204,16,21.3,ST,Yes,Southwest,False,True
404614111582801,SURPLUS CANAL AT N TEMPLE ST AT SALT LAKE CITY,40.77050125,-111.9752168,UT,035,16020204,16020204,16,,ST,Yes,Southwest,False,True
404642110004501,TRIB. TO WHITEROCKS R @ U(B-4-1)5AAA @ RD,40.77828449,-110.0132094,UT,013,14060003,14060003,14,,ST,Yes,Southwest,False,True
404653111545801,"JACKSON COMMUNITY -BMP- AT SALT LAKE CITY, UTAH",40.7813347,-111.9168818,UT,035,16020204,16020204,16,,ST,Yes,Southwest,False,True
404927111564600,"SALT LAKE CITY SEWAGE DISCHARGE, UTAH",40.824112,-111.9357718,UT,011,16020204,16020204,16,,ST,Yes,Southwest,False,True
405219109413000,"CARTER CREEK BELOW DOWD CREEK NEAR MANILA, UT",40.87190218,-109.6868138,UT,009,14040106,14040106,14,,ST,Yes,Southwest,False,True
405222109364900,"CARTER CREEK BELOW CUB CREEK NEAR MANILA, UT",40.8732917,-109.6143105,UT,009,14040106,14040106,14,,ST,Yes,Southwest,False,True
405350109260900,"CART CREEK BL SPRUCE CREEK NEAR DUTCH JOHN, UTAH",40.89718179,-109.4365256,UT,009,14040106,14040106,14,,ST,Yes,Southwest,False,True
405607109251900,"DUTCH JOHN DRAW AT MOUTH NR DUTCH JOHN, UTAH",40.93523755,-109.4226362,UT,009,14040106,14040106,14,,ST,Yes,Southwest,False,True
405924109391400,"BIRCH SPRING DRAW NR MANILA, UTAH",40.98995915,-109.6559799,UT,009,14040106,14040106,14,,ST,Yes,Southwest,False,True
405931109293300,"SPRING CREEK AT MOUTH NR DUTCH JOHN, UTAH",40.9919048,-109.4931941,UT,009,14040106,14040106,14,,ST,Yes,Southwest,False,True
411316112132201,"N FK WEBER RIV NR WEST WARREN, UT",41.22108217,-112.223692,UT,057,16020102,16020102,16,,ST,Yes,Southwest,False,True
411403112200801,BEAR RIVER BAY OUTFLOW AT GSL MINERALS CORP BRIDGE,41.27138889,-112.356111,UT,057,16020310,16020310,16,,ST,Yes,Southwest,False,True
411513111503201,OGDEN CITY DIVERSION ABOVE WHEELER CREEK,41.2535535,-111.8429947,UT,057,16020102,16020102,16,,ST,Yes,Southwest,False,True
411515111503201,"WHEELER CREEK, ADJUSTED FOR OGDEN CITY DIVERSION",41.25410905,-111.8429947,UT,057,16020102,16020102,16,,ST,Yes,Southwest,False,True
412457112112901, (B- 8- 3)21bdc   Bear River Refuge Unit 4 drain,41.41580556,-112.1913333,UT,003,16020310,16020310,16,,ST,Yes,Southwest,False,True
412458112130601, (B- 8- 3)19add   Bear River Refuge O-line canal,41.41619444,-112.2183333,UT,003,16020310,16020310,16,,ST,Yes,Southwest,False,True
412522112053901, (B- 8- 2)17cdc Bear River Wetland Unit5C Outflow,41.4228611,-112.09425,UT,003,16020310,16020310,16,,ST,Yes,Southwest,False,True
412523112073901, (B- 8- 3)13ddd   Bear River Refuge Unit 5 drain,41.42294444,-112.1275278,UT,003,16020310,16020310,16,,ST,Yes,Southwest,False,True
412523112093301, (B- 8- 3)14ccc   Bear River Refuge Whistler Canal,41.42294444,-112.159111,UT,003,16020310,16020310,16,,ST,Yes,Southwest,False,True
413050111091400,WOODRUFF C BL DIV NR WOODRUFF UTAH,41.53049919,-111.1424151,UT,033,16010101,16010101,16,,ST,Yes,Southwest,False,True
413550111082200,BEAR R AB RANDOLPH-SAGE C CA NR WOODRUFF UTAH,41.59716566,-111.142416,UT,033,16010101,16010101,16,,ST,Yes,Southwest,False,True
413728112085500,"CORINNE CANAL NEAR BEAR RIVER, UTAH",41.62437519,-112.149395,UT,003,16010204,16010204,16,,ST,Yes,Southwest,False,True
413808112264000,"BLUE SPG CR AT PROMINTORY RD. NR. HOWELL, UTAH",41.63546748,-112.4452617,UT,003,16020309,16020309,16,,ST,Yes,Southwest,False,True
414052112134500,"SALT CREEK NEAR TREMONTON, UTAH",41.6810398,-112.2299536,UT,003,16010204,16010204,16,,ST,Yes,Southwest,False,True
414500112000000,COM FLOW BEAR AREA GSL INFLOW GROUP 1,41.7499283,-112.0007817,UT,005,16010203,16010203,16,,ST,Yes,Southwest,False,True
414500112000100,COM FLOW BEAR AREA GSL INFLOW GROUP 2,41.7499283,-112.0010595,UT,005,16010203,16010203,16,,ST,Yes,Southwest,False,True
414500112000200,COM FLOW BEAR AREA GSL INFLOW GROUP 3,41.7499283,-112.0013372,UT,005,16010203,16010203,16,,ST,Yes,Southwest,False,True
414620111070000,RANDOLPH-SAGE C CA AT SAGE C JUNCTION UTAH,41.77216498,-111.1207505,UT,033,16010101,16010101,16,,ST,Yes,Southwest,False,True
415051111575900,WEST CACHE CA NR NEWTON UTAH,41.84742727,-111.9671716,UT,005,16010202,16010202,16,,ST,Yes,Southwest,False,True
415832111561000,BEAR R AT CORNISH UTAH,41.9754812,-111.9368954,UT,005,16010202,16010202,16,,ST,Yes,Southwest,False,True
415834111493700,CUB R AB SUGAR REFINERY NR LEWISTON UTAH,41.9760379,-111.827725,UT,005,16010202,16010202,16,,ST,Yes,Southwest,False,True
09379025,"CHINLE CREEK AT CHINLE, AZ",36.155,-109.5375,AZ,001,14080204,14080204,14,639.,ST,Yes,Southwest,False,True
09379050,"LUKACHUKAI CREEK NEAR LUKACHUKAI, AZ",36.477501,-109.3501037,AZ,001,14080204,14080204,14,90.3117,ST,Yes,Southwest,False,True
09379180,"LAGUNA CREEK AT DENNEHOTSO, AZ",36.8538907,-109.8459491,AZ,001,14080204,14080204,14,414,ST,Yes,Southwest,False,True
09379200,"CHINLE CREEK NEAR MEXICAN WATER, AZ",36.94388757,-109.71068655,AZ,001,140802041702,140802041702,14,3650.0,ST,Yes,Southwest,False,True
09379910,"COLORADO RIVER BELOW GLEN CANYON DAM, AZ",36.921655,-111.4834913,AZ,005,14070006,14070006,14,111700.,ST,Yes,Southwest,False,True
09380000,"COLORADO RIVER AT LEES FERRY, AZ",36.86433333,-111.58787222,AZ,005,140700061105,140700061105,14,111800.0,ST,Yes,Southwest,False,True
09380002,COLORADO R AT LEES FERRY - UNIT VALUES,36.86498769,-111.5884937,AZ,005,14070006,14070006,14,111800,ST,Yes,Southwest,False,True
09382000,"PARIA RIVER AT LEES FERRY, AZ",36.87221098,-111.59462862,AZ,005,140700070706,140700070706,14,1410.0,ST,Yes,Southwest,False,True
09383000,"COLORADO RIVER AT COMPACT POINT NR LEES FERRY, AZ",36.8513765,-111.6065497,AZ,005,14070006,14070006,14,112000,ST,Yes,Southwest,False,True
09383100,COLORADO R ABV LITTLE COLORADO R NR DESERT VIEW,36.2040833,-111.8007222,AZ,005,15010001,15010001,15,114272.0,ST,Yes,Southwest,False,True
09383200,"LEE VALLEY CR AB LEE VALLEY RES NR GREER, AZ.",33.94171506,-109.502035,AZ,001,15020001,15020001,15,1.30,ST,Yes,Southwest,False,True
09383220," LEE VALLEY CREEK TRIBUTARY NEAR GREER, ARIZ.",33.9389373,-109.502035,AZ,001,15020001,15020001,15,0.50,ST,Yes,Southwest,False,True
09383250,"LEE VALLEY CR BL LEE VALLEY RES NR GREER, AZ.",33.94171509,-109.4978683,AZ,001,15020001,15020001,15,1.90,ST,Yes,Southwest,False,True
09383300,"FILLER DITCH AT GREER, AZ",34.01617486,-109.4578773,AZ,001,15020001,15020001,15,,ST,Yes,Southwest,False,True
09383400,"LITTLE COLORADO RIVER AT GREER, AZ",34.01588889,-109.45708333,AZ,001,150200010203,150200010203,15,29.1,ST,Yes,Southwest,False,True
09383409,"SOUTH FORK LITTLE COLORADO RIVER NEAR GREER, AZ",34.0555,-109.4011667,AZ,001,15020001,15020001,15,,ST,Yes,Southwest,False,True
09383417,"WATER CANYON CREEK NEAR EAGAR, AZ",34.058,-109.2963333,AZ,001,15020001,15020001,15,,ST,Yes,Southwest,False,True
09383420,"BECKER LAKE DITCH AT SPRINGERVILLE, AZ",34.13277778,-109.2969444,AZ,001,15020001,15020001,15,,ST,Yes,Southwest,False,True
09383430,"LITTLE COLORADO RIVER AT SPRINGERVILLE, AZ",34.13277778,-109.2952778,AZ,001,15020001,15020001,15,154,ST,Yes,Southwest,False,True
09383500,"NUTRIOSO CREEK ABV NELSON RES NR SPRINGERVILLE, AZ",34.03032717,-109.1864707,AZ,001,15020001,15020001,15,83.3,ST,Yes,Southwest,False,True
09383550,NUTRIOSO CR BELOW NELSON RES NR SPRINGERVILLE AZ,34.05560438,-109.1923045,AZ,001,15020001,15020001,15,86.80,ST,Yes,Southwest,False,True
09383570,"NUTRIOSO CREEK AT SPRINGERVILLE, AZ",34.1389354,-109.2711969,AZ,001,15020001,15020001,15,166,ST,Yes,Southwest,False,True
09383590,"IRRIGATION DIV. 1 AT WENIMA, NR SPRINGERVILLE, AZ",34.18893399,-109.3395332,AZ,001,15020001,15020001,15,,ST,Yes,Southwest,False,True
09383595,"LITTLE COLORADO R AT WENIMA, NR SPRINGERVILLE, AZ",34.18643424,-109.3039765,AZ,001,15020001,15020001,15,346,ST,Yes,Southwest,False,True
09384000,"LITTLE COLORADO R ABV LYMAN LAKE NR ST. JOHNS, AZ",34.31502222,-109.36233056,AZ,001,150200010409,150200010409,15,706.0,ST,Yes,Southwest,False,True
09384600,"LYMAN LAKE NEAR ST. JOHNS, AZ",34.37448424,-109.3848182,AZ,001,15020001,15020001,15,790.00,ST,Yes,Southwest,False,True
09385000,"LYMAN CANAL BLW. LYMAN RES. NR. ST. JOHNS, ARIZ.",34.36809558,-109.3825956,AZ,001,15020001,15020001,15,,ST,Yes,Southwest,False,True
09385500,LCR BEL LYMAN RES NR ST JOHNS ARIZ,34.36809558,-109.3828734,AZ,001,15020006,15020006,15,790.00,ST,Yes,Southwest,False,True
09385700,"LITTLE COLORADO RIVER BELOW SALADO SPRINGS, AZ",34.4505935,-109.3623199,AZ,001,15020002,15020002,15,845.,ST,Yes,Southwest,False,True
09385701,"L COLORADO R BAL SALADO SP NR ST JOHN, AZ DUMMY",34.45087129,-109.3625977,AZ,001,15020002,15020002,15,,ST,Yes,Southwest,False,True
09386000,LITTLE COLORADO R A ST JOHNS ARIZ,34.5000364,-109.367322,AZ,001,15020002,15020002,15,964,ST,Yes,Southwest,False,True
09386030,"LITTLE COLORADO RVR ABV ZION RES. NR ST. JOHNS, AZ",34.58331944,-109.40669167,AZ,001,150200020103,150200020103,15,1007.0,ST,Yes,Southwest,False,True
09386250,"CARRIZO WASH NEAR ST. JOHNS, AZ",34.6147587,-109.3184306,AZ,001,15020002,15020002,15,2228,ST,Yes,Southwest,False,True
09386300,"LITTLE COLORADO RVR BLW ZION RES. NR ST JOHNS, AZ",34.6047544,-109.4892735,AZ,001,15020002,15020002,15,1171,ST,Yes,Southwest,False,True
09386500,"LITTLE COLORADO R AB ZUNI R NR HUNT, AZ.",34.64170039,-109.6770533,AZ,001,15020002,15020002,15,3741,ST,Yes,Southwest,False,True
09388000,"LITTLE COLORADO RIVER NR HUNT, AZ",34.64725615,-109.7034425,AZ,001,15020002,15020002,15,6383,ST,Yes,Southwest,False,True
09390000,SILVER CREEK NEAR SHUMWAY ARIZ,34.37503945,-110.0090008,AZ,017,15020005,15020005,15,172.00,ST,Yes,Southwest,False,True
09390500,"SHOW LOW CREEK NEAR LAKESIDE, AZ",34.17948755,-109.9878858,AZ,017,15020005,15020005,15,68.6,ST,Yes,Southwest,False,True
09392000,"SHOW LOW CR BL JAQUES DAM, NR SHOW LOW, AZ",34.19643165,-110.0042754,AZ,017,15020005,15020005,15,73.,ST,Yes,Southwest,False,True
09392500,SHOW LOW CREEK AT SHOW LOW ARIZ,34.25281947,-110.0284437,AZ,017,15020005,15020005,15,90.2,ST,Yes,Southwest,False,True
09393000,"SILVER CR AT SNOWFLAKE, AZ",34.5000368,-110.075671,AZ,017,15020005,15020005,15,488,ST,Yes,Southwest,False,True
09393400,"COTTONWOOD WASH AT SNOWFLAKE, AZ.",34.50559218,-110.0917827,AZ,017,15020005,15020005,15,262.00,ST,Yes,Southwest,False,True
09393500,"SILVER CREEK NEAR SNOWFLAKE, ARIZ.",34.66669946,-110.0423382,AZ,017,15020005,15020005,15,925.00,ST,Yes,Southwest,False,True
09394000,SILVER CR NR WOODRUFF ARIZ,34.7333645,-110.0340052,AZ,017,15020005,15020005,15,966,ST,Yes,Southwest,False,True
09394500,"LITTLE COLORADO RIVER AT WOODRUFF, AZ",34.7825,-110.04395833,AZ,017,150200020709,150200020709,15,8072.0,ST,Yes,Southwest,False,True
09395650,"PUERCO RIVER, NEAR LUPTON, AZ",35.32780194,-109.0700908,AZ,001,15020007,15020007,15,1050,ST,Yes,Southwest,False,True
09395900,"BLACK CREEK NR LUPTON, AZ",35.45252205,-109.126482,AZ,001,15020006,15020006,15,494,ST,Yes,Southwest,False,True
09395990,"BLACK CR BEL WF BLACK CR NR HOUCK, AZ",35.28474687,-109.2156504,AZ,001,15020006,15020006,15,652.9307,ST,Yes,Southwest,False,True
09396100,"PUERCO RIVER NEAR CHAMBERS, AZ",35.18224625,-109.4470509,AZ,001,15020007,15020007,15,2156.00,ST,Yes,Southwest,False,True
09396500,"PUERCO RIVER NEAR ADAMANA, ARIZ",34.9791921,-109.7951157,AZ,001,15020007,15020007,15,2654.00,ST,Yes,Southwest,False,True
09397000,"LITTLE COLORADO RIVER AT HOLBROOK, AZ",34.8978039,-110.1631768,AZ,017,15020008,15020008,15,11462.,ST,Yes,Southwest,False,True
09397045,SYNTHETIC DATA (LCR WOODRUFF - LCR HOLBROOK),34.78280759,-110.045117,AZ,017,15020002,15020002,15,,ST,Yes,Southwest,False,True
09397300,"LITTLE COLORADO RIVER NEAR JOSEPH CITY, AZ",34.90113674,-110.2554013,AZ,017,15020008,15020008,15,12384.,ST,Yes,Southwest,False,True
09397500,"CHEVELON FORK BELOW WILDCAT CANYON, NR WINSLOW, AZ",34.6364196,-110.7142957,AZ,017,15020010,15020010,15,271,ST,Yes,Southwest,False,True
09398000,"CHEVELON CREEK NEAR WINSLOW, AZ",34.92438889,-110.5289306,AZ,017,15020010,15020010,15,785.00,ST,Yes,Southwest,False,True
09398500,"CLEAR CREEK BELOW WILLOW CREEK, N WINSLOW, AZ.",34.66752554,-111.0076349,AZ,005,15020008,15020008,15,317,ST,Yes,Southwest,False,True
09399000,"CLEAR CREEK NEAR WINSLOW, AZ",34.96946689,-110.6451326,AZ,017,15020008,15020008,15,621,ST,Yes,Southwest,False,True
09399100,CLEAR CREEK BLW MCHOOD LAKE NR WINSLOW,34.96944444,-110.6405556,AZ,017,15020008,15020008,15,,ST,Yes,Southwest,False,True
09399400,"JACKS CANYON CREEK NEAR WINSLOW, AZ",34.92141094,-110.7976357,AZ,005,15020008,15020008,15,295,ST,Yes,Southwest,False,True
09399500,SALT CREEK NEAR WINSLOW ARIZ,34.9833554,-110.6506885,AZ,017,15020008,15020008,15,287.00,ST,Yes,Southwest,False,True
09400000,LITTLE COLORADO RIVER NEAR WINSLOW ARIZ,35.0027994,-110.6506887,AZ,017,15020008,15020008,15,16100.00,ST,Yes,Southwest,False,True
09400350,"LITTLE COLORADO RIVER NEAR WINSLOW, AZ",35.006725,-110.6542806,AZ,017,15020008,15020008,15,16192,ST,Yes,Southwest,False,True
09400562,"ORAIBI WASH NEAR TOLANI LAKE, AZ",35.57972897,-110.774027,AZ,005,15020012,15020012,15,635,ST,Yes,Southwest,False,True
09400568,"POLACCA WASH NEAR SECOND MESA, AZ",35.65480556,-110.563,AZ,017,15020013,15020013,15,905,ST,Yes,Southwest,False,True
09400583,"JEDDITO WASH NEAR JEDDITO, AZ",35.5775087,-110.4623546,AZ,017,15020014,15020014,15,147,ST,Yes,Southwest,False,True
09400600,"RIO DE FLAG AT FLAGSTAFF, ARIZ.",35.2216774,-111.6573843,AZ,005,15020015,15020015,15,51.00,ST,Yes,Southwest,False,True
09400815,"NEWMAN CANYON ABOVE UPPER LAKE MARY, AZ",35.05494444,-111.4892222,AZ,005,15020015,15020015,15,22.3,ST,Yes,Southwest,False,True
09401000,"LITTLE COLO. RIVER AT GRAND FALLS, ARIZ.",35.4333386,-111.200701,AZ,005,15020016,15020016,15,21068,ST,Yes,Southwest,False,True
09401110,"DINNEBITO WASH NEAR SAND SPRINGS, AZ",35.78069444,-110.9304167,AZ,005,15020017,15020017,15,473,ST,Yes,Southwest,False,True
09401200,"LITTLE COLORADO R AT CAMERON, AZ",35.8777729,-111.4118096,AZ,005,15020016,15020016,15,23119,ST,Yes,Southwest,False,True
09401226,"COAL MINE WASH TRIB NEAR KAYENTA, ARIZ",36.53166544,-110.4012478,AZ,017,15020018,15020018,15,0.62,ST,Yes,Southwest,False,True
09401229,"COAL MINE WASH TRIB NO 2 NEAR KAYENTA, ARIZ.",36.53110988,-110.4084703,AZ,017,15020018,15020018,15,0.567,ST,Yes,Southwest,False,True
09401239,"COAL MINE WASH NR MOUTH NR SHONTO, AZ",36.4261093,-110.4429156,AZ,017,15020018,15020018,15,,ST,Yes,Southwest,False,True
09401250,"MOENKOPI WASH NR MOENKOPI, ARIZ.",36.1099935,-111.155974,AZ,005,15020018,15020018,15,,ST,Yes,Southwest,False,True
09401260,"MOENKOPI WASH AT MOENKOPI, AZ",36.10499334,-111.2018069,AZ,005,15020018,15020018,15,1629.00,ST,Yes,Southwest,False,True
09401265,"PASTURE CANYON SPRINGS NEAR TUBA CITY, AZ",36.1715833,-111.2014444,AZ,005,15020018,15020018,15,,ST,Yes,Southwest,False,True
09401280,MOENKOPI WASH NEAR TUBA ARIZ,36.10499334,-111.2018069,AZ,005,15020018,15020018,15,1904,ST,Yes,Southwest,False,True
09401400,"MOENKOPI WASH NR TUBA CITY, ARIZ.",36.02360368,-111.3973633,AZ,005,15020018,15020018,15,2492,ST,Yes,Southwest,False,True
09401500,"MOENKOPI WASH NEAR CAMERON, ARIZ.",35.92499419,-111.4215312,AZ,005,15020018,15020018,15,2662,ST,Yes,Southwest,False,True
09402000,"LITTLE COLORADO RIVER NEAR CAMERON, AZ",35.9263819,-111.5673682,AZ,005,15020016,15020016,15,26459.,ST,Yes,Southwest,False,True
09402300,"LITTLE COLORADO RIVER ABV MOUTH NR DESERT VIEW, AZ",36.1952642,-111.7771024,AZ,005,15020016,15020016,15,26972,ST,Yes,Southwest,False,True
09402450,"COTTONWOOD SPR ABV COTTONWOOD CR, NR GRAND CYN, AZ",36.0235948,-111.9882199,AZ,005,15010001,15010001,15,,ST,Yes,Southwest,False,True
09402500,"COLORADO RIVER NEAR GRAND CANYON, AZ",36.10137176,-112.0862795,AZ,005,15010001,15010001,15,141600.,ST,Yes,Southwest,False,True
09402501,COLORADO R NR GRAND CANYON (STONEHOUSE),36.10137176,-112.0862795,AZ,005,15010001,15010001,15,,ST,Yes,Southwest,False,True
09403000,"BRIGHT ANGEL CREEK NEAR GRAND CANYON, ARIZ.",36.09972222,-112.09388889,AZ,005,150100010608,150100010608,15,101.0,ST,Yes,Southwest,False,True
09403010,"Pipe Spring Creek abv Tonto Trail nr Grand Canyon,",36.0719274,-112.1021129,AZ,005,15010002,15010002,15,,ST,Yes,Southwest,False,True
09403013,"PUMP HOUSE WASH SPRING NEAR GRAND CANYON, AZ",36.0785939,-112.1260026,AZ,005,15010002,15010002,15,,ST,Yes,Southwest,False,True
09403015,"Garden Creek blw Indian Garden nr Grand Canyon, AZ",36.0833161,-112.1243359,AZ,005,15010002,15010002,15,,ST,Yes,Southwest,False,True
09403016,"GARDEN CREEK SPRINGFLOW BLW IG NR GRAND CANYON,AZ",36.0833161,-112.1243359,AZ,005,15010002,15010002,15,,ST,Yes,Southwest,False,True
09403043,"HERMIT CREEK ABOVE TONTO TRAIL NR GRAND CANYON, AZ",36.08081566,-112.2137829,AZ,005,15010002,15010002,15,,ST,Yes,Southwest,False,True
09403780,"KANAB CREEK NR FREDONIA, ARIZ.",36.86387568,-112.5799203,AZ,005,15010003,15010003,15,1085.00,ST,Yes,Southwest,False,True
09403850,"KANAB CREEK ABOVE THE MOUTH NEAR SUPAI, AZ",36.39581624,-112.6318566,AZ,015,15010003,15010003,15,2367,ST,Yes,Southwest,False,True
09403990,DOGTOWN W AB D RES N WILLIAMS ARIZ,35.20834626,-112.1396119,AZ,005,15010004,15010004,15,4.69,ST,Yes,Southwest,False,True
09404020,DOGTOWN W AB K RES N WILLIAMS ARIZ,35.28612175,-112.1437787,AZ,005,15010004,15010004,15,15.40,ST,Yes,Southwest,False,True
09404040,CATARACT CREEK NEAR WILLIAMS,35.31500959,-112.1790574,AZ,005,15010004,15010004,15,46.40,ST,Yes,Southwest,False,True
09404104,"CATARACT CREEK AT REDLANDS CROSSING NEAR VALLE, AZ",35.80444444,-112.4263889,AZ,005,15010004,15010004,15,1931,ST,Yes,Southwest,False,True
09404110,"HAVASU CREEK AT SUPAI, AZ",36.21946667,-112.6901,AZ,005,15010004,15010004,15,2809,ST,Yes,Southwest,False,True
09404112,"Havasu Creek abv Havasu Falls nr Supai, AZ",36.25331558,-112.6979685,AZ,005,15010004,15010004,15,2898,ST,Yes,Southwest,False,True
09404115,"HAVASU CREEK ABOVE THE MOUTH, NEAR SUPAI, AZ",36.30581618,-112.761305,AZ,005,15010002,15010002,15,3020,ST,Yes,Southwest,False,True
09404120,COLORADO R ABV NATIONAL CANYON NR SUPAI,36.25971509,-112.8907702,AZ,005,150100020405,150100020405,15,147931.0,ST,Yes,Southwest,False,True
09404200,COLORADO RVR ABV DIAMOND CREEK NR PEACH SPRINGS AZ,35.7735994,-113.363544,AZ,015,15010002,15010002,15,149316,ST,Yes,Southwest,False,True
09404208,"DIAMOND CREEK NEAR PEACH SPRINGS, AZ",35.76498839,-113.3682663,AZ,015,15010002,15010002,15,279,ST,Yes,Southwest,False,True
09404222,"SPENCER CREEK NEAR PEACH SPRINGS, AZ",35.7999,-113.65535,AZ,015,15010005,15010005,15,258,ST,Yes,Southwest,False,True
09404343,"TRUXTON WASH NEAR VALENTINE, AZ",35.38416188,-113.6577185,AZ,015,15010007,15010007,15,380.3,ST,Yes,Southwest,False,True
09413700,"VIRGIN RV ABV THE NARROWS NR LITTLEFIELD, AZ",36.92138889,-113.8313889,AZ,015,15010010,15010010,15,4415,ST,Yes,Southwest,False,True
09414900,"BEAVER DAM WASH AT BEAVER DAM, AZ",36.90192134,-113.9335767,AZ,015,15010010,15010010,15,575,ST,Yes,Southwest,False,True
09415000,"VIRGIN RV AT LITTLEFIELD, AZ",36.8916437,-113.9244098,AZ,015,15010010,15010010,15,5090,ST,Yes,Southwest,False,True
09415060,"MESQUITE CANAL NR MESQUITE, NV",36.80988889,-114.01475,AZ,015,15010010,15010010,15,,ST,Yes,Southwest,False,True
09423550,"TOPOCK MARSH INLET NEAR NEEDLES, CA",34.83612458,-114.5849694,AZ,015,15030101,15030101,15,,ST,Yes,Southwest,False,True
09423553,TOPOCK MARSH INLET GATE OPENING,34.83639339,-114.5838529,AZ,015,15030101,15030101,15,,ST,Yes,Southwest,False,True
09423560,"FIREBREAK CANAL AT HAVASU NWR NEAR NEEDLES, CA",34.8077833,-114.5713222,AZ,015,15030101,15030101,15,,ST,Yes,Southwest,False,True
09423650,"TOPOCK MARSH OUTLET NEAR TOPOCK, AZ",34.7375068,-114.4902393,AZ,015,15030101,15030101,15,,ST,Yes,Southwest,False,True
09424000,"COLORADO RIVER NR TOPOCK, AZ.",34.68750788,-114.4627382,AZ,015,15030101,15030101,15,176300.,ST,Yes,Southwest,False,True
09424200,"COTTONWOOD WASH NO. 1 NEAR KINGMAN, AZ.",35.18111629,-113.4696561,AZ,015,15030201,15030201,15,143.00,ST,Yes,Southwest,False,True
09424380,"TROUT CREEK ABOVE KNIGHT CREEK, NEAR WIKIEUP, AZ",34.94702778,-113.6191389,AZ,015,15030201,15030201,15,573.8,ST,Yes,Southwest,False,True
09424425,"BIG SANDY RIVER AT US 93 BRIDGE, NEAR WIKIEUP, AZ",34.66263889,-113.5809722,AZ,015,15030201,15030201,15,,ST,Yes,Southwest,False,True
09424432,"FRANCIS CR NR BAGDAD, AZ",34.76168325,-113.2657568,AZ,025,15030202,15030202,15,134,ST,Yes,Southwest,False,True
09424447,"BURRO CREEK AT OLD US 93 BRIDGE, NEAR BAGDAD, AZ",34.5346222,-113.4540583,AZ,015,15030202,15030202,15,611,ST,Yes,Southwest,False,True
09424450,"BIG SANDY RIVER NEAR WIKIEUP, AZ",34.4625286,-113.6243843,AZ,015,15030201,15030201,15,2742,ST,Yes,Southwest,False,True
09424470,"KIRKLAND CREEK NEAR KIRKLAND, AZ",34.393914,-112.7226777,AZ,025,15030203,15030203,15,109.00,ST,Yes,Southwest,False,True
09424580,"UPPER LITTLE SYCAMORE WASH NEAR BAGDAD, AZ",34.57073889,-113.06756111,AZ,025,150302030302,150302030302,15,,ST,Yes,Southwest,False,True
09424600,"LITTLE SYCAMORE WASH NEAR BAGDAD, AZ",34.54916667,-113.0577778,AZ,025,15030203,15030203,15,,ST,Yes,Southwest,False,True
09424900,"SANTA MARIA RIVER NEAR BAGDAD, AZ",34.3058675,-113.3471532,AZ,015,15030203,15030203,15,1129,ST,Yes,Southwest,False,True
09425000,DATE CREEK NEAR CONGRESS ARIZ,34.20002339,-113.1340806,AZ,025,15030203,15030203,15,127.00,ST,Yes,Southwest,False,True
09425500,"SANTA MARIA RIVER NEAR ALAMO, AZ",34.30001995,-113.5174279,AZ,012,15030204,15030204,15,1439.00,ST,Yes,Southwest,False,True
09426000,"BILL WILLIAMS RIVER BELOW ALAMO DAM, AZ",34.2310833,-113.6099306,AZ,012,15030204,15030204,15,4633.,ST,Yes,Southwest,False,True
09426500,"BILL WILLIAMS RIVER AT PLANET, AZ",34.26668248,-113.9841085,AZ,015,15030204,15030204,15,5054,ST,Yes,Southwest,False,True
09426600,"BILL WILLIAMS RIVER AT MINERAL WASH, NR PLANET, AZ",34.25501565,-114.0096647,AZ,012,15030204,15030204,15,5320.00,ST,Yes,Southwest,False,True
09426620,"BILL WILLIAMS RIVER NEAR PARKER, AZ",34.2612361,-114.0289806,AZ,012,15030204,15030204,15,5337,ST,Yes,Southwest,False,True
09426650,CENTRAL ARIZONA PROJECT CANAL AT HAVASU PUMPING PL,34.28890386,-114.1110573,AZ,012,15030204,15030204,15,,ST,Yes,Southwest,False,True
09428500,"CRIR MAIN CANAL NEAR PARKER, AZ",34.16779378,-114.2766175,AZ,012,15030104,15030104,15,,ST,Yes,Southwest,False,True
09428503,C.R.I.R. MAIN CANAL GATE OPENING,34.16779378,-114.2766175,AZ,012,15030104,15030104,15,,ST,Yes,Southwest,False,True
09428505,"GARDNER LATERAL SPILL NEAR PARKER, AZ",34.02779463,-114.433566,AZ,012,15030104,15030104,15,,ST,Yes,Southwest,False,True
09428508,"UPPER MAIN DRAIN NEAR POSTON, AZ",34.0233504,-114.4124542,AZ,012,15030105,15030105,15,,ST,Yes,Southwest,False,True
09428510,"POSTON WASTEWAY NEAR POSTON, AZ",33.99845278,-114.4563389,AZ,012,15030104,15030104,15,,ST,Yes,Southwest,False,True
09428511,POSTON WASTEWAY SPILL GATES  (CRIR STA. NO. 11),33.99946154,-114.4455106,AZ,012,15030104,15030104,15,,ST,Yes,Southwest,False,True
09428900,"TYSON WASH AT QUARTZSITE,AR.",33.66585828,-114.2207816,AZ,012,15030106,15030106,15,421.00,ST,Yes,Southwest,False,True
09429030,"PALO VERDE DRAIN NEAR PARKER, AZ",33.75696536,-114.4974554,AZ,012,15030104,15030104,15,,ST,Yes,Southwest,False,True
09429060,"CRIR LOWER MAIN DRAIN NEAR PARKER, AZ",33.761132,-114.4855107,AZ,012,15030104,15030104,15,,ST,Yes,Southwest,False,True
09429070,"CRIR LWR MAIN DRAIN BLW TYSON WW, NR EHRENBERG, AZ",33.72951944,-114.497561,AZ,012,15030104,15030104,15,,ST,Yes,Southwest,False,True
09429290,"CIBOLA LK OUTLET NR CIBOLA, AZ.",33.22197966,-114.6719014,AZ,012,15030104,15030104,15,,ST,Yes,Southwest,False,True
09429300,"COLORADO RIVER BELOW CIBOLA VALLEY, AZ.",33.22114635,-114.672457,AZ,012,15030104,15030104,15,187800.,ST,Yes,Southwest,False,True
09434500,"GILA R AT VIRDEN BR NR DUNCAN, AZ",32.65562485,-109.9561898,AZ,017,15040002,15040002,15,3290,ST,Yes,Southwest,False,True
09438000,GILA RIVER A N.MEX-ARIZ ST LINE,32.6867392,-109.0478392,AZ,011,15040002,15040002,15,3360,ST,Yes,Southwest,False,True
09439000,"GILA RIVER AT DUNCAN, AZ",32.72444444,-109.0991667,AZ,011,15040002,15040002,15,3589,ST,Yes,Southwest,False,True
09442000,"GILA RIVER NEAR CLIFTON, AZ",32.96527778,-109.3086111,AZ,011,15040002,15040002,15,4010.00,ST,Yes,Southwest,False,True
09444200,"BLUE RIVER NEAR CLIFTON, AZ.",33.29089456,-109.1961832,AZ,011,15040004,15040004,15,506,ST,Yes,Southwest,False,True
09444500,"SAN FRANCISCO RIVER AT CLIFTON, AZ",33.05604444,-109.2990167,AZ,011,15040004,15040004,15,2766.00,ST,Yes,Southwest,False,True
09445000,"Willow Creek Div from Black River, nr Morenci, AZ",33.41283295,-109.719531,AZ,009,15040005,15040005,15,,ST,Yes,Southwest,False,True
09445500,"WILLOW C NR POINT OF PINES NR MORENCI, ARIZ.",33.3792231,-109.6506401,AZ,009,15040005,15040005,15,102.00,ST,Yes,Southwest,False,True
09446000,WILLOW C N DOUBLE CIRCLE RNCH N MORENCI ARIZ.,33.35422488,-109.5256375,AZ,009,15040005,15040005,15,149.00,ST,Yes,Southwest,False,True
09446320,"EAGLE CREEK AT EAGLE SCHOOL RD, NEAR MORENCI, AZ",33.35905556,-109.4915278,AZ,011,15040005,15040005,15,,ST,Yes,Southwest,False,True
09446500,"EAGLE CREEK NR DOUBLE CIRCLE RANCH, NR MORENCI, AZ",33.3000815,-109.4923173,AZ,011,15040005,15040005,15,377.00,ST,Yes,Southwest,False,True
09447000,"EAGLE CREEK ABOVE PUMPING PLANT, NEAR MORENCI, AZ.",33.06615,-109.444975,AZ,011,15040005,15040005,15,622,ST,Yes,Southwest,False,True
09447800,"BONITA CREEK NEAR MORENCI, AZ.",32.9556458,-109.5312047,AZ,009,15040005,15040005,15,302,ST,Yes,Southwest,False,True
09448500,"GILA RIVER AT HEAD OF SAFFORD VALLEY, NR SOLOMON,",32.8827222,-109.4796056,AZ,009,15040005,15040005,15,7856.78,ST,Yes,Southwest,False,True
09449500,"BROWN CANAL ST HEAD OF SAFFORD VALLEY,NR SOLOMON",32.87367495,-109.5131307,AZ,009,15040005,15040005,15,,ST,Yes,Southwest,False,True
09451000,GILA R NR SOLOMON ARIZ,32.86673068,-109.5172974,AZ,009,15040005,15040005,15,7950.00,ST,Yes,Southwest,False,True
09454500,"CAVE CREEK NEAR PARADISE, ARIZ.",31.8986111,-109.1605556,AZ,003,15040006,15040006,15,39.0,ST,Yes,Southwest,False,True
09455000,"CAVE CREEK CANAL NEAR PARADISE, ARIZ.",31.9,-109.1619444,AZ,003,15040006,15040006,15,39.00,ST,Yes,Southwest,False,True
09455500,EAST TURKEY CREEK AT PARADISE ARIZ,31.9334243,-109.2172836,AZ,003,15040006,15040006,15,8.20,ST,Yes,Southwest,False,True
09456000,SAN SIMON RIVER NEAR SAN SIMON ARIZ.,32.22508025,-109.1756147,AZ,003,15040006,15040006,15,814.00,ST,Yes,Southwest,False,True
09456200,SAN SIMON R BL FANDROP DET DAM NEAR BOWIE ARIZ,32.45424016,-109.3672859,AZ,009,15040006,15040006,15,1400.00,ST,Yes,Southwest,False,True
09456600,GOLD GULCH BL CREIGHTON DET DAM NEAR BOWIE ARIZ,32.3764626,-109.5603442,AZ,003,15040006,15040006,15,104.00,ST,Yes,Southwest,False,True
09456700,GOLD GULCH BL HX DET DAM NEAR BOWIE ARIZ,32.44590569,-109.507567,AZ,009,15040006,15040006,15,144.00,ST,Yes,Southwest,False,True
09456800,"SAN SIMON RIVER NEAR TANQUE, ARIZONA",32.60840198,-109.5339599,AZ,009,15040006,15040006,15,1953.00,ST,Yes,Southwest,False,True
09456900,GOAT WELL WASH BL DROP STRUCTURE NR SOLOMON ARIZ,32.7195115,-109.5575743,AZ,009,15040006,15040006,15,77.20,ST,Yes,Southwest,False,True
09457000,"SAN SIMON RIVER NEAR SOLOMON, ARIZ.",32.8017604,-109.639262,AZ,009,15040006,15040006,15,2192.00,ST,Yes,Southwest,False,True
09458050,"MARIJILDA WASH NR SAFFORD, AZ",32.6953457,-109.7917458,AZ,009,15040005,15040005,15,10.90,ST,Yes,Southwest,False,True
09458200,"DEADMAN CREEK NEAR SAFFORD, ARIZ.",32.73312363,-109.8164694,AZ,009,15040005,15040005,15,4.78,ST,Yes,Southwest,False,True
09458500,"GILA RIVER AT SAFFORD, ARIZ.",32.8472877,-109.7159136,AZ,009,15040005,15040005,15,10459.00,ST,Yes,Southwest,False,True
09460150,"FRYE CREEK NEAR THATCHER, AZ",32.74395706,-109.8381364,AZ,009,15040005,15040005,15,4.02,ST,Yes,Southwest,False,True
09460200,"FRYE CREEK AT THATCHER, ARIZ.",32.8333993,-109.7614701,AZ,009,15040005,15040005,15,24.30,ST,Yes,Southwest,False,True
09466000,GILA RIVER AT BLACK POINT NEAR GERONIMO ARIZ,33.10005829,-110.067308,AZ,009,15040005,15040005,15,11329.00,ST,Yes,Southwest,False,True
09466300,"GILA RIVER NEAR BYLAS, ARIZ.",33.1667239,-110.1353658,AZ,009,15040005,15040005,15,11380.00,ST,Yes,Southwest,False,True
09466500,"GILA RIVER AT CALVA, AZ.",33.18561278,-110.2200903,AZ,009,15040005,15040005,15,11470,ST,Yes,Southwest,False,True
09467100,"GILA RIVER NEAR CALVA, ARIZ.",33.2042245,-110.3145377,AZ,009,15040005,15040005,15,11550.00,ST,Yes,Southwest,False,True
09468500,"SAN CARLOS RIVER NEAR PERIDOT, AZ.",33.29646536,-110.4515103,AZ,009,15040007,15040007,15,1026,ST,Yes,Southwest,False,True
09469500,"GILA RIVER BELOW COOLIDGE DAM, AZ.",33.16934444,-110.5314583,AZ,021,15050100,15050100,15,12886,ST,Yes,Southwest,False,True
09470000,"GILA RIVER AT WINKELMAN, ARIZ.",33.0017324,-110.7659386,AZ,007,15050100,15050100,15,13268.00,ST,Yes,Southwest,False,True
09470500,"SAN PEDRO RIVER AT PALOMINAS, AZ.",31.3801309,-110.1112093,AZ,003,15050202,15050202,15,737.00,ST,Yes,Southwest,False,True
09470520,"GREENBUSH DRAW NEAR PALOMINAS, AZ",31.38027778,-110.0716667,AZ,003,15050202,15050202,15,99.6772,ST,Yes,Southwest,False,True
09470700,"BANNING CREEK NEAR BISBEE, AZ",31.50345,-110.0056694,AZ,003,15050202,15050202,15,8.74,ST,Yes,Southwest,False,True
09470750,"RAMSEY CANYON NEAR SIERRA VISTA, AZ",31.44666667,-110.3058333,AZ,003,15050202,15050202,15,4.11,ST,Yes,Southwest,False,True
09470800,"GARDEN CANYON NEAR FORT HUACHUCA, AZ",31.47287518,-110.3478588,AZ,003,15050202,15050202,15,8.38,ST,Yes,Southwest,False,True
09470820,"LA TERRAZA INFLOW NEAR SIERRA VISTA, AZ",31.5039856,-110.2778584,AZ,003,15050202,15050202,15,1.1380,ST,Yes,Southwest,False,True
09470825,"LA TERRAZA OUTFLOW NEAR SIERRA VISTA, AZ",31.5024301,-110.2749695,AZ,003,15050202,15050202,15,6.0838,ST,Yes,Southwest,False,True
09471000,"SAN PEDRO RIVER AT CHARLESTON, AZ",31.62594167,-110.1751028,AZ,003,15050202,15050202,15,1234.00,ST,Yes,Southwest,False,True
09471040,SAN PEDRO RIVER AT CHARLESTON MESQUITE TRANSECT,31.66583333,-110.1786111,AZ,003,15050202,15050202,15,,ST,Yes,Southwest,False,True
09471070,SAN PEDRO RIVER AT BOQUILLAS-UA TRANSECT,31.69027778,-110.1847222,AZ,003,15050202,15050202,15,,ST,Yes,Southwest,False,True
09471300,HUACHUCA CAN NR FT HUACHUCA ARIZ,31.51120705,-110.3923037,AZ,003,15050202,15050202,15,3.24,ST,Yes,Southwest,False,True
09471310,"HUACHUCA CANYON NEAR FORT HUACHUCA, AZ",31.51805556,-110.3872222,AZ,003,15050202,15050202,15,4.07,ST,Yes,Southwest,False,True
09471380,"UPPER BABOCOMARI RIVER NEAR HUACHUCA CITY, AZ",31.63201389,-110.4020472,AZ,003,15050202,15050202,15,157.7,ST,Yes,Southwest,False,True
09471400,"BABOCOMARI RIVER NEAR TOMBSTONE, AZ",31.70051389,-110.2275778,AZ,003,15050202,15050202,15,306.0,ST,Yes,Southwest,False,True
09471500,SAN PEDRO RIVER AT FAIRBANK ARIZ,31.7250899,-110.1922996,AZ,003,15050202,15050202,15,1672.00,ST,Yes,Southwest,False,True
09471550,"SAN PEDRO RIVER NEAR TOMBSTONE, AZ",31.75144444,-110.2013333,AZ,003,15050202,15050202,15,1740.,ST,Yes,Southwest,False,True
09471560,"ST. DAVID DITCH NEAR ST. DAVID, AZ",31.8084209,-110.2092423,AZ,003,15050202,15050202,15,,ST,Yes,Southwest,False,True
09471565,SAN PEDRO RIVER AT ST DAVID TRANSECT,31.8161111,-110.2152778,AZ,003,15050202,15050202,15,,ST,Yes,Southwest,False,True
09471580,"SAN PEDRO RIVER AT ST DAVID, AZ",31.90530556,-110.2460556,AZ,003,15050202,15050202,15,2017,ST,Yes,Southwest,False,True
09471590," POMERENE CANAL NR. ST. DAVID, ARIZ.",31.9336954,-110.2561842,AZ,003,15050202,15050202,15,,ST,Yes,Southwest,False,True
09471800,"SAN PEDRO RIVER NEAR BENSON, ARIZ.",32.126467,-110.290073,AZ,003,15050203,15050203,15,2490.00,ST,Yes,Southwest,False,True
09472000,"SAN PEDRO RIVER NR REDINGTON, ARIZ",32.380628,-110.446471,AZ,003,15050203,15050203,15,2927.00,ST,Yes,Southwest,False,True
09472050,"SAN PEDRO R AT REDINGTON BRIDGE NR REDINGTON, AZ",32.44636667,-110.488275,AZ,019,15050203,15050203,15,3096,ST,Yes,Southwest,False,True
09472100,"PECK CANYON TRIB NEAR REDINGTON, ARIZ",32.48673779,-110.500642,AZ,019,15050203,15050203,15,8.02,ST,Yes,Southwest,False,True
09472500,"SAN PEDRO RIVER NEAR MAMMOTH, ARIZ.",32.74312304,-110.6478778,AZ,021,15050203,15050203,15,3583.00,ST,Yes,Southwest,False,True
09473000,"ARAVAIPA CREEK NEAR MAMMOTH, AZ.",32.84467778,-110.6292861,AZ,021,15050203,15050203,15,537.,ST,Yes,Southwest,False,True
09473020,ARAVAIPA CREEK NEAR FIELDMAN ARIZ,32.84173325,-110.6228776,AZ,021,15050203,15050203,15,557.00,ST,Yes,Southwest,False,True
09473100,SAN PEDRO RIVER BL ARAVAIPA CREEK NR MAMMOTH AZ.,32.85089994,-110.7248258,AZ,021,15050203,15050203,15,4343.00,ST,Yes,Southwest,False,True
09473400,"SAN PEDRO RIVER NEAR WINKELMAN, AZ.",32.94312166,-110.7492713,AZ,021,15050203,15050203,15,4430.00,ST,Yes,Southwest,False,True
09473500,"SAN PEDRO R AT WINKELMAN, ARIZ.",32.97728817,-110.770383,AZ,021,15050203,15050203,15,4453.00,ST,Yes,Southwest,False,True
09474000,"GILA RIVER AT KELVIN, AZ.",33.1028564,-110.9765231,AZ,021,15050100,15050100,15,18011,ST,Yes,Southwest,False,True
09474500,GILA RIVER AT BUTTES ARIZ,33.09172869,-111.1923398,AZ,021,15050100,15050100,15,18300.00,ST,Yes,Southwest,False,True
09475500,"FLORENCE-CASA GRANDE CANAL, NEAR FLORENCE, AZ.",33.09440556,-111.26015,AZ,021,15050100,15050100,15,,ST,Yes,Southwest,False,True
09475505,FLORENCE CASA GRANDE CANAL DIVERSION,33.0875614,-111.2867865,AZ,021,15050100,15050100,15,,ST,Yes,Southwest,False,True
09477570,"GILA RIVER AT ATTAWAY, AZ",33.01950464,-111.5287362,AZ,021,15050100,15050100,15,18776,ST,Yes,Southwest,False,True
09478350,"GILA RIVER NEAR SACATON, AZ.",33.0875563,-111.6870757,AZ,021,15050100,15050100,15,14988.60,ST,Yes,Southwest,False,True
09478500,"QUEEN CREEK BELOW WHITLOW DAM NR SUPERIOR, AZ.",33.29923849,-111.277644,AZ,021,15050100,15050100,15,144,ST,Yes,Southwest,False,True
09479000,QUEEN CREEK NEAR FLORENCE JUNCTION ARIZ,33.28755439,-111.3256827,AZ,021,15050100,15050100,15,192.00,ST,Yes,Southwest,False,True
09479200,QUEEN C TRIB A APACHE JUNC ARIZ,33.40366,-111.5415218,AZ,021,15050100,15050100,15,0.51,ST,Yes,Southwest,False,True
09479350,"GILA RIVER NEAR MARICOPA, AZ.",33.168661,-112.0073648,AZ,021,15050100,15050100,15,19915,ST,Yes,Southwest,False,True
09479500,"GILA RIVER NEAR LAVEEN, ARIZ.",33.2569917,-112.1670934,AZ,021,15050100,15050100,15,20615.00,ST,Yes,Southwest,False,True
09479501,GILA RIVER NEAR LAVEEN (MAIN CHANNEL),33.2569917,-112.1670934,AZ,021,15060106,15060106,15,20615.00,ST,Yes,Southwest,False,True
09479502,GILA RIVER NEAR LAVEEN (OVERFLOW CHANNEL),33.25226957,-112.1682045,AZ,021,15060106,15060106,15,,ST,Yes,Southwest,False,True
09480000,"SANTA CRUZ RIVER NEAR LOCHIEL, AZ",31.35540695,-110.5895553,AZ,023,15050301,15050301,15,82.2,ST,Yes,Southwest,False,True
09480500,"SANTA CRUZ RIVER NEAR NOGALES, AZ.",31.34457256,-110.8515066,AZ,023,15050301,15050301,15,533.00,ST,Yes,Southwest,False,True
09481000,"NOGALES WASH AT NOGALES, AZ",31.3432722,-110.9316722,AZ,023,15050301,15050301,15,29.3,ST,Yes,Southwest,False,True
09481500,"SONOITA CREEK NEAR PATAGONIA, ARIZ.",31.49981633,-110.8181418,AZ,023,15050301,15050301,15,209.00,ST,Yes,Southwest,False,True
09481740,"SANTA CRUZ RIVER AT TUBAC, AZ.",31.61304167,-111.040125,AZ,023,15050301,15050301,15,1210,ST,Yes,Southwest,False,True
09481770,"SANTA CRUZ RIVER NEAR AMADO, AZ",31.7447222,-111.0363889,AZ,019,15050301,15050301,15,1460.214,ST,Yes,Southwest,False,True
09482000,"SANTA CRUZ RIVER AT CONTINENTAL, AZ",31.87150114,-110.980125,AZ,019,15050301,15050301,15,1682.00,ST,Yes,Southwest,False,True
09482001,"SANTA CRUZ R AT CONTINENTAL, AZ",31.8714728,-110.9800905,AZ,019,15050301,15050301,15,1682,ST,Yes,Southwest,False,True
09482400,"AIRPORT WASH AT TUCSON, ARIZ.",32.15257754,-110.9817587,AZ,019,15050301,15050301,15,23.00,ST,Yes,Southwest,False,True
09482410,"RODEO WASH AT TUCSON, ARIZ.",32.17229938,-110.9770364,AZ,019,15050301,15050301,15,7.24,ST,Yes,Southwest,False,True
09482440,"SANTA CRUZ RIVER AT SILVERLAKE RD, AT TUCSON, AZ",32.2001111,-110.9878333,AZ,019,15050301,15050301,15,,ST,Yes,Southwest,False,True
09482490,SANTA CRUZ RIVER AT STARR PASS GCS AT TUCSON AZ,32.20705278,-110.9885333,AZ,019,15050301,15050301,15,,ST,Yes,Southwest,False,True
09482495,"SANTA CRUZ RIVER AT MISSION LANE GCS AT TUCSON, AZ",32.2142222,-110.9833056,AZ,019,15050301,15050301,15,,ST,Yes,Southwest,False,True
09482500,"SANTA CRUZ RIVER AT TUCSON, AZ",32.22118727,-110.9817589,AZ,019,15050301,15050301,15,2222.00,ST,Yes,Southwest,False,True
09482950,"RAILROAD WASH AT TUCSON,ARIZONA",32.21340969,-110.9464798,AZ,019,15050301,15050301,15,2.30,ST,Yes,Southwest,False,True
09483000,"TUCSON ARROYO AT VINE AVE, AT TUCSON, AZ.",32.21674295,-110.9489799,AZ,019,15050301,15050301,15,8.20,ST,Yes,Southwest,False,True
09483010,HIGH SCHOOL WASH AT TUCSON AZ,32.22452057,-110.9473132,AZ,019,15050301,15050301,15,0.95,ST,Yes,Southwest,False,True
09483100,"TANQUE VERDE CREEK NEAR TUCSON, ARIZ.",32.24674194,-110.6800822,AZ,019,15050302,15050302,15,43.00,ST,Yes,Southwest,False,True
09483300,SABINO C NR MT LEMMON ARIZ,32.4222982,-110.7520382,AZ,019,15050302,15050302,15,3.19,ST,Yes,Southwest,False,True
09484000,"SABINO CREEK NEAR TUCSON, AZ",32.3147222,-110.8109167,AZ,019,15050302,15050302,15,35.5,ST,Yes,Southwest,False,True
09484200,"BEAR CREEK NEAR TUCSON, ARIZ.",32.3061867,-110.8014776,AZ,019,15050302,15050302,15,16.30,ST,Yes,Southwest,False,True
09484500,"TANQUE VERDE CREEK AT TUCSON, AZ.",32.26425556,-110.8413,AZ,019,15050302,15050302,15,219,ST,Yes,Southwest,False,True
09484550,"CIENEGA CREEK NEAR SONOITA, AZ.",31.86555556,-110.57,AZ,019,15050302,15050302,15,198,ST,Yes,Southwest,False,True
09484560,"CIENEGA CREEK NEAR PANTANO, ARIZ",31.98563774,-110.5664674,AZ,019,15050302,15050302,15,289.00,ST,Yes,Southwest,False,True
09484580,"BARREL CANYON NEAR SONOITA, AZ",31.86175124,-110.691193,AZ,019,15050302,15050302,15,14.1,ST,Yes,Southwest,False,True
09484590,"DAVIDSON CANYON WASH NEAR VAIL, ARIZ.",31.99369299,-110.6450808,AZ,019,15050302,15050302,15,50.50,ST,Yes,Southwest,False,True
09484600,"PANTANO WASH NEAR VAIL, AZ.",32.03594255,-110.677618,AZ,019,15050302,15050302,15,457,ST,Yes,Southwest,False,True
09485000,"RINCON CREEK NEAR TUCSON, AZ.",32.12976667,-110.6258333,AZ,019,15050302,15050302,15,44.8,ST,Yes,Southwest,False,True
09485390,"ATTERBURY WASH TRIBUTARY AT TUCSON,ARIZONA",32.18591046,-110.8220307,AZ,019,15050302,15050302,15,4.97,ST,Yes,Southwest,False,True
09485450,"PANTANO WASH AT BROADWAY BLVD. AT TUCSON, AZ.",32.22083056,-110.8289278,AZ,019,15050302,15050302,15,599,ST,Yes,Southwest,False,True
09485500,PANTANO WASH NEAR TUCSON ARIZ,32.25007567,-110.8506429,AZ,019,15050302,15050302,15,602.00,ST,Yes,Southwest,False,True
09485550,"ARCADIA WASH AT TUCSON,ARIZONA",32.24368689,-110.8853664,AZ,019,15050302,15050302,15,2.72,ST,Yes,Southwest,False,True
09485571,ALAMO WASH JUN-SEP 1984,32.2606311,-110.8856448,AZ,019,15050302,15050302,15,,ST,Yes,Southwest,False,True
09485700,"RILLITO CREEK AT DODGE BOULEVARD, AT TUCSON, AZ.",32.2714643,-110.9145354,AZ,019,15050302,15050302,15,871,ST,Yes,Southwest,False,True
09485850,"RILLITO CREEK NEAR TUCSON, ARIZ",32.2886862,-110.9612047,AZ,019,15050302,15050302,15,892.00,ST,Yes,Southwest,False,True
09486000,"RILLITO CR NEAR TUCSON, AZ",32.29451938,-110.9853725,AZ,019,15050302,15050302,15,918.00,ST,Yes,Southwest,False,True
09486055,"RILLITO CREEK AT LA CHOLLA BLVD NEAR TUCSON, AZ.",32.3027611,-111.011375,AZ,019,15050301,15050301,15,922,ST,Yes,Southwest,False,True
09486100,CANADA DEL ORO NR ORACLE JUNCTION,32.56507286,-110.8473247,AZ,021,15050301,15050301,15,42.3,ST,Yes,Southwest,False,True
09486300,"CANADA DEL ORO NEAR TUCSON, AZ",32.3742403,-111.0092662,AZ,019,15050301,15050301,15,250,ST,Yes,Southwest,False,True
09486350,"CANADA DEL ORO BLW INA ROAD, NEAR TUCSON, AZ.",32.33621,-111.0420746,AZ,019,15050301,15050301,15,255,ST,Yes,Southwest,False,True
09486490,SANTA CRUZ RIVER AT INA RD NR TUCSON AZ,32.3381296,-111.0812106,AZ,019,15050301,15050301,15,2612.31,ST,Yes,Southwest,False,True
09486500,"SANTA CRUZ RIVER AT CORTARO, AZ",32.3507222,-111.095875,AZ,019,15050302,15050302,15,3503,ST,Yes,Southwest,False,True
09486510,"SANTA CRUZ RIVER NR. RILLITO, AZ.",32.40507247,-111.1528808,AZ,019,15050303,15050303,15,2673.399,ST,Yes,Southwest,False,True
09486515,"SANTA CRUZ RIVER AT SANDERS RD. NR. MARANA, AZ.",32.4350713,-111.2339934,AZ,019,15050303,15050303,15,2632.356,ST,Yes,Southwest,False,True
09486520,"SANTA CRUZ RIVER AT TRICO ROAD, NR MARANA, AZ.",32.47158889,-111.3019667,AZ,019,15050303,15050303,15,3641,ST,Yes,Southwest,False,True
09486580,"ARIVACA CREEK AT ARIVACA, AZ.",31.5734233,-111.3328764,AZ,019,15050301,15050301,15,56.8,ST,Yes,Southwest,False,True
09486590,"ARIVACA CREEK NEAR ARIVACA, AZ",31.58355556,-111.34975,AZ,019,15050304,15050304,15,43.0,ST,Yes,Southwest,False,True
09486600," ARIVACA WASH NR. ARIVACA, ARIZ.",31.60342236,-111.3837114,AZ,019,15050304,15050304,15,78.40,ST,Yes,Southwest,False,True
09486800,"ALTAR WASH NEAR THREE POINTS, AZ.",31.83908056,-111.4042667,AZ,019,15050304,15050304,15,463,ST,Yes,Southwest,False,True
09487000,"BRAWLEY WASH NEAR THREE POINTS, AZ.",32.0756601,-111.3387473,AZ,019,15050302,15050302,15,776,ST,Yes,Southwest,False,True
09487500,SANTA ROSA WASH AT GU KOMELIK NR SELLS ARIZ,32.50756264,-111.9520788,AZ,021,15050306,15050306,15,629.00,ST,Yes,Southwest,False,True
09488000,KOHATK WASH NEAR CHIAPUK NEAR SELLS ARIZ,32.55422498,-112.1506947,AZ,021,15050306,15050306,15,185.00,ST,Yes,Southwest,False,True
09488500,"SANTA ROSA WASH NR. VAIVA VO, ARIZ.",32.6675574,-111.9281879,AZ,021,15050306,15050306,15,1782.00,ST,Yes,Southwest,False,True
09488650,VEKOL WASH NR STANFIELD,32.8417162,-112.2518112,AZ,013,15050303,15050303,15,150,ST,Yes,Southwest,False,True
09489000,"SANTA CRUZ RIVER NEAR LAVEEN, AZ.",33.23262778,-112.1695806,AZ,021,15050303,15050303,15,8581,ST,Yes,Southwest,False,True
09489040,"WF SEVEN SPRINGS DRAW NR SPRINGVILLE,AZ",33.97616004,-109.373698,AZ,001,15060101,15060101,15,0.75,ST,Yes,Southwest,False,True
09489070,"NORTH FORK OF EAST FORK BLACK R NR ALPINE, AZ",33.90310584,-109.3228616,AZ,001,15060101,15060101,15,38.10,ST,Yes,Southwest,False,True
09489075,FOREST SERVICE GAGE EAST FORK WEIR,33.90310584,-109.3228616,AZ,001,15060101,15060101,15,38.4674,ST,Yes,Southwest,False,True
09489076,"BURRO MOUNTAIN WEIR NR GREER, AZ",33.89810477,-109.4731445,AZ,001,15060101,15060101,15,,ST,Yes,Southwest,False,True
09489078,"WF BLACK R NR ALPINE, AZ",33.76005179,-109.3756386,AZ,001,15060101,15060101,15,54.1,ST,Yes,Southwest,False,True
09489082,"NORTH FORK THOMAS CREEK NEAR ALPINE, AZ",33.67502778,-109.2701111,AZ,011,15060101,15060101,15,.73,ST,Yes,Southwest,False,True
09489086,"BEAVER CR NR ALPINE, AZ",33.73810786,-109.341748,AZ,011,15060101,15060101,15,59.1,ST,Yes,Southwest,False,True
09489100,"BLACK RIVER NEAR MAVERICK, ARIZ.",33.70755199,-109.4473074,AZ,001,15060101,15060101,15,315.00,ST,Yes,Southwest,False,True
09489200,"PACHETA CREEK AT MAVERICK, AZ",33.73977345,-109.5406442,AZ,001,15060101,15060101,15,14.80,ST,Yes,Southwest,False,True
09489499,"BLACK R AB WILLOW CR DIV NR POINT OF PINES, AZ",33.48144254,-109.7531442,AZ,009,15060101,15060101,15,560.00,ST,Yes,Southwest,False,True
09489500,"BLACK RVR BLW PUMPING PLANT, NR POINT OF PINES, AZ",33.4767422,-109.7639928,AZ,009,15060101,15060101,15,560,ST,Yes,Southwest,False,True
09489700,"BIG BONITO C NR FORT APACHE, ARIZ.",33.6672744,-109.8467605,AZ,001,15060101,15060101,15,119.00,ST,Yes,Southwest,False,True
09490000,TURKEY C NR FORT APACHE ARIZ,33.7375518,-109.8700957,AZ,001,15060101,15060101,15,12.70,ST,Yes,Southwest,False,True
09490500,"BLACK RIVER NEAR FORT APACHE, AZ.",33.71282949,-110.2117674,AZ,007,15060101,15060101,15,1232,ST,Yes,Southwest,False,True
09490800,"NORTH FORK WHITE RIVER NR. GREER, ARIZ.",34.01393579,-109.6423184,AZ,001,15060102,15060102,15,40.2,ST,Yes,Southwest,False,True
09492000,NORTH FORK WHITE RIVER AT WHITE RIVER ARIZ,33.84254989,-109.9589887,AZ,017,15060102,15060102,15,357.00,ST,Yes,Southwest,False,True
09492400,"EAST FORK WHITE RIVER NEAR FORT APACHE, AZ.",33.8222723,-109.8145413,AZ,001,15060102,15060102,15,38.8,ST,Yes,Southwest,False,True
09492500,ROCK C NR FORT APACHE ARIZ,33.82366119,-109.818708,AZ,001,15060102,15060102,15,20.30,ST,Yes,Southwest,False,True
09493000,EAST FORK WHITE RIVER AT FORT APACHE ARIZ,33.80005095,-109.9839879,AZ,017,15060102,15060102,15,135.00,ST,Yes,Southwest,False,True
09493500,WHITE R AT FORT APACHE ARIZ,33.78338474,-110.0006544,AZ,001,15060102,15060102,15,499.00,ST,Yes,Southwest,False,True
09494000,"WHITE RIVER NEAR FORT APACHE, AZ.",33.7364557,-110.1667837,AZ,007,15060102,15060102,15,632,ST,Yes,Southwest,False,True
09494200,"CARRIZO CREEK NEAR CIBECUE, AZ",34.1211111,-110.4169444,AZ,017,15060104,15060104,15,104.6755,ST,Yes,Southwest,False,True
09494300,"CARRIZO C AB CORDUROY C NR SHOW LOW, ARIZ.",34.00004739,-110.2895533,AZ,017,15060104,15060104,15,225.00,ST,Yes,Southwest,False,True
09494500,"Corduroy Cr abv Forestdale Cr nr Show Low, Ariz.",34.11115539,-110.1312205,AZ,017,15060104,15060104,15,57.00,ST,Yes,Southwest,False,True
09495000,"FORESTDALE CR DIV FROM SHOW LOW CR NR SHOW LOW, AZ",34.1778208,-110.0162198,AZ,017,15020005,15020005,15,,ST,Yes,Southwest,False,True
09495500,FORESTDALE C NR SHOW LOW ARIZ,34.1139331,-110.1298317,AZ,017,15060104,15060104,15,33.40,ST,Yes,Southwest,False,True
09495800,"CORDUROY CREEK NEAR SHOW LOW, AZ",34.0583333,-110.2130556,AZ,017,15060104,15060104,15,182.2580,ST,Yes,Southwest,False,True
09496000,"CORDUROY CREEK NEAR MOUTH NEAR SHOW LOW, AZ",34.01838007,-110.242331,AZ,017,15060104,15060104,15,203.00,ST,Yes,Southwest,False,True
09496500,"CARRIZO CREEK NEAR SHOW LOW, AZ.",33.98589336,-110.2809554,AZ,007,15060104,15060104,15,439.,ST,Yes,Southwest,False,True
09496600,"CIBECUE 1 TRIB CARRIZO CR NR SHOW LOW, ARIZ.",33.99115876,-110.3248314,AZ,007,15060104,15060104,15,0.09,ST,Yes,Southwest,False,True
09496700,"CIBECUE 2, TRIB CARRIZO CR, NR SHOW LOW, ARIZ.",33.9881032,-110.31122,AZ,007,15060104,15060104,15,0.06,ST,Yes,Southwest,False,True
09497500,"SALT RIVER NEAR CHRYSOTILE, AZ",33.79811903,-110.49984888,AZ,007,150601030208,150601030208,15,2849.0,ST,Yes,Southwest,False,True
09497700,"CIBECUE CREEK NEAR OVERGAARD, AZ",34.1572222,-110.5111111,AZ,017,15060104,15060104,15,30.5662,ST,Yes,Southwest,False,True
09497800,"CIBECUE CREEK NEAR CHRYSOTILE, AZ",33.84311759,-110.5576286,AZ,007,150601030108,150601030108,15,295.0,ST,Yes,Southwest,False,True
09497850,"CANYON CREEK NEAR GLOBE,ARIZ.",33.82977196,-110.6645555,AZ,007,15060103,15060103,15,316.00,ST,Yes,Southwest,False,True
09497900,"CHERRY CREEK NEAR YOUNG, AZ",34.0828216,-110.92429,AZ,007,15060103,15060103,15,62.10,ST,Yes,Southwest,False,True
09497980,"CHERRY CREEK NEAR GLOBE, AZ",33.8278262,-110.8562266,AZ,007,15060103,15060103,15,200,ST,Yes,Southwest,False,True
09498400,"PINAL CREEK AT INSPIRATION DAM, NR GLOBE, AZ.",33.5731068,-110.9012251,AZ,007,15060103,15060103,15,195,ST,Yes,Southwest,False,True
09498500,"SALT RIVER NEAR ROOSEVELT, AZ",33.61916667,-110.92208333,AZ,007,150601030905,150601030905,15,4306.0,ST,Yes,Southwest,False,True
094985005,"PINTO CREEK ABOVE HAUNTED CANYON NR MIAMI, AZ",33.40583333,-110.99861111,AZ,007,150601030703,150601030703,15,16.95,ST,Yes,Southwest,False,True
09498501,"PINTO CREEK BLW HAUNTED CANYON NR MIAMI, AZ",33.41866469,-111.0095609,AZ,007,15060103,15060103,15,37.3,ST,Yes,Southwest,False,True
09498502,"PINTO CREEK NEAR MIAMI, AZ",33.4878297,-110.9953942,AZ,007,15060103,15060103,15,102,ST,Yes,Southwest,False,True
09498503,"SOUTH FORK PARKER CREEK NEAR ROOSEVELT, AZ",33.79694444,-110.9598111,AZ,007,15060103,15060103,15,1.09,ST,Yes,Southwest,False,True
09498800,"TONTO CREEK NEAR GISELA, ARIZ.",34.1289271,-111.2554106,AZ,007,15060105,15060105,15,430.00,ST,Yes,Southwest,False,True
09498870,"RYE CREEK NR GISELA, ARIZ.",34.0333735,-111.292355,AZ,007,15060105,15060105,15,122.00,ST,Yes,Southwest,False,True
09499000,"TONTO CREEK ABOVE GUN CREEK, NEAR ROOSEVELT, AZ",33.98005443,-111.30348355,AZ,007,150601050311,150601050311,15,675.0,ST,Yes,Southwest,False,True
09499500,TONTO C NR ROOSEVELT ARIZ,33.8667103,-111.3006866,AZ,007,15060105,15060105,15,841.00,ST,Yes,Southwest,False,True
09500500,SALT RIVER AT ROOSEVELT ARIZ,33.67504813,-111.1590126,AZ,007,15060103,15060103,15,5824.00,ST,Yes,Southwest,False,True
09502000,"SALT RIVER BLW STEWART MOUNTAIN DAM, AZ.",33.55282304,-111.5765243,AZ,013,15060106,15060106,15,6232,ST,Yes,Southwest,False,True
09502500,SALT RIVER AT MCDOWELL ARIZ,33.5500448,-111.6506927,AZ,013,15060106,15060106,15,6268.00,ST,Yes,Southwest,False,True
09502750,"WALNUT CR NR ASHFORK, AZ.",34.9216841,-112.8429604,AZ,025,15060201,15060201,15,,ST,Yes,Southwest,False,True
09502800,"WILLIAMSON VALLEY WASH NEAR PAULDEN, AZ",34.8666865,-112.6132308,AZ,025,15060201,15060201,15,255.,ST,Yes,Southwest,False,True
09502830,"BIG CHINO WASH AT PAULDEN, AZ",34.8703611,-112.4699444,AZ,025,15060202,15060202,15,,ST,Yes,Southwest,False,True
09502900,"DEL RIO SPRINGS NEAR CHINO VALLEY, AZ",34.8255769,-112.4446148,AZ,025,15060202,15060202,15,40.9,ST,Yes,Southwest,False,True
09502960,"GRANITE CREEK AT PRESCOTT, AZ",34.55196864,-112.4623913,AZ,025,15060202,15060202,15,30.,ST,Yes,Southwest,False,True
09503000,"GRANITE CREEK NEAR PRESCOTT, AZ",34.56307975,-112.4448909,AZ,025,15060202,15060202,15,36.3,ST,Yes,Southwest,False,True
09503300,"GRANITE CREEK BELOW WATSON LAKE NEAR PRESCOTT, AZ",34.6136111,-112.4172222,AZ,025,15060202,15060202,15,47.2,ST,Yes,Southwest,False,True
09503500,"WILLOW CR NR PRESCOTT, AZ",34.60835728,-112.4257239,AZ,025,15060202,15060202,15,25.2,ST,Yes,Southwest,False,True
09503700,"VERDE RIVER NEAR PAULDEN, AZ",34.89502016,-112.3429468,AZ,025,15060202,15060202,15,2507.,ST,Yes,Southwest,False,True
09503720,"HELL CANYON NEAR WILLIAMS, ARIZ.",35.16029206,-112.210447,AZ,005,15060202,15060202,15,14.90,ST,Yes,Southwest,False,True
09503800,"VOLUNTEER WASH NEAR BELLEMONT, ARIZ.",35.1505681,-111.8990515,AZ,005,15060202,15060202,15,131.00,ST,Yes,Southwest,False,True
09503990,"SYCAMORE CREEK ABOVE VERDE RVR, NEAR CLARKDALE, AZ",34.8648611,-112.0741667,AZ,025,15060202,15060202,15,470.66,ST,Yes,Southwest,False,True
09504000,"VERDE RIVER NEAR CLARKDALE, AZ",34.8522416,-112.065994,AZ,025,15060202,15060202,15,3503.,ST,Yes,Southwest,False,True
09504350,"WEST FORK OAK CREEK NR SEDONA, AZ",34.98775,-111.7461944,AZ,005,15060202,15060202,15,42.8,ST,Yes,Southwest,False,True
09504420,"OAK CREEK NEAR SEDONA, AZ",34.86153889,-111.7619972,AZ,005,15060202,15060202,15,233.,ST,Yes,Southwest,False,True
09504421,OAK CREEK AT TOWN OF SEDONA,34.8861111,-111.7277778,AZ,025,15060202,15060202,15,,ST,Yes,Southwest,False,True
09504430,"OAK CREEK AT SEDONA, AZ",34.86168418,-111.7618227,AZ,005,15060202,15060202,15,233.00,ST,Yes,Southwest,False,True
09504500,"OAK CREEK NEAR CORNVILLE, AZ",34.76446436,-111.8909885,AZ,025,15060202,15060202,15,355.,ST,Yes,Southwest,False,True
09504950,"VERDE RIVER ABOVE CAMP VERDE, AZ",34.6116972,-111.8984306,AZ,025,15060202,15060202,15,,ST,Yes,Southwest,False,True
09505000,VERDE RIVER AT CAMP VERDE ARIZ,34.5736355,-111.8576514,AZ,025,15060202,15060202,15,4214.00,ST,Yes,Southwest,False,True
09505200,"WET BEAVER CREEK NEAR RIMROCK, AZ",34.67474409,-111.672094,AZ,025,15060202,15060202,15,111,ST,Yes,Southwest,False,True
09505220,"ROCKY GULCH NR RIMROCK, AZ",34.7469655,-111.4945933,AZ,005,15060202,15060202,15,1.40,ST,Yes,Southwest,False,True
09505250,"RED TANK DRAW NEAR RIMROCK, AZ",34.695299,-111.7143174,AZ,025,15060202,15060202,15,48.00,ST,Yes,Southwest,False,True
09505300,"RATTLESNAKE CANYON NEAR RIMROCK, AZ",34.76696436,-111.6737629,AZ,025,15060202,15060202,15,24.60,ST,Yes,Southwest,False,True
09505350,"DRY BEAVER CREEK NEAR RIMROCK, AZ",34.72863146,-111.775708,AZ,025,15060202,15060202,15,142.,ST,Yes,Southwest,False,True
09505400,"BEAVER CREEK NR LAKE MONTEZUMA, AZ",34.615,-111.8372222,AZ,025,15060202,15060202,15,425.8817,ST,Yes,Southwest,False,True
09505500,"BEAVER CREEK AT CAMP VERDE, ARIZ",34.57502439,-111.8590404,AZ,025,15060202,15060202,15,433.00,ST,Yes,Southwest,False,True
09505550,"VERDE RIVER BELOW CAMP VERDE, AZ",34.5505805,-111.851262,AZ,025,15060203,15060203,15,4653.00,ST,Yes,Southwest,False,True
09505800,"WEST CLEAR CREEK NEAR CAMP VERDE, AZ",34.53863606,-111.6940356,AZ,025,15060203,15060203,15,241.,ST,Yes,Southwest,False,True
09506000,"VERDE RIVER NEAR CAMP VERDE, AZ",34.4483605,-111.7898705,AZ,025,15060203,15060203,15,5009.,ST,Yes,Southwest,False,True
09506500,"VERDE RIVER AT CHILDS NR CAMP VERDE, AZ",34.3500297,-111.700702,AZ,025,15060203,15060203,15,5098,ST,Yes,Southwest,False,True
09507480,"FOSSIL CREEK NEAR STRAWBERRY, AZ",34.39430556,-111.63,AZ,007,15060203,15060203,15,68.5,ST,Yes,Southwest,False,True
09507500,"FOSSIL CR DIV TO CHILDS POWERPLANT, NR CAMP VERDE",34.3683626,-111.6662568,AZ,025,15060203,15060203,15,,ST,Yes,Southwest,False,True
09507580,"EAST VERDE R DIV FROM EAST CLEAR CR NR PINE, AZ",34.41780739,-111.2637469,AZ,007,15060203,15060203,15,,ST,Yes,Southwest,False,True
09507600,"EAST VERDE RIVER NR PINE, AZ",34.3916971,-111.2687467,AZ,007,15060203,15060203,15,6.34,ST,Yes,Southwest,False,True
09507700,"WEBBER CR AB WEST FORK WEBBER CR N PINE, AZ",34.41114028,-111.3729165,AZ,007,15060203,15060203,15,4.79,ST,Yes,Southwest,False,True
09507800,"WEST FORK WEBBER CR N PINE, AZ",34.40836258,-111.3743054,AZ,007,15060203,15060203,15,4.27,ST,Yes,Southwest,False,True
09507900,WEBBER C BL WF WEB C NR PINE ARIZ,34.40419608,-111.3687496,AZ,007,15060203,15060203,15,9.63,ST,Yes,Southwest,False,True
09507950,EAST VERDE R NR PAYSON ARIZ,34.2208671,-111.4923624,AZ,007,15060203,15060203,15,272.00,ST,Yes,Southwest,False,True
09507980,"EAST VERDE RIVER NEAR CHILDS, AZ",34.27642068,-111.6387561,AZ,007,15060203,15060203,15,331,ST,Yes,Southwest,False,True
09508000,"VERDE RIVER BELOW EAST VERDE RIVER NEAR CHILDS, AZ",34.2635583,-111.6815278,AZ,025,15060203,15060203,15,5606.00,ST,Yes,Southwest,False,True
09508300,"WET BOTTOM CREEK NEAR CHILDS, AZ",34.16086787,-111.6929235,AZ,007,15060203,15060203,15,36.4,ST,Yes,Southwest,False,True
09508500,"VERDE RVR BLW TANGLE CREEK, ABV HORSESHOE DAM, AZ",34.0731053,-111.71627341,AZ,025,150602030409,150602030409,15,5858.0,ST,Yes,Southwest,False,True
09509000,VERDE R A BART RES N CAVE C ARIZ,33.9500394,-111.6840318,AZ,013,15060203,15060203,15,6065.00,ST,Yes,Southwest,False,True
09510000,"VERDE RIVER BELOW BARTLETT DAM, AZ",33.80837509,-111.6634729,AZ,013,15060203,15060203,15,6161,ST,Yes,Southwest,False,True
09510070,"WF SYCAMORE CR AB MCFAR CAN, N SUNFLOWER, AZ",33.96059568,-111.4873585,AZ,013,15060203,15060203,15,4.58,ST,Yes,Southwest,False,True
09510080,"WEST FORK SYCAMORE CR NR SUNFLOWER, ARIZ.",33.9458737,-111.4854139,AZ,013,15060203,15060203,15,9.80,ST,Yes,Southwest,False,True
09510100,"EAST FORK SYCAMORE CREEK NEAR SUNFLOWER, ARIZ.",33.94948498,-111.4615245,AZ,013,15060203,15060203,15,4.49,ST,Yes,Southwest,False,True
09510150,"SYCAMORE CREEK NEAR SUNFLOWER, ARIZ.",33.85143118,-111.45319,AZ,013,15060203,15060203,15,52.30,ST,Yes,Southwest,False,True
09510170,"CAMP CREEK NEAR SUNFLOWER, AZ",33.75976554,-111.4962457,AZ,013,15060203,15060203,15,2.60,ST,Yes,Southwest,False,True
09510180," ROCK CREEK NEAR SUNFLOWER, ARIZ.",33.7303214,-111.508468,AZ,013,15060203,15060203,15,15.20,ST,Yes,Southwest,False,True
09510200,"SYCAMORE CREEK NEAR FORT MCDOWELL, AZ",33.69421054,-111.541802,AZ,013,15060203,15060203,15,164,ST,Yes,Southwest,False,True
09511300,"VERDE RIVER NEAR SCOTTSDALE, AZ",33.5586557,-111.6693043,AZ,013,15060203,15060203,15,6615.00,ST,Yes,Southwest,False,True
09511500,SALT RIVER BELOW GRANITE REEF DAM,33.51421155,-111.6909713,AZ,013,15060106,15060106,15,,ST,Yes,Southwest,False,True
09512060,"SALT RIVER AT ALMA SCHOOL RD NR MESA,AZ",33.45310077,-111.8576418,AZ,013,15060106,15060106,15,,ST,Yes,Southwest,False,True
09512070,"SALT R AT HAYDEN ROAD, AT TEMPE, AZ",33.43448977,-111.9101432,AZ,013,15060106,15060106,15,13059.00,ST,Yes,Southwest,False,True
09512100,INDIAN BEND WASH AT SCOTTSDALE ARIZ,33.53865414,-111.9165334,AZ,013,15060106,15060106,15,139.00,ST,Yes,Southwest,False,True
09512162,"INDIAN BEND WASH AT CURRY ROAD, TEMPE, AZ.",33.4403423,-111.9151624,AZ,013,15060106,15060106,15,82,ST,Yes,Southwest,False,True
09512165,"SALT RIVER AT PRIEST DRIVE NEAR PHOENIX, AZ.",33.43948927,-111.9609781,AZ,013,15060106,15060106,15,13223,ST,Yes,Southwest,False,True
09512170,"SALT RIVER AT JOINTHEAD DAM, PHOENIX, ARIZ.",33.44032249,-111.9734785,AZ,013,15060106,15060106,15,13225.00,ST,Yes,Southwest,False,True
09512180,SALT R TRIB 2 AT PHOENIX ARIZ,33.4600442,-111.9745899,AZ,013,15060106,15060106,15,0.04,ST,Yes,Southwest,False,True
09512190,SALT RIVER AT 24TH STREET AT PHOENIX,33.41560044,-112.0298688,AZ,013,15060106,15060106,15,13263,ST,Yes,Southwest,False,True
09512200,"SALT RIVER TRIB. IN SOUTH MNTN PARK NR PHOENIX, AZ",33.34699047,-112.0848697,AZ,013,15060106,15060106,15,1.75,ST,Yes,Southwest,False,True
09512280,"CAVE CREEK BLW COTTONWOOD CR NEAR CAVE CREEK, AZ.",33.88704167,-111.95419444,AZ,013,150701020602,150701020602,15,82.7,ST,Yes,Southwest,False,True
09512300,CAVE CREEK NR CAVE CREEK ARIZ,33.78337158,-112.0073716,AZ,013,15060106,15060106,15,121.00,ST,Yes,Southwest,False,True
09512400,"CAVE CREEK AT PHOENIX, ARIZ.",33.58226304,-112.1126513,AZ,013,15060106,15060106,15,252.00,ST,Yes,Southwest,False,True
09512405,"SALT R AT 35TH AVE AT PHOENIX, AZ",33.4122664,-112.1343166,AZ,013,15060106,15060106,15,13770.00,ST,Yes,Southwest,False,True
09512406,"SALT RIVER AT 51ST AVENUE, PHOENIX, AZ",33.40143305,-112.168762,AZ,013,15060106,15060106,15,13405,ST,Yes,Southwest,False,True
09512407,"91ST AVE WWTP OUTFALL NR PHOENIX, AZ",33.3894882,-112.2543201,AZ,013,15060106,15060106,15,,ST,Yes,Southwest,False,True
09512450,"AGUA FRIA RIVER NEAR HUMBOLDT, AZ",34.48527778,-112.2375,AZ,025,15070102,15070102,15,175,ST,Yes,Southwest,False,True
09512495,"PERRY CANAL NR MAYER, AZ",34.31502955,-112.0648788,AZ,025,15070102,15070102,15,588.00,ST,Yes,Southwest,False,True
09512500,"AGUA FRIA RIVER NEAR MAYER, AZ",34.3153073,-112.0640455,AZ,025,15070102,15070102,15,585,ST,Yes,Southwest,False,True
09512501,SYCAMORE DAM SITE TOTAL,34.3153073,-112.0640455,AZ,025,15070102,15070102,15,588.00,ST,Yes,Southwest,False,True
09512600,TURKEY CREEK NEAR CLEATOR ARIZONA,34.282252,-112.2076612,AZ,025,15070102,15070102,15,89.40,ST,Yes,Southwest,False,True
09512800,"AGUA FRIA RIVER NEAR ROCK SPRINGS, AZ",34.01558948,-112.1679378,AZ,025,15070102,15070102,15,1111,ST,Yes,Southwest,False,True
09512830,BOULDER CREEK NR ROCK SPRINGS AZ.,33.9986449,-112.2165508,AZ,025,15070102,15070102,15,37.80,ST,Yes,Southwest,False,True
09512860,"HUMBUG CREEK, NEAR CASTLE HOT SPRINGS, AZ",33.96725579,-112.2934977,AZ,025,15070102,15070102,15,59.9,ST,Yes,Southwest,False,True
09512970,"COTTONWOOD CREEK NEAR WADDELL DAM, AZ",33.8986453,-112.3115529,AZ,025,15070102,15070102,15,9.28,ST,Yes,Southwest,False,True
09513000,AGUA FRIA RIVER AT WADDELL DAM ARIZ,33.85559047,-112.2668282,AZ,013,15070102,15070102,15,1459.00,ST,Yes,Southwest,False,True
09513650,"AGUA FRIA RIVER AT EL MIRAGE, AZ",33.60670557,-112.3046032,AZ,013,15070102,15070102,15,1628.00,ST,Yes,Southwest,False,True
09513700,AGUA FRIA R TRIB A YOUNGTOWN ARIZ,33.5797617,-112.3012692,AZ,013,15070102,15070102,15,0.13,ST,Yes,Southwest,False,True
09513780,"NEW RIVER NEAR ROCK SPRINGS, AZ.",33.97436667,-112.09909444,AZ,013,150701020805,150701020805,15,68.3,ST,Yes,Southwest,False,True
09513800,"NEW RIVER AT NEW RIVER, ARIZ.",33.91142428,-112.1412685,AZ,013,15070102,15070102,15,83.30,ST,Yes,Southwest,False,True
09513835,"NEW RIVER AT BELL ROAD, NEAR PEORIA, ARIZ.",33.63837197,-112.2401568,AZ,013,15070102,15070102,15,185,ST,Yes,Southwest,False,True
09513860,"SKUNK CREEK NEAR PHOENIX, AZ",33.72993333,-112.11964722,AZ,013,150701020806,150701020806,15,64.9,ST,Yes,Southwest,False,True
09513910,"NEW RIVER NR GLENDALE, ARIZ.",33.5367072,-112.2818232,AZ,013,15070102,15070102,15,323.00,ST,Yes,Southwest,False,True
09513970,"AGUA FRIA RIVER AT AVONDALE, ARIZ.",33.43504225,-112.3337681,AZ,013,15070102,15070102,15,2066,ST,Yes,Southwest,False,True
09514000," BUCKEYE CANAL NEAR AVONDALE, ARIZ.",33.3939316,-112.3740469,AZ,013,15070101,15070101,15,,ST,Yes,Southwest,False,True
09514020,LUKE AFB OIL/WATER CANAL,33.53059567,-112.3704376,AZ,013,15070102,15070102,15,,ST,Yes,Southwest,False,True
09514100,"GILA RIVER AT ESTRELLA PARKWAY, NEAR GOODYEAR, AZ",33.3875427,-112.3923808,AZ,013,15070101,15070101,15,45585,ST,Yes,Southwest,False,True
09514300,"GILA R AT STATE HWY 85, NR BUCKEYE, AZ",33.33420907,-112.6234998,AZ,013,15070101,15070101,15,46345.00,ST,Yes,Southwest,False,True
09514500,HASSAYAMPA RIVER NEAR WAGONER ARIZ,34.3000267,-112.5673952,AZ,025,15030203,15030203,15,78.70,ST,Yes,Southwest,False,True
09515000,"HASSAYAMPA RIVER AT WALNUT GROVE NR WAGONER, AZ",34.27502718,-112.5465613,AZ,025,15070103,15070103,15,107,ST,Yes,Southwest,False,True
09515500,HASSAYAMPA RIVER AT BOX DAMSITE NR WICKENBURG AZ,34.0450291,-112.7098996,AZ,025,15070103,15070103,15,417.00,ST,Yes,Southwest,False,True
09516500,"HASSAYAMPA RIVER NEAR MORRISTOWN, AZ.",33.88503188,-112.6621198,AZ,013,15070103,15070103,15,796,ST,Yes,Southwest,False,True
09517000,"HASSAYAMPA RIVER NEAR ARLINGTON, AZ",33.3472844,-112.7257391,AZ,013,15070103,15070103,15,1471,ST,Yes,Southwest,False,True
09517100,"Centennial Wash nr Gladden, Az.",33.91416667,-113.3969444,AZ,012,15070104,15070104,15,,ST,Yes,Southwest,False,True
09517490,CENTENNIAL WASH AT SOUTHERN PACIFIC RAILROAD BRDG,33.31031984,-112.8818423,AZ,013,15070104,15070104,15,1817.00,ST,Yes,Southwest,False,True
09517500,"CENTENNIAL WASH NR ARLINGTON, AZ",33.2700431,-112.79795,AZ,013,15070101,15070101,15,1870.,ST,Yes,Southwest,False,True
09518000,"GILA RIVER ABOVE DIVERSIONS, AT GILLESPIE DAM, AZ",33.22921044,-112.7673929,AZ,013,15070101,15070101,15,49650,ST,Yes,Southwest,False,True
09518500,"GILA BEND CANAL AT GILLESPIE DAM, AZ",33.2292317,-112.7674059,AZ,013,15070101,15070101,15,49650,ST,Yes,Southwest,False,True
09519000,"ENTERPRISE CANAL AT GILLESPIE DAM, AZ",33.2292104,-112.7715597,AZ,013,15070101,15070101,15,49650,ST,Yes,Southwest,False,True
09519500,"GILA RIVER BELOW GILLESPIE DAM, AZ (FLOW BLW DAM)",33.22921044,-112.7673929,AZ,013,15070101,15070101,15,49650,ST,Yes,Southwest,False,True
09519501,"GILA R BLW GILLESPIE DAM, AZ (LOW-FLOW STATION)",33.22921044,-112.7673929,AZ,013,15070101,15070101,15,,ST,Yes,Southwest,False,True
09519502,"GILA R BEL GILLESPIE DAM,ARIZ-FLOW OVER DAM ONLY",33.22921044,-112.7673929,AZ,013,15070101,15070101,15,49650.00,ST,Yes,Southwest,False,True
09519760,"SAUCEDA WASH NEAR GILA BEND, AZ",32.870603,-112.7590528,AZ,013,15070101,15070101,15,126,ST,Yes,Southwest,False,True
09519800,"GILA RIVER BELOW PAINTED ROCK DAM, AZ",33.07810833,-113.01807778,AZ,013,150702010207,150702010207,15,50910.0,ST,Yes,Southwest,False,True
09520000,GILA RIVER NEAR SENTINEL ARIZ,33.00004679,-113.1840712,AZ,013,15070201,15070201,15,51610.00,ST,Yes,Southwest,False,True
09520030,"GILA RIVER NEAR AGUA CALIENTE, ARIZ.",32.9619913,-113.3051864,AZ,013,15070201,15070201,15,,ST,Yes,Southwest,False,True
09520170,"RIO CORNEZ NR AJO, AZ",32.4995006,-112.8812676,AZ,019,15070202,15070202,15,243.00,ST,Yes,Southwest,False,True
09520280,"GILA RIVER NEAR DATELAND, AZ",32.87928056,-113.5412639,AZ,027,15070201,15070201,15,55000,ST,Yes,Southwest,False,True
09520360,"GILA RIVER NEAR MOHAWK, AZ",32.7883797,-113.7640918,AZ,027,15070201,15070201,15,55430.00,ST,Yes,Southwest,False,True
09520500,"GILA RIVER NEAR DOME, AZ",32.7608789,-114.4205019,AZ,027,15070201,15070201,15,57850,ST,Yes,Southwest,False,True
09520700,"GILA RIVER NEAR MOUTH, NEAR YUMA, AZ",32.7106028,-114.5524502,AZ,027,15070201,15070201,15,57950.00,ST,Yes,Southwest,False,True
09520701,GILA RIVER AT MOUTH (FLOW PAST GAGE ONLY),32.7125472,-114.5532836,AZ,027,15070201,15070201,15,,ST,Yes,Southwest,False,True
09520900,"COLORADO RVR ABV OCEAN TO OCEAN BRIDGE NR YUMA, AZ",32.72652778,-114.6019333,AZ,027,15030107,15030107,15,,ST,Yes,Southwest,False,True
09521000,"COLORADO RIVER AT YUMA, AZ",32.72921358,-114.6216191,AZ,027,15030107,15030107,15,242900.,ST,Yes,Southwest,False,True
09522000,"COLORADO RIVER AT NIB, ABOVE MORELOS DAM, AZ",32.7186587,-114.7188444,AZ,027,15030108,15030108,15,246700.,ST,Yes,Southwest,False,True
09522200,"COLORADO RIVER AT SIB NEAR SAN LUIS, AZ",32.49672163,-114.8141256,AZ,027,15030107,15030107,15,246700,ST,Yes,Southwest,False,True
09522500,"GILA GRAVITY MAIN CANAL AT IMPERIAL DAM, AZ-CA",32.8712,-114.4500806,AZ,027,15030107,15030107,15,,ST,Yes,Southwest,False,True
09522600,"NORTH GILA MAIN CANAL NEAR YUMA, AZ",32.80296389,-114.4953222,AZ,027,15030107,15030107,15,,ST,Yes,Southwest,False,True
09522650,"NORTH GILA MAIN CANAL NO. 2 NEAR YUMA, AZ",32.75266667,-114.4939472,AZ,027,15030107,15030107,15,,ST,Yes,Southwest,False,True
09522660,"GILA MONSTER FARMS TURNOUT NO. 1 NEAR YUMA, AZ",32.74586944,-114.4787944,AZ,027,15070201,15070201,15,,ST,Yes,Southwest,False,True
09522680,"GILA MONSTER FARMS TURNOUT NO. 2 NEAR YUMA, AZ",32.74388889,-114.4616667,AZ,027,15070201,15070201,15,,ST,Yes,Southwest,False,True
09522700,"WELLTON-MOHAWK MAIN CANAL NEAR YUMA, AZ",32.7422683,-114.4338356,AZ,027,15070201,15070201,15,,ST,Yes,Southwest,False,True
09522701,WELLTON-MOHAWK CANAL H1,32.7422683,-114.4338356,AZ,027,15070201,15070201,15,,ST,Yes,Southwest,False,True
09522703,WELLTON-MOHAWK CANAL K VALUES (BOTH GATES),32.7422683,-114.4338356,AZ,027,15070201,15070201,15,,ST,Yes,Southwest,False,True
09522712,WELLTON-MOHAWK CANAL GATE OPENING,32.7422683,-114.4338356,AZ,027,15070201,15070201,15,,ST,Yes,Southwest,False,True
09522800,"SOUTH GILA MAIN CANAL NEAR YUMA, AZ",32.68743889,-114.4721778,AZ,027,15070201,15070201,15,,ST,Yes,Southwest,False,True
09522850,"GILA GRAVITY CANAL AT YUMA-MESA PUMPING PLANT, AZ",32.68175,-114.4703639,AZ,027,15030108,15030108,15,,ST,Yes,Southwest,False,True
09522860,CITY OF YUMA DIVERSION AT AVENUE 9E PUMPING PLANT,32.68688889,-114.4723333,AZ,027,15070201,15070201,15,,ST,Yes,Southwest,False,True
09522880,"MCAS DIVERSION OF B CANAL NEAR YUMA, AZ",32.64888889,-114.5822222,AZ,027,15030108,15030108,15,,ST,Yes,Southwest,False,True
09522900,"UNIT B CANAL NEAR YUMA, AZ",32.6180361,-114.6304306,AZ,027,15030108,15030108,15,,ST,Yes,Southwest,False,True
09525500,"YUMA MAIN CANAL BLW COLORADO R. SIPHON AT YUMA, AZ",32.7274,-114.6212694,AZ,027,15030108,15030108,15,,ST,Yes,Southwest,False,True
09525503,YUMA MAIN CANAL BL COLO R SIPHON (HEAD),32.73032465,-114.6199524,AZ,027,15030107,15030107,15,,ST,Yes,Southwest,False,True
09526000,DIVERSION FROM YUMA MAIN CANAL FOR YUMA MUNICIPAL,32.72638889,-114.6172222,AZ,027,15030107,15030107,15,,ST,Yes,Southwest,False,True
09527900,"MITTRY LAKE OUTLET CHANNEL NR YUMA, AZ",32.8191831,-114.4855873,AZ,027,15030107,15030107,15,,ST,Yes,Southwest,False,True
09528000,"YUMA CANAL AT LAGUNA DAM, AZ-CA",32.82504406,-114.4952265,AZ,027,15030107,15030107,15,,ST,Yes,Southwest,False,True
09528200,COCOPAH DIVERSION FROM WEST MAIN CANAL NR SOMERTON,32.61833333,-114.7616667,AZ,027,15030107,15030107,15,,ST,Yes,Southwest,False,True
09528600,"LAGUNA CANAL WASTEWAY NEAR YUMA, AZ",32.8158776,-114.4910597,AZ,027,15030107,15030107,15,,ST,Yes,Southwest,False,True
09528800,"LEVEE CANAL WASTEWAY NEAR YUMA, AZ",32.75868889,-114.5240028,AZ,027,15030107,15030107,15,,ST,Yes,Southwest,False,True
09529000,"GILA DRAIN NO. 1 NEAR YUMA, AZ",32.75877778,-114.5226139,AZ,027,15030107,15030107,15,,ST,Yes,Southwest,False,True
09529050,"N. GILA DRAIN NO. 3 NR YUMA, AZ",32.7411576,-114.608841,AZ,027,15070201,15070201,15,,ST,Yes,Southwest,False,True
09529100,"FORTUNA WASTWAY NR YUMA, AZ",32.71004709,-114.4455024,AZ,027,15070201,15070201,15,,ST,Yes,Southwest,False,True
09529150,"NORTH GILA MAIN CANAL WASTEWAY NEAR YUMA, AZ",32.72628056,-114.5042444,AZ,027,15070201,15070201,15,,ST,Yes,Southwest,False,True
09529160,"SOUTH GILA PUMP OUTLET CHANNEL NO 3 NEAR YUMA, AZ",32.7178246,-114.5041154,AZ,027,15070201,15070201,15,,ST,Yes,Southwest,False,True
09529200,"BRUCE CHURCH DRAIN NR YUMA, AZ",32.7239356,-114.5193937,AZ,027,15070201,15070201,15,,ST,Yes,Southwest,False,True
09529240,"SOUTH GILA PUMP OUTLET CHANNEL NO 2 NEAR YUMA, AZ",32.70865835,-114.5299495,AZ,027,15070201,15070201,15,,ST,Yes,Southwest,False,True
09529250,"BRUCE CHURCH WASTEWAY NEAR YUMA, AZ",32.71555556,-114.533386,AZ,027,15070201,15070201,15,,ST,Yes,Southwest,False,True
09529300,"WELLTON-MOHAWK MAIN OUTLET DRAIN NR YUMA, AZ",32.74210278,-114.4369028,AZ,027,15070201,15070201,15,,ST,Yes,Southwest,False,True
09529350,"WELLTON-MOHAWK MAIN OUTLET DRAIN AB GILA R, ARIZ",32.70976949,-114.5480056,AZ,027,15070201,15070201,15,,ST,Yes,Southwest,False,True
09529360,"SOUTH GILA PUMP OUTLET CHANNEL NO 1 NEAR YUMA, AZ",32.70671407,-114.5560614,AZ,027,15070201,15070201,15,,ST,Yes,Southwest,False,True
09529400,"SOUTH GILA DRAIN NO. 2 NR YUMA, AZ",32.72060257,-114.573562,AZ,027,15030107,15030107,15,,ST,Yes,Southwest,False,True
09529420,"SOUTH GILA TERMINAL CANAL WASTEWAY NR YUMA, AZ",32.693659,-114.58134,AZ,027,15030107,15030107,15,,ST,Yes,Southwest,False,True
09529440,"SOUTH GILA PUMP OUTLET CHANNEL NO 4 NEAR YUMA, AZ",32.71282513,-114.5980072,AZ,027,15030107,15030107,15,,ST,Yes,Southwest,False,True
09530200,"YUMA MESA OUTLET DRAIN NEAR YUMA, AZ",32.730047,-114.658287,AZ,027,15030107,15030107,15,,ST,Yes,Southwest,False,True
09531700,WELLTON-MOHAWK MAIN OUTLET DRAIN EXTENSION NR YUMA,32.73171367,-114.6668983,AZ,027,15030107,15030107,15,,ST,Yes,Southwest,False,True
09531800,"MAIN OUTLET DR EXTENSION 2 AB MORELOS DAM, AZ.",32.7283806,-114.7146776,AZ,027,15030107,15030107,15,,ST,Yes,Southwest,False,True
09531850,COOPER WASTEWAY,32.7125478,-114.7216222,AZ,027,15030107,15030107,15,,ST,Yes,Southwest,False,True
09531900,"MAIN OUTLET DR EXTENSION 3 BL MORELOS DAM, AZ.",32.70421477,-114.725789,AZ,027,15030107,15030107,15,,ST,Yes,Southwest,False,True
09532500,ELEVEN MILE WASTEWAY,32.66227173,-114.7482896,AZ,027,15030107,15030107,15,,ST,Yes,Southwest,False,True
09532600,REGULATORY WASTE-YUMA VLY. DIV. (5315+5325+5330),32.65838298,-114.7507896,AZ,027,15030108,15030108,15,,ST,Yes,Southwest,False,True
09533000,TWENTY-ONE MILE WASTEWAY,32.52275,-114.7993056,AZ,027,15030107,15030107,15,,ST,Yes,Southwest,False,True
09534000,YUMA MAIN DRAIN ABOVE ARIZONA-SONORA BOUNDARY,32.48758333,-114.7896667,AZ,027,15030108,15030108,15,,ST,Yes,Southwest,False,True
09534300,W MAIN CANAL WASTEWAY AT AZ-SON BDRY,32.4903329,-114.7932912,AZ,027,15030108,15030108,15,,ST,Yes,Southwest,False,True
09534500,E MAIN CANAL WASTEWAY AT AZ-SON BDRY,32.48699965,-114.7844019,AZ,027,15030108,15030108,15,,ST,Yes,Southwest,False,True
09534550,242 LATERAL ABOVE MAIN DRAIN AT AZ-SONORA BOUNDRY,32.48694444,-114.7872222,AZ,027,15030108,15030108,15,,ST,Yes,Southwest,False,True
09535100,"SAN SIMON WASH NEAR PISINIMO, AZ.",32.044237,-112.3709706,AZ,019,15080101,15080101,15,569,ST,Yes,Southwest,False,True
09535295,"VAMORI WASH AT INTL BOUNDARY NEAR SELLS, AZ.",31.56008786,-111.7834486,AZ,019,15080102,15080102,15,246.4854,ST,Yes,Southwest,False,True
09535300,"VAMORI WASH AT KOM VO, AZ",31.95121357,-112.3479399,AZ,019,15080101,15080101,15,1250.00,ST,Yes,Southwest,False,True
09536500,WEST TURKEY CR NR LIGHT ARIZ,31.8667576,-109.4172857,AZ,003,15050201,15050201,15,19.00,ST,Yes,Southwest,False,True
09537000,WHITEWATER DRAW NEAR RUCKER ARIZ,31.7500947,-109.4006198,AZ,003,15080301,15080301,15,38.70,ST,Yes,Southwest,False,True
09537200,"LESLIE CREEK NEAR MCNEAL, AZ.",31.59012789,-109.5089722,AZ,003,15080301,15080301,15,79.1,ST,Yes,Southwest,False,True
09537500,"WHITEWATER DRAW NEAR DOUGLAS, AZ.",31.35285278,-109.5857194,AZ,003,15080301,15080301,15,1023,ST,Yes,Southwest,False,True
09537700,"BLACK DRAW AT SAN BERNARDINO NWR NEAR DOUGLAS, AZ",31.35136944,-109.2670861,AZ,003,15080302,15080302,15,166.31,ST,Yes,Southwest,False,True
330031109194001,SAN FRANCISCO R BLW MORENCI GULCH NR CLIFTON AZ,33.00867435,-109.328405,AZ,011,15040004,15040004,15,,ST,Yes,Southwest,False,True
330954109155701,SAN FRANCISCO R BLW SANTA CRUZ CAN NR CLIFTON AZ,33.16506258,-109.2664612,AZ,011,15040004,15040004,15,,ST,Yes,Southwest,False,True
331232109113201,BLUE R AT MOUTH NR CLIFTON AZ,33.20895158,-109.1928486,AZ,011,15040004,15040004,15,,ST,Yes,Southwest,False,True
331937112400301,"GILA RIVER AT ROBBINS BUTTE, NEAR BUCKEYE, AZ",33.32694444,-112.6675,AZ,013,15070101,15070101,15,,ST,Yes,Southwest,False,True
331954112382701,"GILA RIVER AT TURNER RD, NEAR BUCKEYE, AZ",33.33166667,-112.6408333,AZ,013,15070101,15070101,15,,ST,Yes,Southwest,False,True
331955112394301,"WILSON RD DRAIN, NEAR BUCKEYE, AZ",33.33194444,-112.6619444,AZ,013,15070101,15070101,15,,ST,Yes,Southwest,False,True
332006112383601,"TURNER RD DRAIN, NEAR BUCKEYE, AZ",33.335,-112.6433333,AZ,013,15070101,15070101,15,,ST,Yes,Southwest,False,True
332049112372601,"DIV FROM HIDDEN LAKE AT SR-85, NR BUCKEYE, AZ",33.34694444,-112.6238889,AZ,013,15070101,15070101,15,,ST,Yes,Southwest,False,True
332108112332001,"IRRIGATION DITCH AT WATSON RD NEAR BUCKEYE, AZ",33.3521361,-112.5556528,AZ,013,15070101,15070101,15,,ST,Yes,Southwest,False,True
332125112321901,"RAINBOW RD DRAIN, NEAR BUCKEYE, AZ",33.35694444,-112.538611,AZ,013,15070101,15070101,15,,ST,Yes,Southwest,False,True
332136112311701,"DEAN RD DRAIN, NEAR BUCKEYE, AZ",33.36,-112.5213889,AZ,013,15070101,15070101,15,,ST,Yes,Southwest,False,True
332251112193001,"GILA RIV MN CHNL AT EL MIRAGE RD, NR AVONDALE, AZ",33.3808333,-112.325,AZ,013,15070101,15070101,15,,ST,Yes,Southwest,False,True
332252112181201,"GILA RIV AT CONFLUENCE W SALT RIV, NR AVONDALE, AZ",33.3811111,-112.3033333,AZ,013,15050100,15050100,15,,ST,Yes,Southwest,False,True
332255112182101,"Gila River at S Avondale Blvd nr Avondale, AZ",33.3819611,-112.305986,AZ,013,15070101,15070101,15,,ST,Yes,Southwest,False,True
332304112214701,"GILA RIVER ABOVE BULLARD AVE, NEAR AVONDALE, AZ",33.38444444,-112.3630556,AZ,013,15070101,15070101,15,,ST,Yes,Southwest,False,True
332318112215001,"GILA RIVER AT 91ST AVE WWTP DIV NR AVONDALE, AZ",33.3883333,-112.3638889,AZ,013,15070101,15070101,15,,ST,Yes,Southwest,False,True
342634112415001,SKULL VALLEY WASH SITE 1,34.4428027,-112.6979546,AZ,025,15030203,15030203,15,,ST,Yes,Southwest,False,True
342710112420301,SKULL VALLEY WASH SITE 2,34.45280267,-112.7015658,AZ,025,15030203,15030203,15,,ST,Yes,Southwest,False,True
343710113182000,"BURRO CREEK ABV BOULDER CK, AZ",34.61946225,-113.3063123,AZ,025,15030202,15030202,15,,ST,Yes,Southwest,False,True
351848111323301,"COPELAND DITCH NEAR FLAGSTAFF, AZ",35.31338889,-111.5424444,AZ,005,15020015,15020015,15,,ST,Yes,Southwest,False,True
352025111332401,"GIRLS RANCH DITCH NEAR FLAGSTAFF, AZ",35.34027778,-111.55675,AZ,005,15020015,15020015,15,,ST,Yes,Southwest,False,True
360556112080300,"HORN CREEK AT MOUTH IN GCNP, AZ",36.0988861,-112.1342444,AZ,005,15010002,15010002,15,1.66,ST,Yes,Southwest,False,True
06611000,"COLORADO CREEK NEAR SPICER, CO.",40.44192626,-106.5019794,CO,057,10180001,10180001,10,25.8,ST,Yes,Southwest,False,True
06611100,"GRIZZLY CREEK NEAR SPICER, CO.",40.49331438,-106.4497549,CO,057,10180001,10180001,10,118,ST,Yes,Southwest,False,True
06611200,"BUFFALO CREEK NEAR HEBRON, CO.",40.5230357,-106.3691966,CO,057,10180001,10180001,10,56.3,ST,Yes,Southwest,False,True
06611300,"GRIZZLY CREEK NEAR HEBRON, CO.",40.55747954,-106.3900305,CO,057,10180001,10180001,10,223,ST,Yes,Southwest,False,True
06611500,"GRIZZLY CREEK NEAR WALDEN, CO",40.6355335,-106.396697,CO,057,10180001,10180001,10,258,ST,Yes,Southwest,False,True
06611700,"LITTLE GRIZZLY CREEK NEAR COALMONT, CO.",40.5513672,-106.616429,CO,057,10180001,10180001,10,10.1,ST,Yes,Southwest,False,True
06611800,"LITTLE GRIZZLY CREEK ABOVE COALMONT, CO.",40.5733126,-106.5100346,CO,057,10180001,10180001,10,35.4,ST,Yes,Southwest,False,True
06611900,"LITTLE GRIZZLY CREEK ABOVE HEBRON, CO.",40.5824791,-106.4500324,CO,057,10180001,10180001,10,52.2,ST,Yes,Southwest,False,True
06612000,"LITTLE GRIZZLY CREEK NEAR HEBRON, CO.",40.6285892,-106.403364,CO,057,10180001,10180001,10,98.6,ST,Yes,Southwest,False,True
06612500,"ROARING FORK NEAR WALDEN, CO.",40.68303238,-106.460588,CO,057,10180001,10180001,10,79.1,ST,Yes,Southwest,False,True
06613000,"NORTH PLATTE RIVER NEAR WALDEN, CO.",40.6988655,-106.4155864,CO,057,10180001,10180001,10,469,ST,Yes,Southwest,False,True
06613950,"HELL CREEK ABV NF NORTH PLATTE RIVER NR WALDEN, CO",40.7327222,-106.4250444,CO,057,10180001,10180001,10,12.6,ST,Yes,Southwest,False,True
06614000,"NORTH FORK NORTH PLATTE RIVER NEAR WALDEN, CO.",40.7277538,-106.411975,CO,057,10180001,10180001,10,160,ST,Yes,Southwest,False,True
06614800,"MICHIGAN RIVER NEAR CAMERON PASS, CO",40.49609409,-105.8650119,CO,057,10180001,10180001,10,1.54,ST,Yes,Southwest,False,True
06615000,"SOUTH FORK MICHIGAN RIVER NEAR GOULD, CO",40.46220485,-106.008629,CO,057,10180001,10180001,10,11.7,ST,Yes,Southwest,False,True
06615500,"MICHIGAN RIVER NEAR LINDLAND, CO.",40.5535921,-106.0416849,CO,057,10180001,10180001,10,60.9,ST,Yes,Southwest,False,True
06616000,"NORTH FORK MICHIGAN RIVER NEAR GOULD, CO.",40.5494257,-106.0211287,CO,057,10180001,10180001,10,20.5,ST,Yes,Southwest,False,True
06617100,"MICHIGAN RIVER AT WALDEN, CO.",40.7410876,-106.2794704,CO,057,10180001,10180001,10,182,ST,Yes,Southwest,False,True
06617500,"ILLINOIS RIVER NEAR RAND, CO.",40.46248127,-106.1769682,CO,057,10180001,10180001,10,70.6,ST,Yes,Southwest,False,True
06618000,"WILLOW CREEK NEAR RAND, CO.",40.46970305,-106.2175251,CO,057,10180001,10180001,10,55.9,ST,Yes,Southwest,False,True
06618300,"ILLINOIS RIVER BLW ISH BALDWIN DITCH NR WALDEN, CO",40.5755346,-106.241692,CO,057,10180001,10180001,10,181,ST,Yes,Southwest,False,True
06618480,"ILLINOIS RIVER BLW POTTER CREEK NR WALDEN, CO",40.7085881,-106.2803039,CO,057,10180001,10180001,10,257,ST,Yes,Southwest,False,True
06618500,"ILLINOIS CREEK AT WALDEN, CO.",40.72636556,-106.2905819,CO,057,10180001,10180001,10,259,ST,Yes,Southwest,False,True
06619000,"MICHIGAN RIVER NEAR COWDREY, CO.",40.86164125,-106.3372492,CO,057,10180001,10180001,10,478,ST,Yes,Southwest,False,True
06619400,"CANADIAN RIVER NEAR LINDLAND, CO.",40.69525638,-106.0661287,CO,057,10180001,10180001,10,44.0,ST,Yes,Southwest,False,True
06619415,"BUSH DRAW NEAR WALDEN, CO.",40.74275544,-106.0955739,CO,057,10180001,10180001,10,4.10,ST,Yes,Southwest,False,True
06619420,"WILLIAMS DRAW NEAR WALDEN, CO",40.73831094,-106.1141858,CO,057,10180001,10180001,10,3.95,ST,Yes,Southwest,False,True
06619450,"CANADIAN RIVER NEAR BROWNLEE, CO.",40.80803159,-106.2364125,CO,057,10180001,10180001,10,158,ST,Yes,Southwest,False,True
06619500,"CANADIAN RIVER AT COWDREY, CO.",40.86303036,-106.3114149,CO,057,10180001,10180001,10,181,ST,Yes,Southwest,False,True
06620000,"NORTH PLATTE RIVER NEAR NORTHGATE, CO",40.93663889,-106.3391944,CO,057,10180001,10180001,10,1431,ST,Yes,Southwest,False,True
06657500,"LARAMIE RIVER NEAR GLENDEVEY, CO",40.8001111,-105.8786389,CO,069,10180010,10180010,10,101,ST,Yes,Southwest,False,True
06659580,SAND CREEK AT COLORADO-WYOMING STATE LINE,40.99365,-105.7597028,CO,069,10180010,10180010,10,30.9,ST,Yes,Southwest,False,True
06693800,"MOSQUITO CREEK NEAR ALMA, CO",39.2699896,-106.0511297,CO,093,10190001,10190001,10,16.2,ST,Yes,Southwest,False,True
06693980,"MIDDLE FORK SOUTH PLATTE RIVER AB FAIRPLAY, CO.",39.2366568,-106.0291847,CO,093,10190001,10190001,10,62.2,ST,Yes,Southwest,False,True
06694100,"MIDDLE FORK SOUTH PLATTE RIVER NR HARTSEL, CO.",39.0222146,-105.7586185,CO,093,10190001,10190001,10,250,ST,Yes,Southwest,False,True
06694400,"SOUTH FORK SOUTH PLATTE RIVER AB FAIRPLAY, CO.",39.082493,-106.04835,CO,093,10190001,10190001,10,50.3,ST,Yes,Southwest,False,True
06694700,"FOURMILE CREEK NEAR FAIRPLAY, CO.",39.1844355,-106.0636293,CO,093,10190001,10190001,10,12.0,ST,Yes,Southwest,False,True
06695000,"S PLATTE RIV AB 11-MILE CANYON RES, NR HARTSEL, CO",38.96749238,-105.58139,CO,093,10190001,10190001,10,884,ST,Yes,Southwest,False,True
06696000,"SOUTH PLATTE RIVER NEAR LAKE GEORGE, CO.",38.90526996,-105.4733299,CO,093,10190001,10190001,10,963,ST,Yes,Southwest,False,True
06696200,"SOUTH PLATTE RIVER AT LAKE GEORGE, CO.",38.98638079,-105.3636059,CO,093,10190001,10190001,10,1084,ST,Yes,Southwest,False,True
06696980,"TARRYALL CREEK AT UPPER STATION NEAR COMO, CO",39.33942424,-105.91170596,CO,093,101900010402,101900010402,10,23.9,ST,Yes,Southwest,False,True
06697100,"TARRYALL CREEK BLW PARK GULCH NR COMO, CO",39.28165524,-105.7875114,CO,093,10190001,10190001,10,76.1,ST,Yes,Southwest,False,True
06697200,"FRENCH CREEK NEAR JEFFERSON,COLORADO",39.4149877,-105.8902912,CO,093,10190001,10190001,10,4.63,ST,Yes,Southwest,False,True
06697450,"MICHIGAN CREEK ABOVE JEFFERSON, CO.",39.358877,-105.8414011,CO,093,10190001,10190001,10,23.1,ST,Yes,Southwest,False,True
06698000,"JEFFERSON CREEK NEAR JEFFERSON, CO.",39.3924861,-105.8105722,CO,093,10190001,10190001,10,11.8,ST,Yes,Southwest,False,True
06698500,"TARRYALL CREEK NEAR JEFFERSON, CO.",39.2949885,-105.7186202,CO,093,10190001,10190001,10,182,ST,Yes,Southwest,False,True
06699000,"ROCK CREEK NEAR JEFFERSON, CO",39.29144444,-105.6976111,CO,093,10190001,10190001,10,45.5,ST,Yes,Southwest,False,True
06699005,"TARRYALL CREEK BELOW ROCK CREEK NEAR JEFFERSON, CO",39.28693314,-105.6958417,CO,093,10190001,10190001,10,230,ST,Yes,Southwest,False,True
06699500,"TARRYALL CREEK NEAR LAKE GEORGE, CO.",39.08082468,-105.4166643,CO,093,10190001,10190001,10,429,ST,Yes,Southwest,False,True
06700000,"SOUTH PLATTE RIVER ABOVE CHEESMAN LAKE, CO.",39.16276858,-105.3102732,CO,035,10190002,10190002,10,1627,ST,Yes,Southwest,False,True
06700500,"GOOSE CREEK ABOVE CHEESMAN LAKE, CO.",39.20887938,-105.3036069,CO,059,10190002,10190002,10,86.6,ST,Yes,Southwest,False,True
06701500,"SOUTH PLATTE RIVER BELOW CHEESMAN LAKE, CO",39.20915718,-105.2677725,CO,059,10190002,10190002,10,1752,ST,Yes,Southwest,False,True
06701550,"FOURMILE CREEK ABOVE MOUTH NEAR DECKERS, CO",39.230546,-105.2252713,CO,035,10190002,10190002,10,7.39,ST,Yes,Southwest,False,True
06701620,"TROUT CREEK BLW FERN CR NR WESTCREEK, CO.",39.16749104,-105.1222112,CO,035,10190002,10190002,10,106,ST,Yes,Southwest,False,True
06701700,WEST CR. ABV SHREWSBURY GULCH NR WESTCREEK CO,39.145425,-105.1600111,CO,035,10190002,10190002,10,56.2,ST,Yes,Southwest,False,True
06701900,"SOUTH PLATTE RIVER BLW BRUSH CRK NEAR TRUMBULL, CO",39.25999025,-105.2219379,CO,035,10190002,10190002,10,2028,ST,Yes,Southwest,False,True
06701970,"SPRING CREEK ABOVE MOUTH NEAR SOUTH PLATTE, CO",39.39360037,-105.1841572,CO,059,10190002,10190002,10,9.79,ST,Yes,Southwest,False,True
06702000,"S PLATTE R AB NORTH FORK AT SOUTH PLATTE, CO.",39.40610028,-105.171101,CO,059,10190002,10190002,10,2098,ST,Yes,Southwest,False,True
06702500,"NORTH FORK SOUTH PLATTE RIVER AT GRANT, CO.",39.45915449,-105.6641716,CO,093,10190002,10190002,10,49.0,ST,Yes,Southwest,False,True
06704500,DUCK CREEK NEAR GRANT COLORADO,39.5302648,-105.7311175,CO,093,10190002,10190002,10,7.78,ST,Yes,Southwest,False,True
06705500,"GENEVA CREEK AT GRANT, CO.",39.4722098,-105.6822276,CO,093,10190002,10190002,10,74.6,ST,Yes,Southwest,False,True
06706000,"NF SOUTH PLATTE R BELOW GENEVA C, AT GRANT, CO.",39.4572101,-105.6586159,CO,093,10190002,10190002,10,127,ST,Yes,Southwest,False,True
06706400,"N.F. SOUTH PLATTE RIVER ABOVE ELK CRK AT PINE, CO",39.4074891,-105.3191615,CO,059,10190002,10190002,10,311,ST,Yes,Southwest,False,True
06706500,"NORTH FORK SOUTH PLATTE RIVER AT PINE, CO.",39.406378,-105.315828,CO,059,10190002,10190002,10,374,ST,Yes,Southwest,False,True
06706600,"MILLER GULCH NR BUFFALO CREEK, CO.",39.39193365,-105.2847162,CO,059,10190002,10190002,10,3.16,ST,Yes,Southwest,False,True
06706800,BUFFALO CREEK AT MOUTH AT BUFFALO CREEK,39.3908225,-105.2713825,CO,059,10190002,10190002,10,47.4,ST,Yes,Southwest,False,True
06707000,"NF SOUTH PLATTE RIVER AT SOUTH PLATTE, CO.",39.408878,-105.1758234,CO,059,10190002,10190002,10,476,ST,Yes,Southwest,False,True
06707500,"SOUTH PLATTE RIVER AT SOUTH PLATTE, CO",39.4091558,-105.1699899,CO,059,10190002,10190002,10,2579,ST,Yes,Southwest,False,True
06708000,"SOUTH PLATTE RIVER AT WATERTON, CO.",39.48832188,-105.0927643,CO,059,10190002,10190002,10,2621,ST,Yes,Southwest,False,True
06708600,"WEST PLUM CREEK NEAR PERRY PARK, CO",39.2594722,-104.9519028,CO,035,10190002,10190002,10,26.9,ST,Yes,Southwest,False,True
06708690,"WEST PLUM CREEK AT SEDALIA, CO",39.42927778,-104.96777778,CO,035,101900020606,101900020606,10,137.0,ST,Yes,Southwest,False,True
06708750,"EAST PLUM CR AT CASTLE ROCK, COLO.",39.3844342,-104.8622014,CO,035,10190002,10190002,10,103,ST,Yes,Southwest,False,True
06708800,"EAST PLUM CR ABV HASKINS GULCH NR CASTLE ROCK, CO",39.423,-104.9046111,CO,035,10190002,10190002,10,116,ST,Yes,Southwest,False,True
06709000,"PLUM CREEK NEAR SEDALIA, CO.",39.43831639,-104.98306724,CO,035,101900020608,101900020608,10,275.0,ST,Yes,Southwest,False,True
06709500,"PLUM CREEK NEAR LOUVIERS, CO.",39.48443309,-105.0024836,CO,035,10190002,10190002,10,302,ST,Yes,Southwest,False,True
06709530,"PLUM CREEK AT TITAN ROAD NEAR LOUVIERS, CO",39.50736944,-105.0244667,CO,035,10190002,10190002,10,316,ST,Yes,Southwest,False,True
06709740,"LEE GULCH AT LITTLETON, CO",39.59611111,-105.01602778,CO,005,101900020901,101900020901,10,2.45,ST,Yes,Southwest,False,True
06709910,"DUTCH CR AT PLATTE CANYON DRIVE NEAR LITTLETON, CO",39.60011111,-105.04192222,CO,005,101900020901,101900020901,10,14.7,ST,Yes,Southwest,False,True
06710000,"SOUTH PLATTE RIVER AT LITTLETON, CO.",39.6188766,-105.0191499,CO,005,10190002,10190002,10,3069,ST,Yes,Southwest,False,True
06710150,"BIG DRY CREEK BELOW C-470 AT HIGHLANDS RANCH, CO",39.5633216,-104.927758,CO,035,10190002,10190002,10,11.2,ST,Yes,Southwest,False,True
06710245,"SOUTH PLATTE RIVER AT UNION AVE AT ENGLEWOOD, CO",39.6310987,-105.0144274,CO,005,10190002,10190002,10,3093,ST,Yes,Southwest,False,True
06710247,"SOUTH PLATTE RIVER BELOW UNION AVE, AT ENGLEWOOD,C",39.63248027,-105.01501425,CO,005,101900020904,101900020904,10,3098.0,ST,Yes,Southwest,False,True
06710385,"BEAR CREEK ABOVE EVERGREEN, CO",39.63316667,-105.3369444,CO,059,10190002,10190002,10,103,ST,Yes,Southwest,False,True
06710500,"BEAR CREEK AT MORRISON, CO",39.6530433,-105.1958219,CO,059,10190002,10190002,10,164,ST,Yes,Southwest,False,True
06710605,"BEAR CREEK ABOVE BEAR CREEK LAKE NEAR MORRISON, CO",39.65202778,-105.17325,CO,059,101900020808,101900020808,10,176.0,ST,Yes,Southwest,False,True
06710992,"TURKEY CREEK NEAR INDIAN HILLS, CO",39.6174879,-105.2238786,CO,059,10190002,10190002,10,45.9,ST,Yes,Southwest,False,True
06710995,"TURKEY CR. AT MOUTH OF CANYON, NR. MORRISON, CO",39.62026566,-105.1952666,CO,059,10190002,10190002,10,47.4,ST,Yes,Southwest,False,True
06711040,TURKEY CREEK ABOVE BEAR CREEK LAKE NEAR MORRISON C,39.64070833,-105.15935,CO,059,101900020808,101900020808,10,50.6,ST,Yes,Southwest,False,True
06711500,"BEAR CREEK AT MOUTH AT SHERIDAN, CO",39.6522097,-105.033039,CO,005,10190002,10190002,10,261,ST,Yes,Southwest,False,True
06711515,"LITTLE DRY CREEK NR ARAPAHOE RD AT CENTENNIAL, CO",39.59373611,-104.9065,CO,005,101900020903,101900020903,10,1.42,ST,Yes,Southwest,False,True
06711545,"LITTLE DRY CREEK AT GREENWOOD VILLAGE, CO",39.61721007,-104.9527586,CO,005,10190002,10190002,10,14.4,ST,Yes,Southwest,False,True
06711555,"LITTLE DRY CREEK ABOVE ENGLEWOOD, CO",39.64914689,-104.97890217,CO,005,101900020903,101900020903,10,23.7,ST,Yes,Southwest,False,True
06711565,"SOUTH PLATTE RIVER AT ENGLEWOOD, CO.",39.66497989,-105.00418085,CO,005,101900020904,101900020904,10,3391.0,ST,Yes,Southwest,False,True
06711570,"HARVARD GULCH AT COLORADO BLVD. AT DENVER, CO",39.66920278,-104.9425083,CO,031,10190002,10190002,10,1.96,ST,Yes,Southwest,False,True
06711575,"HARVARD GULCH AT HARVARD PARK AT DENVER, CO",39.67172222,-104.97702778,CO,031,101900020904,101900020904,10,3.98,ST,Yes,Southwest,False,True
06711590,"SOUTH PLATTE RIVER AT FLORIDA AVE AT DENVER, CO.",39.6897094,-104.9997043,CO,031,10190002,10190002,10,,ST,Yes,Southwest,False,True
06711618,"WEIR GULCH UPSTREAM FROM 1ST AVE. AT DENVER, CO",39.71724722,-105.04201111,CO,031,101900020904,101900020904,10,5.55,ST,Yes,Southwest,False,True
06711770,"DRY GULCH AT DENVER, CO",39.734375,-105.0395556,CO,031,10190002,10190002,10,3.42,ST,Yes,Southwest,False,True
06711780,"LAKEWOOD GULCH AT DENVER, CO",39.73519444,-105.0313611,CO,031,10190002,10190002,10,15.7,ST,Yes,Southwest,False,True
06712000,"CHERRY CREEK NEAR FRANKTOWN, CO.",39.3558234,-104.7633092,CO,035,10190003,10190003,10,169,ST,Yes,Southwest,False,True
06712500,"CHERRY CREEK NEAR MELVIN, CO",39.6049883,-104.8224759,CO,005,10190003,10190003,10,360,ST,Yes,Southwest,False,True
06713000,"CHERRY CREEK BELOW CHERRY CREEK LAKE, CO",39.65359899,-104.8630326,CO,031,10190003,10190003,10,385,ST,Yes,Southwest,False,True
06713300,"CHERRY CREEK AT GLENDALE, CO",39.7060984,-104.9374795,CO,031,10190003,10190003,10,405,ST,Yes,Southwest,False,True
06713500,"CHERRY CREEK AT DENVER, CO.",39.74248685,-104.9999817,CO,031,10190003,10190003,10,410,ST,Yes,Southwest,False,True
06714000,"SOUTH PLATTE RIVER AT DENVER, CO.",39.75945556,-105.0040028,CO,031,10190003,10190003,10,3866,ST,Yes,Southwest,False,True
06714130,"SOUTH PLATTE RIVER AT 50TH AVENUE AT DENVER, CO.",39.7869309,-104.9749804,CO,031,10190003,10190003,10,3883,ST,Yes,Southwest,False,True
06714200,"BURLINGTON DITCH BELOW HEADGATE AT DENVER, CO.",39.8005419,-104.9594242,CO,001,10190003,10190003,10,,ST,Yes,Southwest,False,True
06714215,"SOUTH PLATTE R AT 64TH AVE. COMMERCE CITY, CO.",39.81220846,-104.9583129,CO,001,10190003,10190003,10,3895,ST,Yes,Southwest,False,True
06714220,"SENAC CR AT N BDR SLUDGE AREA, NR AURORA, CO DUP1",39.65165424,-104.6766369,CO,005,10190003,10190003,10,7.81,ST,Yes,Southwest,False,True
06714360,"SAND CRK ABV BURLINGTON DITCH NR COMMERCE CITY, CO",39.81025,-104.9503333,CO,001,10190003,10190003,10,187,ST,Yes,Southwest,False,True
06714400,"S CLEAR CR ABV LOWER CABIN CR RES NR GEORGETOWN,CO",39.64900556,-105.7074833,CO,019,10190004,10190004,10,11.3,ST,Yes,Southwest,False,True
06714500,S CLEAR CR ABV LWR CABIN CR RES SPILWY NR GEORGTWN,39.6631,-105.7063278,CO,019,10190004,10190004,10,13.7,ST,Yes,Southwest,False,True
06714600,SOUTH CLEAR CRK ABV LEAVENWORTH CRK NR GEORGETWN.,39.68693178,-105.6994488,CO,019,10190004,10190004,10,16.0,ST,Yes,Southwest,False,True
06714800,"LEAVENWORTH CREEK AT MOUTH NEAR GEORGETOWN, CO",39.68720955,-105.7002821,CO,019,10190004,10190004,10,12.0,ST,Yes,Southwest,False,True
06715000,CLEAR CREEK ABV WEST FORK CLEAR CREEK NR EMPIRE CO,39.7519319,-105.661947,CO,019,10190004,10190004,10,86.3,ST,Yes,Southwest,False,True
06715500,"WEST FORK CLEAR CREEK ABOVE EMPIRE, CO.",39.7602651,-105.6988928,CO,019,10190004,10190004,10,40.5,ST,Yes,Southwest,False,True
06716000,"WEST FORK CLEAR CREEK NEAR EMPIRE, CO.",39.75859859,-105.6602803,CO,019,10190004,10190004,10,58.2,ST,Yes,Southwest,False,True
06716100,"WEST FORK CLEAR CREEK ABV MOUTH NR EMPIRE, CO",39.75887636,-105.6600025,CO,019,10190004,10190004,10,57.4,ST,Yes,Southwest,False,True
06716500,"CLEAR CREEK NEAR LAWSON, CO",39.7658209,-105.6261123,CO,019,10190004,10190004,10,147,ST,Yes,Southwest,False,True
06717000,"FALL RIVER NEAR IDAHO SPRINGS, CO.",39.7552656,-105.5563875,CO,019,10190004,10190004,10,23.5,ST,Yes,Southwest,False,True
06717400,"CHICAGO CREEK BLW DEVILS CANYON NR IDAHO SPRGS, CO",39.71637678,-105.5713883,CO,019,10190004,10190004,10,43.8,ST,Yes,Southwest,False,True
06717500,"CLEAR CREEK AT IDAHO SPRINGS, CO.",39.74221028,-105.5136081,CO,019,10190004,10190004,10,242,ST,Yes,Southwest,False,True
06718000,"CLEAR CREEK BELOW 23RD AVENUE AT IDAHO SPRINGS, CO",39.74235,-105.5075,CO,019,10190004,10190004,10,258,ST,Yes,Southwest,False,True
06718300,"CLEAR CREEK ABV JOHNSON GULCH NR IDAHO SPRINGS, CO",39.7463768,-105.4361058,CO,019,10190004,10190004,10,267,ST,Yes,Southwest,False,True
06718500,"NORTH CLEAR CREEK NEAR BLACK HAWK, CO.",39.76359894,-105.4269389,CO,047,10190004,10190004,10,51.4,ST,Yes,Southwest,False,True
06718550,"NORTH CLEAR CREEK ABOVE MOUTH NR BLACK HAWK, CO",39.74887674,-105.3997159,CO,019,10190004,10190004,10,60.0,ST,Yes,Southwest,False,True
06719000,"CLEAR CREEK AT FORKS CREEK, CO.",39.7455434,-105.3977714,CO,059,10190004,10190004,10,339,ST,Yes,Southwest,False,True
06719500,"CLEAR CREEK NEAR GOLDEN, CO.",39.75054305,-105.2488783,CO,059,10190004,10190004,10,399,ST,Yes,Southwest,False,True
06719505,"CLEAR CREEK AT GOLDEN, CO",39.75304299,-105.2352667,CO,059,10190004,10190004,10,394,ST,Yes,Southwest,False,True
06719526,"CLEAR CREEK AT TABOR STREET, AT WHEATRIDGE, CO.",39.7741536,-105.1305412,CO,059,10190004,10190004,10,423,ST,Yes,Southwest,False,True
06719560,"LENA GULCH AT LAKEWOOD, CO",39.74040278,-105.1488333,CO,059,10190004,10190004,10,9.06,ST,Yes,Southwest,False,True
06719725,"RALSTON CREEK NEAR PLAINVIEW, CO.",39.85109799,-105.298602,CO,059,10190004,10190004,10,36.9,ST,Yes,Southwest,False,True
06719735,"RALSTON C BL SHWARTZWLDER MINE NR PLAINVIEW, CO.",39.84359797,-105.2763791,CO,059,10190004,10190004,10,38.9,ST,Yes,Southwest,False,True
06719740,"RALSTON CREEK AB RALSTON RES, NR PLAINVIEW, CO.",39.82137587,-105.2616565,CO,059,10190004,10190004,10,42.9,ST,Yes,Southwest,False,True
06719840,"LITTLE DRY CREEK AT WESTMINSTER, CO",39.82655278,-105.0400639,CO,001,10190004,10190004,10,10.4,ST,Yes,Southwest,False,True
06719845,"LITTLE DRY CRK BLW FEDERAL BLVD AT WESTMINSTER, CO",39.81936667,-105.0214472,CO,001,10190004,10190004,10,12.7,ST,Yes,Southwest,False,True
06720000,"CLEAR CREEK AT MOUTH NEAR DERBY, CO",39.8283194,-104.9588684,CO,001,10190004,10190004,10,570,ST,Yes,Southwest,False,True
06720255,"UVALDA INTERCEPT BL 56TH AV AT ROCKY MTN ARS, CO",39.79943105,-104.8363636,CO,001,10190003,10190003,10,,ST,Yes,Southwest,False,True
06720280,"PEORIA INTERCEPT BL 56TH AV, AT ROCKY MTN ARS, CO",39.79887546,-104.8616424,CO,001,10190003,10190003,10,,ST,Yes,Southwest,False,True
06720285,"HAVANA INTERCEPT BL 56TH AV, AT ROCKY MTN ARS, CO",39.80109764,-104.8644203,CO,001,10190003,10190003,10,,ST,Yes,Southwest,False,True
06720330,"GRANGE HALL C AT GRANT PARK, AT NORTHGLENN, CO.",39.88804097,-104.9824801,CO,001,10190003,10190003,10,0.58,ST,Yes,Southwest,False,True
06720415,"GRANGE HALL CREEK AT NORTHGLENN, CO.",39.88915206,-104.9616459,CO,001,10190003,10190003,10,3.34,ST,Yes,Southwest,False,True
06720417,"GRANGE HALL CREEK BELOW NORTHGLENN, CO.",39.891652,-104.9580346,CO,001,10190003,10190003,10,3.60,ST,Yes,Southwest,False,True
06720460,"FIRST CR BEL BUCKLEY RD, AT ROCKY MTN ARSENAL, CO",39.8080421,-104.7938618,CO,001,10190003,10190003,10,28.2,ST,Yes,Southwest,False,True
06720480,"FIRST CR AB 96TH AVE, AT ROCKY MTN ARSENAL, CO",39.86748564,-104.8321963,CO,001,10190003,10190003,10,39.6,ST,Yes,Southwest,False,True
06720490,"FIRST CR AT HWY 2, NEAR ROCKY MTN ARSENAL, CO",39.87776328,-104.856086,CO,001,10190003,10190003,10,41.1,ST,Yes,Southwest,False,True
06720500,"SOUTH PLATTE RIVER AT HENDERSON, CO",39.92192936,-104.868864,CO,001,10190003,10190003,10,4768,ST,Yes,Southwest,False,True
06720690,"WOMAN CREEK NEAR PLAINVIEW, CO.",39.885264,-105.198321,CO,059,10190003,10190003,10,,ST,Yes,Southwest,False,True
06720700,"WOMAN CREEK AT ROCKY FLATS PLANT, CO.",39.88554175,-105.185265,CO,059,10190003,10190003,10,2.10,ST,Yes,Southwest,False,True
06720780,"WALNUT CREEK AT ROCKY FLATS PLANT, CO.",39.89915274,-105.1847094,CO,059,10190003,10190003,10,1.09,ST,Yes,Southwest,False,True
06720790,"SOUTH WALNUT CREEK AT ROCKY FLATS PLANT, CO.",39.89554166,-105.1847094,CO,059,10190003,10190003,10,0.40,ST,Yes,Southwest,False,True
06720820,"BIG DRY CREEK AT WESTMINSTER, CO",39.90568056,-105.0353889,CO,001,10190003,10190003,10,43.9,ST,Yes,Southwest,False,True
06720990,"BIG DRY CREEK AT MOUTH NEAR FORT LUPTON, CO",40.0688333,-104.8319861,CO,123,10190003,10190003,10,107,ST,Yes,Southwest,False,True
06721000,"SOUTH PLATTE RIVER AT FORT LUPTON, CO.",40.11609435,-104.8185831,CO,123,10190003,10190003,10,5043,ST,Yes,Southwest,False,True
06721500,"NORTH ST. VRAIN CREEK NEAR ALLENS PARK, CO.",40.2188737,-105.5283329,CO,013,10190005,10190005,10,32.6,ST,Yes,Southwest,False,True
06722000,"N ST. VRAIN CREEK AT LONGMONT DAM, NR LYONS, CO.",40.22192955,-105.3586038,CO,013,10190005,10190005,10,106,ST,Yes,Southwest,False,True
06722500,"SOUTH ST. VRAIN CREEK NEAR WARD, CO.",40.09081927,-105.514443,CO,013,10190005,10190005,10,14.4,ST,Yes,Southwest,False,True
06722900,"MIDDLE ST. VRAIN CREEK NEAR RAYMOND, CO.",40.1297078,-105.51861,CO,013,10190005,10190005,10,16.8,ST,Yes,Southwest,False,True
06723400,"SOUTH ST. VRAIN CREEK ABOVE LYONS, CO.",40.21109646,-105.2802673,CO,013,10190005,10190005,10,81.4,ST,Yes,Southwest,False,True
06724000,"ST. VRAIN CREEK AT LYONS, CO.",40.21804094,-105.2599887,CO,013,10190005,10190005,10,216,ST,Yes,Southwest,False,True
06724500,"LEFT HAND CREEK NEAR BOULDER, CO.",40.12554106,-105.3038797,CO,013,10190005,10190005,10,52.0,ST,Yes,Southwest,False,True
06724600,"LEFT HAND CREEK AT ALTONA, CO.",40.13248549,-105.2905458,CO,013,10190005,10190005,10,59.0,ST,Yes,Southwest,False,True
06724970,"LEFT HAND CREEK AT HOVER ROAD NEAR LONGMONT, CO",40.13427778,-105.1308194,CO,013,10190005,10190005,10,71.6,ST,Yes,Southwest,False,True
06725000,"LEFT HAND CREEK AT MOUTH, AT LONGMONT, CO.",40.1472069,-105.1019276,CO,013,10190005,10190005,10,72.6,ST,Yes,Southwest,False,True
06725100,"ST. VRAIN CREEK NEAR LONGMONT, CO.",40.1519289,-105.0533146,CO,123,10190005,10190005,10,372,ST,Yes,Southwest,False,True
06725450,"ST. VRAIN CREEK BELOW LONGMONT, CO",40.1574222,-105.0153944,CO,123,10190005,10190005,10,423,ST,Yes,Southwest,False,True
06725500,"MIDDLE BOULDER CREEK AT NEDERLAND, CO.",39.9616536,-105.504442,CO,013,10190005,10190005,10,36.2,ST,Yes,Southwest,False,True
06726000,"NORTH BOULDER CREEK AT SILVER LAKE, CO.",40.02776435,-105.575556,CO,013,10190005,10190005,10,8.70,ST,Yes,Southwest,False,True
06726500,"NORTH BOULDER CREEK NEAR NEDERLAND, CO.",39.98776458,-105.4963864,CO,013,10190005,10190005,10,30.4,ST,Yes,Southwest,False,True
06726900,"BUMMERS GULCH NEAR EL VADO, CO.",40.01165266,-105.3486038,CO,013,10190005,10190005,10,3.87,ST,Yes,Southwest,False,True
06727000,"BOULDER CREEK NEAR ORODELL, CO.",40.0063748,-105.3308254,CO,013,10190005,10190005,10,102,ST,Yes,Southwest,False,True
06727410,"FOURMILE CREEK AT LOGAN MILL ROAD NEAR CRISMAN, CO",40.04202778,-105.3649167,CO,013,10190005,10190005,10,19.2,ST,Yes,Southwest,False,True
06727500,"FOURMILE CREEK AT ORODELL, CO",40.01866667,-105.32625,CO,013,10190005,10190005,10,24.2,ST,Yes,Southwest,False,True
06729000,"SOUTH BOULDER CREEK NEAR ROLLINSVILLE, CO.",39.9147094,-105.5019417,CO,047,10190005,10190005,10,42.7,ST,Yes,Southwest,False,True
06729300,"SOUTH BOULDER CREEK AT PINECLIFFE, CO",39.93165347,-105.4230505,CO,013,10190005,10190005,10,72.7,ST,Yes,Southwest,False,True
06729500,"SOUTH BOULDER CREEK NEAR ELDORADO SPRINGS, CO.",39.9310974,-105.2958242,CO,013,10190005,10190005,10,111,ST,Yes,Southwest,False,True
06730160,"FOURMILE CANYON CREEK NEAR SUNSHINE, CO",40.0576111,-105.3487778,CO,013,10190005,10190005,10,1.80,ST,Yes,Southwest,False,True
06730200,"BOULDER CREEK AT NORTH 75TH ST. NEAR BOULDER, CO",40.05165184,-105.1788754,CO,013,10190005,10190005,10,307,ST,Yes,Southwest,False,True
06730300,"COAL CREEK NEAR PLAINVIEW, CO.",39.87776439,-105.2772125,CO,059,10190005,10190005,10,15.2,ST,Yes,Southwest,False,True
06730400,"COAL CREEK NEAR LOUISVILLE, CO",39.9760962,-105.1172068,CO,013,10190005,10190005,10,32.0,ST,Yes,Southwest,False,True
06730500,"BOULDER CREEK AT MOUTH NEAR LONGMONT, CO",40.13877778,-105.0202222,CO,123,10190005,10190005,10,447,ST,Yes,Southwest,False,True
06730525,ST VRAIN CR BLW BOULDER CR AT HWY 119 NR LONGMONT,40.16046667,-105.0079361,CO,123,10190005,10190005,10,872,ST,Yes,Southwest,False,True
06731000,"ST. VRAIN CREEK AT MOUTH, NEAR PLATTEVILLE, CO.",40.25803869,-104.879696,CO,123,10190005,10190005,10,979,ST,Yes,Southwest,False,True
06731800,"BOULDER BROOK NEAR ESTES PARK, CO.",40.31581767,-105.615836,CO,069,10190006,10190006,10,3.83,ST,Yes,Southwest,False,True
06732000,"GLACIER CREEK NEAR ESTES PARK, CO.",40.34526186,-105.5855569,CO,069,10190006,10190006,10,24.6,ST,Yes,Southwest,False,True
06732300,"BEAVER BROOK NEAR ESTES PARK, CO.",40.3744284,-105.6211137,CO,069,10190006,10190006,10,1.49,ST,Yes,Southwest,False,True
06733000,"BIG THOMPSON RIVER AT ESTES PARK, CO.",40.37831704,-105.513887,CO,069,10190006,10190006,10,138,ST,Yes,Southwest,False,True
06734500,"FISH CREEK NEAR ESTES PARK, CO.",40.36859486,-105.4938863,CO,069,10190006,10190006,10,15.8,ST,Yes,Southwest,False,True
06734900,"OLYMPUS TUNNEL AT LAKE ESTES, CO.",40.37385556,-105.4738139,CO,069,10190006,10190006,10,,ST,Yes,Southwest,False,True
06735500,"BIG THOMPSON RIVER NEAR ESTES PARK, CO.",40.3763726,-105.4855525,CO,069,10190006,10190006,10,155,ST,Yes,Southwest,False,True
06736000,"NORTH FORK BIG THOMPSON RIVER AT DRAKE, CO.",40.43285278,-105.338725,CO,069,10190006,10190006,10,85.1,ST,Yes,Southwest,False,True
06736500,"BIG THOMPSON RIVER BL POWERHOUSE, NR DRAKE, CO.",40.4174838,-105.267765,CO,069,10190006,10190006,10,278,ST,Yes,Southwest,False,True
06736700,"BIG THOMPSON R ABOVE DILLE TUNNEL, NR DRAKE, CO.",40.41500556,-105.2508111,CO,069,10190006,10190006,10,305,ST,Yes,Southwest,False,True
06738000,"BIG THOMPSON RIVER AT MOUTH OF CANYON NR DRAKE, CO",40.42165038,-105.2266522,CO,069,10190006,10190006,10,305,ST,Yes,Southwest,False,True
06739500,"BUCKHORN CREEK NEAR MASONVILLE, CO",40.4346361,-105.1849389,CO,069,10190006,10190006,10,136,ST,Yes,Southwest,False,True
06740000,"DRY CREEK NEAR PINEWOOD, CO.",40.3727619,-105.2272083,CO,069,10190006,10190006,10,7.11,ST,Yes,Southwest,False,True
06741000,"COTTONWOOD CREEK NEAR PINEWOOD, CO",40.3777619,-105.2358197,CO,069,10190006,10190006,10,14.7,ST,Yes,Southwest,False,True
06741500,"BIG THOMPSON RIVER NEAR LOVELAND, CO.",40.39803908,-105.1063702,CO,069,10190006,10190006,10,505,ST,Yes,Southwest,False,True
06741510,"BIG THOMPSON RIVER AT LOVELAND, CO.",40.37873889,-105.0608167,CO,069,10190006,10190006,10,531,ST,Yes,Southwest,False,True
06742000,"LITTLE THOMPSON RIVER NEAR BERTHOUD, CO",40.2572073,-105.2047086,CO,013,10190006,10190006,10,100,ST,Yes,Southwest,False,True
06743500,"LITTLE THOMPSON RIVER AT MILLIKEN, CO",40.33526026,-104.8652504,CO,123,10190006,10190006,10,199,ST,Yes,Southwest,False,True
06744000,"BIG THOMPSON RIVER AT MOUTH, NEAR LA SALLE, CO.",40.3499817,-104.7849693,CO,123,10190006,10190006,10,831,ST,Yes,Southwest,False,True
06745000,"CACHE LA POUDRE RIVER AB CHAMBERS LK OUTLET, CO.",40.6341478,-105.8075081,CO,069,10190007,10190007,10,89.7,ST,Yes,Southwest,False,True
06746095,"JOE WRIGHT CREEK ABOVE JOE WRIGHT RESERVOIR, CO",40.5399822,-105.88279,CO,069,10190007,10190007,10,3.14,ST,Yes,Southwest,False,True
06746100,"JOE WRIGHT CREEK NEAR CAMERON PASS, CO",40.54692659,-105.8758452,CO,069,10190007,10190007,10,5.05,ST,Yes,Southwest,False,True
06746110,"JOE WRIGHT CREEK BELOW JOE WRIGHT RESERVOIR, CO",40.5619264,-105.8639,CO,069,10190007,10190007,10,6.92,ST,Yes,Southwest,False,True
06747500,"CACHE LA POUDRE RIVER NEAR RUSTIC, CO.",40.69553627,-105.6902802,CO,069,10190007,10190007,10,198,ST,Yes,Southwest,False,True
06748000,"CACHE LA POUDRE RIVER NEAR LOG CABIN, CO.",40.6994254,-105.572219,CO,069,10190007,10190007,10,234,ST,Yes,Southwest,False,True
06748200,"FALL CREEK NEAR RUSTIC, CO.",40.55164929,-105.6269458,CO,069,10190007,10190007,10,3.59,ST,Yes,Southwest,False,True
06748500,"SOUTH FORK CACHE LA POUDRE RIVER NR EGGERS, CO.",40.6180374,-105.5252736,CO,069,10190007,10190007,10,70.6,ST,Yes,Southwest,False,True
06748510,"LITTLE BEAVER CREEK NEAR IDYLWILDE, CO",40.63859264,-105.6616684,CO,069,10190007,10190007,10,0.88,ST,Yes,Southwest,False,True
06748530,"LITTLE BEAVER CREEK NEAR RUSTIC, CO",40.62303736,-105.5649975,CO,069,10190007,10190007,10,12.3,ST,Yes,Southwest,False,True
06748600,"SOUTH FORK CACHE LA POUDRE RIVER NR RUSTIC, CO.",40.6469261,-105.493605,CO,069,10190007,10190007,10,92.4,ST,Yes,Southwest,False,True
06749000,"CACHE LA POUDRE RIVER BELOW ELKHORN CREEK, CO.",40.6922035,-105.433324,CO,069,10190007,10190007,10,409,ST,Yes,Southwest,False,True
06751145,N FK CACHE LA POUDRE R ABV HALLIGAN RES NR VA DALE,40.8945833,-105.3672222,CO,069,10190007,10190007,10,331,ST,Yes,Southwest,False,True
06751150,N FK CACHE LA POUDRE R BLW HALLIGAN RES NR VA DALE,40.87831637,-105.3380411,CO,069,10190007,10190007,10,354,ST,Yes,Southwest,False,True
06751490,"NORTH FORK CACHE LA POUDRE RIVER AT LIVERMORE, CO",40.7874815,-105.2522047,CO,069,10190007,10190007,10,538,ST,Yes,Southwest,False,True
06751500,"N FORK CACHE LA POUDRE RIVER NEAR LIVERMORE, CO.",40.7027592,-105.2341492,CO,069,10190007,10190007,10,566,ST,Yes,Southwest,False,True
06752000,"CACHE LA POUDRE RIV AT MO OF CN, NR FT COLLINS, CO",40.6644262,-105.2244271,CO,069,10190007,10190007,10,1054,ST,Yes,Southwest,False,True
06752260,"CACHE LA POUDRE RIVER AT FORT COLLINS, CO",40.5880833,-105.0692222,CO,069,10190007,10190007,10,1128,ST,Yes,Southwest,False,True
06752280,"CACHE LA POUDRE RIV AB BOXELDER CRK NR TIMNATH, CO",40.5519269,-105.011365,CO,069,10190007,10190007,10,1244,ST,Yes,Southwest,False,True
06752500,"CACHE LA POUDRE RIVER NEAR GREELEY, CO.",40.41775868,-104.6399624,CO,123,10190007,10190007,10,1879,ST,Yes,Southwest,False,True
06753400,"LONETREE CREEK AT CARR, CO.",40.8983161,-104.8680253,CO,123,10190008,10190008,10,169,ST,Yes,Southwest,False,True
06753500,"LONETREE CREEK NEAR NUNN, CO.",40.76664755,-104.7908027,CO,123,10190008,10190008,10,199,ST,Yes,Southwest,False,True
06753600,"LITTLE OWL CREEK NEAR NUNN, CO",40.80525,-104.7621944,CO,123,10190008,10190008,10,16.3,ST,Yes,Southwest,False,True
06753990,"LONETREE CREEK NEAR GREELEY, CO.",40.4424808,-104.5888487,CO,123,10190008,10190008,10,574,ST,Yes,Southwest,False,True
06754000,"SOUTH PLATTE RIVER NEAR KERSEY, CO",40.4119253,-104.5627366,CO,123,10190003,10190003,10,9661,ST,Yes,Southwest,False,True
06756500,"CROW CREEK NEAR BARNSVILLE, CO.",40.49303689,-104.4435651,CO,123,10190009,10190009,10,1283,ST,Yes,Southwest,False,True
06756995,"SOUTH PLATTE RIVER AT MASTERS, CO.",40.30581435,-104.2449505,CO,123,10190003,10190003,10,12169,ST,Yes,Southwest,False,True
06757000,"SOUTH PLATTE RIVER AT SUBLETTE, CO.",40.3038701,-104.179117,CO,123,10190003,10190003,10,12222,ST,Yes,Southwest,False,True
06757600,"KIOWA CREEK AT K-79 RES, NEAR EASTONVILLE, CO.",39.06665849,-104.5824711,CO,041,10190010,10190010,10,3.20,ST,Yes,Southwest,False,True
06758000,"KIOWA CREEK AT ELBERT, CO.",39.2097116,-104.5338582,CO,039,10190010,10190010,10,28.6,ST,Yes,Southwest,False,True
06758100,"WEST KIOWA CREEK AT ELBERT, CO.",39.21054499,-104.5383027,CO,039,10190010,10190010,10,35.9,ST,Yes,Southwest,False,True
06758200,"KIOWA CREEK AT KIOWA, CO.",39.33720969,-104.4755226,CO,039,10190010,10190010,10,111,ST,Yes,Southwest,False,True
06758300,"KIOWA CREEK AT BENNETT, CO.",39.7483178,-104.4132943,CO,001,10190010,10190010,10,236,ST,Yes,Southwest,False,True
06758500,"SOUTH PLATTE RIVER NEAR WELDONA, CO",40.32138889,-103.9202778,CO,087,10190003,10190003,10,13205,ST,Yes,Southwest,False,True
06759000,"BIJOU CREEK NEAR WIGGINS, CO.",40.2480359,-104.0360609,CO,087,10190011,10190011,10,1314,ST,Yes,Southwest,False,True
06759100,"BIJOU CREEK NEAR FT. MORGAN, CO.",40.28275889,-103.8755062,CO,087,10190011,10190011,10,1383,ST,Yes,Southwest,False,True
06759500,"SOUTH PLATTE RIVER AT FORT MORGAN, CO",40.26840278,-103.8011917,CO,087,10190012,10190012,10,14648,ST,Yes,Southwest,False,True
06759910,"SOUTH PLATTE RIVER AT COOPER BRIDGE, NR BALZAC, CO",40.3575,-103.5280556,CO,087,10190012,10190012,10,16609,ST,Yes,Southwest,False,True
06760000,"SOUTH PLATTE RIVER AT BALZAC, CO.",40.406647,-103.4666092,CO,087,10190012,10190012,10,16623,ST,Yes,Southwest,False,True
06760500,"SOUTH PLATTE RIVER NEAR CROOK, CO.",40.8433245,-102.8132488,CO,075,10190012,10190012,10,19009,ST,Yes,Southwest,False,True
06763980,"S. PLATTE R. AT JULESBURG, COLO. (CHAN. 4)",40.9794371,-102.2546295,CO,115,10190018,10190018,10,,ST,Yes,Southwest,False,True
06763990,"S. PLATTE R. AT JULESBURG, COLO. (CHAN. 2)",40.9794371,-102.2546295,CO,115,10190018,10190018,10,,ST,Yes,Southwest,False,True
06764000,"SOUTH PLATTE RIVER AT JULESBURG, CO",40.97499276,-102.2518517,CO,115,10190018,10190018,10,22824,ST,Yes,Southwest,False,True
06821300,"NORTH FORK ARIKAREE RIVER TRIBUTARY NR SHAW, CO.",39.51998699,-103.4435551,CO,073,10250001,10250001,10,6.55,ST,Yes,Southwest,False,True
06821360,ARIKAREE RIVER ABV SPRING CANYON NR IDALIA CO,39.75193556,-102.4121429,CO,125,10250001,10250001,10,1117,ST,Yes,Southwest,False,True
06822000,"NORTH FORK REPUBLICAN RIVER NEAR WRAY, CO.",40.07360058,-102.2854739,CO,125,10250002,10250002,10,1019,ST,Yes,Southwest,False,True
06825000,"SOUTH FORK REPUBLICAN RIVER NEAR IDALIA, CO.",39.61638215,-102.2426918,CO,125,10250003,10250003,10,1412,ST,Yes,Southwest,False,True
06825500,"LANDSMAN CREEK NEAR HALE, CO.",39.575549,-102.2521363,CO,125,10250003,10250003,10,268,ST,Yes,Southwest,False,True
06826500,"SOUTH FORK REPUBLICAN RIVER NEAR HALE, CO.",39.62388245,-102.163522,CO,125,10250003,10250003,10,1825,ST,Yes,Southwest,False,True
07079300,"EF ARKANSAS R AT US HIGHWAY 24, NR LEADVILLE, CO.",39.2724892,-106.3064133,CO,065,11020001,11020001,11,49.9,ST,Yes,Southwest,False,True
07079500,"EAST FORK ARKANSAS RIVER NEAR LEADVILLE, CO.",39.2597114,-106.3405807,CO,065,11020001,11020001,11,50.0,ST,Yes,Southwest,False,True
07080980,"ST. KEVIN GULCH ABV TEMPLE GULCH NR LEADVILLE, CO",39.2913775,-106.3691928,CO,065,11020001,11020001,11,1.84,ST,Yes,Southwest,False,True
07081000,"TENNESSEE CREEK NEAR LEADVILLE, CO.",39.26415578,-106.3408585,CO,065,11020001,11020001,11,48.0,ST,Yes,Southwest,False,True
07081200,"ARKANSAS RIVER NEAR LEADVILLE, CO",39.249,-106.3481111,CO,065,11020001,11020001,11,99.1,ST,Yes,Southwest,False,True
07081800,"CALIFORNIA GULCH AT MALTA, CO.",39.22248969,-106.355303,CO,065,11020001,11020001,11,,ST,Yes,Southwest,False,True
07083000,"HALFMOON CREEK NEAR MALTA, CO",39.17221259,-106.3891926,CO,065,11020001,11020001,11,23.5,ST,Yes,Southwest,False,True
07083200,"HALFMOON CR BL HALFMOON DIVERSION NR LEADVILLE, CO",39.1857222,-106.3833611,CO,065,11020001,11020001,11,24.6,ST,Yes,Southwest,False,True
07083500,"HALFMOON CREEK NEAR LEADVILLE, CO.",39.20248995,-106.3697478,CO,065,11020001,11020001,11,25.2,ST,Yes,Southwest,False,True
07083700,"ARKANSAS RIVER NEAR MALTA, CO.",39.1688797,-106.3241909,CO,065,11020001,11020001,11,228,ST,Yes,Southwest,False,True
07083710,"ARKANSAS RIVER BELOW EMPIRE GULCH NEAR MALTA, CO",39.1638798,-106.320024,CO,065,11020001,11020001,11,238,ST,Yes,Southwest,False,True
07084500,"LAKE CREEK ABOVE TWIN LAKES RESERVOIR, CO.",39.0630477,-106.4078037,CO,065,11020001,11020001,11,75.0,ST,Yes,Southwest,False,True
07086000,"ARKANSAS RIVER AT GRANITE, CO.",39.04277116,-106.2658553,CO,015,11020001,11020001,11,427,ST,Yes,Southwest,False,True
07086500,"CLEAR CREEK ABOVE CLEAR CREEK RESERVOIR, CO.",39.0180493,-106.2778,CO,015,11020001,11020001,11,67.1,ST,Yes,Southwest,False,True
07087050,"ARKANSAS RIVER BELOW GRANITE, CO",38.97693889,-106.2139833,CO,015,11020001,11020001,11,546,ST,Yes,Southwest,False,True
07087200,"ARKANSAS RIVER AT BUENA VISTA, CO.",38.8491622,-106.1247397,CO,015,11020001,11020001,11,611,ST,Yes,Southwest,False,True
07089000,"COTTONWOOD C BL HOT SPRINGS, NR BUENA VISTA, CO.",38.81277374,-106.2222426,CO,015,11020001,11020001,11,65.0,ST,Yes,Southwest,False,True
07090000,"CHALK CREEK (UPPER STATION) NEAR ST. ELMO, CO",38.7125,-106.3175833,CO,015,11020001,11020001,11,42.5,ST,Yes,Southwest,False,True
07090500,"CHALK CREEK NEAR ST. ELMO, CO",38.71269444,-106.2346389,CO,015,11020001,11020001,11,68.4,ST,Yes,Southwest,False,True
07091000,"CHALK CREEK NEAR NATHROP, CO",38.73325,-106.1602778,CO,015,11020001,11020001,11,82.7,ST,Yes,Southwest,False,True
07091200,"ARKANSAS RIVER NEAR NATHROP, CO",38.6522188,-106.051126,CO,015,11020001,11020001,11,1055,ST,Yes,Southwest,False,True
07091500,"ARKANSAS RIVER AT SALIDA, CO.",38.5458304,-106.0105693,CO,015,11020001,11020001,11,1218,ST,Yes,Southwest,False,True
07092000,"SOUTH FORK ARKANSAS RIVER AT PONCHA, CO.",38.5113863,-106.0794607,CO,015,11020001,11020001,11,140,ST,Yes,Southwest,False,True
07093000,"PONCHA CREEK AT PONCHA, CO.",38.5099974,-106.0755717,CO,015,11020001,11020001,11,56.0,ST,Yes,Southwest,False,True
07093500,"SOUTH ARKANSAS RIVER NEAR SALIDA, CO.",38.52138608,-105.9897352,CO,015,11020001,11020001,11,208,ST,Yes,Southwest,False,True
07093700,"ARKANSAS RIVER NEAR WELLSVILLE, CO.",38.50277496,-105.9397333,CO,015,11020001,11020001,11,1485,ST,Yes,Southwest,False,True
07093740,"BADGER CREEK, UPPER STATION, NEAR HOWARD, CO",38.65888469,-105.8138942,CO,043,11020001,11020001,11,106,ST,Yes,Southwest,False,True
07093775,"BADGER CREEK, LOWER STATION, NEAR HOWARD, CO.",38.46721949,-105.8600083,CO,043,11020001,11020001,11,211,ST,Yes,Southwest,False,True
07094500,"ARKANSAS RIVER AT PARKDALE, CO.",38.4872189,-105.373604,CO,043,11020001,11020001,11,2459,ST,Yes,Southwest,False,True
07094600,"SOUTH COLONY CREEK NEAR WESTCLIFFE, CO.",37.9991669,-105.4908389,CO,027,11020001,11020001,11,6.03,ST,Yes,Southwest,False,True
07094900,"MIDDLE TAYLOR CREEK NEAR WESTCLIFFE, CO.",38.10833258,-105.601395,CO,027,11020001,11020001,11,3.19,ST,Yes,Southwest,False,True
07095000,"GRAPE CREEK NEAR WESTCLIFFE, CO.",38.18611049,-105.4836125,CO,027,11020001,11020001,11,320,ST,Yes,Southwest,False,True
07096000,"ARKANSAS RIVER AT CANON CITY, CO.",38.43388674,-105.2572128,CO,043,11020002,11020002,11,3117,ST,Yes,Southwest,False,True
07096250,"FOURMILE CREEK BELOW CRIPPLE CREEK NEAR VICTOR, CO",38.66388094,-105.228041,CO,119,11020002,11020002,11,271,ST,Yes,Southwest,False,True
07096500,"FOURMILE CREEK NEAR CANON CITY, CO.",38.43638726,-105.1913777,CO,043,11020002,11020002,11,434,ST,Yes,Southwest,False,True
07097000,"ARKANSAS RIVER AT PORTLAND, CO.",38.38833418,-105.0160961,CO,043,11020002,11020002,11,4024,ST,Yes,Southwest,False,True
07099050,"BEAVER CR ABV UPPER BEAVER CEMETERY NR PENROSE, CO",38.56166228,-105.0219257,CO,043,11020002,11020002,11,122,ST,Yes,Southwest,False,True
07099060,"BEAVER CREEK ABOVE HIGHWAY 115 NEAR PENROSE, CO",38.4891658,-104.9974832,CO,043,11020002,11020002,11,138,ST,Yes,Southwest,False,True
07099080,"RED CREEK BELOW SULLIVAN PARK AT FORT CARSON, CO",38.4997222,-104.9133333,CO,101,11020002,11020002,11,26.6,ST,Yes,Southwest,False,True
07099085,"RED CREEK ABOVE SALT CANYON AT FORT CARSON, CO",38.4789722,-104.9405556,CO,101,11020002,11020002,11,34.0,ST,Yes,Southwest,False,True
07099100,"BEAVER CREEK NEAR PORTLAND, CO.",38.3741679,-104.9641504,CO,043,11020002,11020002,11,214,ST,Yes,Southwest,False,True
07099200,"ARKANSAS RIVER NEAR PORTLAND, CO.",38.33722178,-104.93889055,CO,101,110200020603,110200020603,11,4280.0,ST,Yes,Southwest,False,True
07099215,"TURKEY CREEK NEAR FOUNTAIN, CO",38.61166168,-104.894699,CO,041,11020002,11020002,11,13.0,ST,Yes,Southwest,False,True
07099220,"LITTLE TURKEY CREEK NEAR FOUNTAIN, CO.",38.62721725,-104.8663648,CO,041,11020002,11020002,11,9.59,ST,Yes,Southwest,False,True
07099230,"TURKEY CREEK AB TELLER RES NEAR STONE CITY, CO.",38.46499989,-104.8272009,CO,101,11020002,11020002,11,62.3,ST,Yes,Southwest,False,True
07099235,"TURKEY CREEK NR STONE CITY, CO",38.4322226,-104.8333125,CO,101,11020002,11020002,11,72.5,ST,Yes,Southwest,False,True
07099238,"TELLER RESERVOIR SPILLWAY NEAR STONE CITY, CO",38.43888889,-104.8208333,CO,101,11020002,11020002,11,71.5,ST,Yes,Southwest,False,True
07099400,"ARKANSAS RIVER ABOVE PUEBLO, CO",38.2716694,-104.718033,CO,101,11020002,11020002,11,4670,ST,Yes,Southwest,False,True
07099500,"ARKANSAS RIVER NEAR PUEBLO, CO.",38.26722495,-104.6577535,CO,101,11020002,11020002,11,4686,ST,Yes,Southwest,False,True
07099970,"ARKANSAS RIVER AT MOFFAT STREET AT PUEBLO, CO",38.25361396,-104.6060854,CO,101,11020002,11020002,11,4720,ST,Yes,Southwest,False,True
07099973,ARKANSAS RIVER TRIBUTARY ABOVE HWY 227 AT PUEBLO,38.25388889,-104.5958333,CO,101,11020002,11020002,11,,ST,Yes,Southwest,False,True
07099990,"FOUNTAIN CREEK AT GREEN MOUNTAIN FALLS, CO",38.93887944,-105.0158153,CO,041,11020003,11020003,11,16.6,ST,Yes,Southwest,False,True
07100300,"FOUNTAIN CREEK AT CASCADE, CO",38.8970833,-104.9717778,CO,041,11020003,11020003,11,43.6,ST,Yes,Southwest,False,True
07100750,"WALDO CANYON ABV MOUTH NEAR MANITOU SPRINGS, CO",38.8881111,-104.9356944,CO,041,11020003,11020003,11,1.01,ST,Yes,Southwest,False,True
07103100,"WILLIAMS CANYON ABV MOUTH NEAR MANITOU SPRINGS, CO",38.88880278,-104.918825,CO,041,11020003,11020003,11,1.83,ST,Yes,Southwest,False,True
07103355,"BLUE RIVER SUPPLY AT MANITOU SPRINGS, CO.",38.85554557,-104.9330323,CO,041,11020003,11020003,11,,ST,Yes,Southwest,False,True
07103700,"FOUNTAIN CREEK NEAR COLORADO SPRINGS, CO.",38.85471357,-104.8780314,CO,041,11020003,11020003,11,102,ST,Yes,Southwest,False,True
07103702,"CAMP CREEK ABOVE GLEN EYRIE NEAR COLO SPRINGS, CO",38.90755278,-104.9037278,CO,041,11020003,11020003,11,7.15,ST,Yes,Southwest,False,True
07103703,"CAMP CREEK AT GARDEN OF THE GODS, CO",38.87693609,-104.8727543,CO,041,11020003,11020003,11,9.38,ST,Yes,Southwest,False,True
07103740,"NORTH MONUMENT CRK AT SPRING ST AT PALMER LAKE, CO",39.1155472,-104.9124816,CO,041,11020003,11020003,11,16.0,ST,Yes,Southwest,False,True
07103747,"MONUMENT CREEK AT PALMER LAKE, CO",39.10255556,-104.8922778,CO,041,11020003,11020003,11,25.7,ST,Yes,Southwest,False,True
07103750,"MONUMENT CREEK AT MONUMENT, CO.",39.09638075,-104.8855363,CO,041,11020003,11020003,11,28.5,ST,Yes,Southwest,False,True
07103755,"MONUMENT CREEK BELOW MONUMENT LAKE NR MONUMENT, CO",39.0875,-104.8791667,CO,041,11020003,11020003,11,30.2,ST,Yes,Southwest,False,True
07103780,"MONUMENT C AB N.GATE BLVD AT USAF ACADEMY, CO.",39.03102778,-104.8466111,CO,041,11020003,11020003,11,81.4,ST,Yes,Southwest,False,True
07103784,"GOAT CAMP CREEK ABV RESERVOIR NO. 4 AT USAFA, CO",39.00888889,-104.8981,CO,041,11020003,11020003,11,,ST,Yes,Southwest,False,True
07103785,"DEADMANS CR ABV DEADMANS LAKE AT USAF ACADEMY, CO",39.02416667,-104.9008333,CO,041,11020003,11020003,11,1.55,ST,Yes,Southwest,False,True
07103790,"MONUMENT CR BEL SEWAGE TR PLANT AT USAF ACADEMY,CO",38.98138889,-104.8305556,CO,041,11020003,11020003,11,122,ST,Yes,Southwest,False,True
07103791,"LEHMAN RUN BLW STADIUM BLVD AT USAFA, CO",39.00007778,-104.8378417,CO,041,11020003,11020003,11,,ST,Yes,Southwest,False,True
07103792,"RESERVOIR NO. 1 SPILLWAY AT HUSTED RD AT USAFA, CO",39.0012333,-104.8340111,CO,041,11020003,11020003,11,,ST,Yes,Southwest,False,True
07103797,"WEST MONUMENT CREEK BELOW RAMPART RESERVOIR, CO",38.97499176,-104.9555374,CO,041,11020003,11020003,11,7.23,ST,Yes,Southwest,False,True
07103800,"WEST MONUMENT CREEK AT U.S. AIR FORCE ACADEMY, CO",38.97054766,-104.902758,CO,041,11020003,11020003,11,14.8,ST,Yes,Southwest,False,True
07103900,"WEST MONUMENT CREEK NEAR PIKEVIEW, CO.",38.971381,-104.8994246,CO,041,11020003,11020003,11,15.4,ST,Yes,Southwest,False,True
07103930,"WEST MONUMENT CR AT MOUTH AT USAF ACADEMY, CO",38.95888889,-104.8355556,CO,041,11020003,11020003,11,23.5,ST,Yes,Southwest,False,True
07103940,"MONUMENT CR AT SOUTH BOUNDARY USAF ACADEMY, CO",38.95416667,-104.8333333,CO,041,11020003,11020003,11,150,ST,Yes,Southwest,False,True
07103950,"KETTLE CREEK NEAR BLACK FOREST, CO.",39.00388188,-104.7396984,CO,041,11020003,11020003,11,9.01,ST,Yes,Southwest,False,True
07103960,"KETTLE CREEK ABOVE USAF ACADEMY, CO",38.9761111,-104.7986111,CO,041,11020003,11020003,11,16.2,ST,Yes,Southwest,False,True
07103965,"PINE CREEK ABV BRIARGATE PKWY,ABV COLO SPRINGS, CO",38.96750278,-104.7940167,CO,041,11020003,11020003,11,3.53,ST,Yes,Southwest,False,True
07103970,"MONUMENT CR ABV WOODMEN RD AT COLORADO SPRINGS, CO",38.9338817,-104.8171992,CO,041,11020003,11020003,11,180,ST,Yes,Southwest,False,True
07103977,"COTTONWOOD CR AT COWPOKE RD. AT COLO SPRINGS, CO",38.95110464,-104.7135857,CO,041,11020003,11020003,11,5.91,ST,Yes,Southwest,False,True
07103980,"COTTONWOOD CREEK AT WOODMEN RD NR COLO SPRINGS, CO",38.93943809,-104.7410863,CO,041,11020003,11020003,11,10.2,ST,Yes,Southwest,False,True
07103985,"COTTONWOOD CR TRIB AB RANGEWOOD DR AT CO SPRGS, CO",38.9291604,-104.7471974,CO,041,11020003,11020003,11,2.83,ST,Yes,Southwest,False,True
07103987,"COTTONWOOD CK AT UNION BLVD, AT COLO SPRINGS, CO",38.9303611,-104.77615,CO,041,11020003,11020003,11,16.1,ST,Yes,Southwest,False,True
07103990,"COTTONWOOD CREEK AT MOUTH AT PIKEVIEW, CO",38.9272222,-104.8141667,CO,041,11020003,11020003,11,18.9,ST,Yes,Southwest,False,True
07104000,"MONUMENT CREEK AT PIKEVIEW, CO.",38.91777057,-104.8185877,CO,041,11020003,11020003,11,203,ST,Yes,Southwest,False,True
07104500,"TEMPLETON GAP FLOODWAY AT COLORADO SPRINGS, CO.",38.88804838,-104.8174758,CO,041,11020003,11020003,11,8.73,ST,Yes,Southwest,False,True
07104905,"MONUMENT CREEK AT BIJOU ST. AT COLO. SPRINGS, CO",38.83721474,-104.8294192,CO,041,11020003,11020003,11,235,ST,Yes,Southwest,False,True
07105000,"BEAR CREEK NEAR COLORADO SPRINGS, CO",38.82249078,-104.888586,CO,041,11020003,11020003,11,6.89,ST,Yes,Southwest,False,True
07105490,"CHEYENNE CREEK AT EVANS AVE AT COLORADO SPRINGS,CO",38.79054685,-104.8641404,CO,041,11020003,11020003,11,21.7,ST,Yes,Southwest,False,True
07105500,"FOUNTAIN CREEK AT COLORADO SPRINGS, CO",38.81638158,-104.8227519,CO,041,11020003,11020003,11,392,ST,Yes,Southwest,False,True
07105530,"FOUNTAIN CR BLW JANITELL RD BLW COLO. SPRINGS, CO",38.8030491,-104.7958069,CO,041,11020003,11020003,11,413,ST,Yes,Southwest,False,True
07105555,"FOUNTAIN CREEK BELOW COLORADO SPRINGS, CO.",38.810271,-104.804696,CO,041,11020003,11020003,11,,ST,Yes,Southwest,False,True
07105600,"SAND CREEK ABOVE MOUTH AT COLORADO SPRINGS, CO",38.78832768,-104.773862,CO,041,11020003,11020003,11,52.4,ST,Yes,Southwest,False,True
07105780,"B DITCH DRAIN NEAR SECURITY, CO.",38.752495,-104.7624723,CO,041,11020003,11020003,11,,ST,Yes,Southwest,False,True
07105800,"FOUNTAIN CREEK AT SECURITY, CO",38.7294404,-104.7338611,CO,041,11020003,11020003,11,500,ST,Yes,Southwest,False,True
07105815,"CLOVER DITCH DRAIN AT QUINN ST NR WIDEFIELD, CO",38.7297222,-104.7676389,CO,041,11020003,11020003,11,,ST,Yes,Southwest,False,True
07105820,"CLOVER DITCH DRAIN NEAR WIDEFIELD, CO.",38.71860726,-104.729139,CO,041,11020003,11020003,11,,ST,Yes,Southwest,False,True
07105900,"JIMMY CAMP CREEK AT FOUNTAIN, CO.",38.6844413,-104.688583,CO,041,11020003,11020003,11,65.4,ST,Yes,Southwest,False,True
07105920,"L FOUNTAIN C AB KEATON RE, NR FORT CARSON, CO.",38.6816601,-104.8585855,CO,041,11020003,11020003,11,11.0,ST,Yes,Southwest,False,True
07105924,"WOMACK DITCH NEAR FORT CARSON, CO.",38.68110465,-104.8560855,CO,041,11020003,11020003,11,,ST,Yes,Southwest,False,True
07105928,"LITTLE FOUNTAIN CREEK NEAR FORT CARSON, CO.",38.68027144,-104.8527521,CO,041,11020003,11020003,11,11.8,ST,Yes,Southwest,False,True
07105932,LITTLE FOUNTAIN CR BELOW RIPLEY DITCH NR FT CARSON,38.67885,-104.8515278,CO,041,11020003,11020003,11,,ST,Yes,Southwest,False,True
07105940,"LITTLE FOUNTAIN CREEK NEAR FOUNTAIN, CO",38.64265,-104.7483833,CO,041,11020003,11020003,11,26.8,ST,Yes,Southwest,False,True
07105945,"ROCK CREEK ABOVE FORT CARSON RESERVATION, CO",38.707493,-104.8466403,CO,041,11020003,11020003,11,6.77,ST,Yes,Southwest,False,True
07105950,"ROCK CREEK NEAR FORT CARSON, CO.",38.69693837,-104.8280293,CO,041,11020003,11020003,11,7.79,ST,Yes,Southwest,False,True
07105960,"ROCK CREEK NEAR FOUNTAIN, CO.",38.6544415,-104.7471959,CO,041,11020003,11020003,11,16.9,ST,Yes,Southwest,False,True
07106000,"FOUNTAIN CREEK NEAR FOUNTAIN, CO.",38.6016647,-104.6702503,CO,041,11020003,11020003,11,672,ST,Yes,Southwest,False,True
07106200,"FOUNTAIN CREEK ABOVE YOUNG HOLLOW NEAR WIGWAM, CO",38.50225,-104.6064444,CO,101,11020003,11020003,11,,ST,Yes,Southwest,False,True
07106300,"FOUNTAIN CREEK NEAR PINON, CO",38.42944444,-104.5980556,CO,101,11020003,11020003,11,865,ST,Yes,Southwest,False,True
07106500,"FOUNTAIN CREEK AT PUEBLO, CO.",38.2877801,-104.6010849,CO,101,11020003,11020003,11,925,ST,Yes,Southwest,False,True
07106510,"FOUNTAIN CREEK AT 8TH STREET AT PUEBLO, CO",38.27444444,-104.6005556,CO,101,11020003,11020003,11,926,ST,Yes,Southwest,False,True
07107000,"ST. CHARLES RIVER AT SAN ISABEL, CO.",37.9816734,-105.063881,CO,027,11020002,11020002,11,16.0,ST,Yes,Southwest,False,True
07107500,"ST. CHARLES RIVER AT BURNT MILL, CO.",38.0516733,-104.7935935,CO,101,11020002,11020002,11,172,ST,Yes,Southwest,False,True
07107900,"GREENHORN CREEK NEAR RYE, CO.",37.92056386,-104.9563783,CO,101,11020002,11020002,11,9.56,ST,Yes,Southwest,False,True
07108050,"GREENHORN CREEK NEAR COLORADO CITY, CO.",37.9516749,-104.7955392,CO,101,11020002,11020002,11,29.6,ST,Yes,Southwest,False,True
07108100,"GRANEROS CREEK NEAR RYE, CO",37.913064,-104.9258218,CO,101,11020002,11020002,11,4.32,ST,Yes,Southwest,False,True
07108500,"ST. CHARLES RIVER NEAR PUEBLO, CO.",38.21083685,-104.533028,CO,101,11020002,11020002,11,467,ST,Yes,Southwest,False,True
07108800,"ST. CHARLES RIVER NEAR VINELAND, CO.",38.2269476,-104.4988602,CO,101,11020002,11020002,11,473,ST,Yes,Southwest,False,True
07108900,"ST. CHARLES RIVER AT VINELAND, CO.",38.24555835,-104.4863597,CO,101,11020002,11020002,11,474,ST,Yes,Southwest,False,True
07109000,"ST. CHARLES RIVER AT MOUTH, NEAR PUEBLO, CO.",38.2616691,-104.4680259,CO,101,11020002,11020002,11,475,ST,Yes,Southwest,False,True
07109155,"ARKANSAS RIVER NEAR VINELAND, CO.",38.25861375,-104.5046934,CO,101,11020002,11020002,11,,ST,Yes,Southwest,False,True
07109500,"ARKANSAS RIVER NEAR AVONDALE, CO.",38.24805799,-104.3991356,CO,101,11020002,11020002,11,6254,ST,Yes,Southwest,False,True
07110000,"SIXMILE CREEK NEAR AVONDALE, CO.",38.24639134,-104.3938578,CO,101,11020002,11020002,11,45.0,ST,Yes,Southwest,False,True
07110400,"CHICO CR NEAR PUEBLO CHEMICAL DEPOT, CO",38.36111156,-104.3880234,CO,101,11020004,11020004,11,672,ST,Yes,Southwest,False,True
07110500,"CHICO CREEK NEAR NORTH AVONDALE, CO.",38.2672242,-104.3733016,CO,101,11020004,11020004,11,864,ST,Yes,Southwest,False,True
07111000,"HUERFANO R AT MANZANARES XING, NR REDWING, CO.",37.7277816,-105.351395,CO,055,11020006,11020006,11,73.0,ST,Yes,Southwest,False,True
07111500,"HUERFANO RIVER AT MALACHITE, CO.",37.7413941,-105.2522246,CO,055,11020006,11020006,11,107,ST,Yes,Southwest,False,True
07112000,"HUERFANO RIVER NEAR BADITO, CO.",37.72778718,-105.0186054,CO,055,11020006,11020006,11,499,ST,Yes,Southwest,False,True
07112500,"HUERFANO RIVER AT BADITO, CO.",37.7272317,-105.012494,CO,055,11020006,11020006,11,532,ST,Yes,Southwest,False,True
07113000,"HUERFANO RIVER AT HUERFANO, CO.",37.81251054,-104.7447058,CO,055,11020006,11020006,11,717,ST,Yes,Southwest,False,True
07113500,"HUERFANO RIVER NEAR MUSTANG, CO.",37.8547321,-104.7005372,CO,055,11020006,11020006,11,791,ST,Yes,Southwest,False,True
07114000,"CUCHARAS RIVER AT BOYD RANCH, NEAR LA VETA, CO.",37.42001275,-105.0527781,CO,055,11020006,11020006,11,56.0,ST,Yes,Southwest,False,True
07114500,"CUCHARAS RIVER NEAR LA VETA, CO.",37.4500124,-105.0372213,CO,055,11020006,11020006,11,75.0,ST,Yes,Southwest,False,True
07116000,"HUERFANO R BL HUERF VALY DAM NR UNDERCLIFFE, CO.",38.0013961,-104.4724732,CO,101,11020006,11020006,11,1673,ST,Yes,Southwest,False,True
07116500,"HUERFANO RIVER NEAR BOONE, CO.",38.2250024,-104.2607996,CO,101,11020006,11020006,11,1859,ST,Yes,Southwest,False,True
07117000,"ARKANSAS RIVER NEAR NEPESTA, CO.",38.18417028,-104.1732974,CO,101,11020005,11020005,11,9345,ST,Yes,Southwest,False,True
07117500,"ARKANSAS RIVER AT NEPESTA, CO.",38.17889278,-104.1391298,CO,101,11020005,11020005,11,9460,ST,Yes,Southwest,False,True
07117600,"CHICOSA CREEK NEAR FOWLER, CO.",38.1491714,-104.0802394,CO,101,11020005,11020005,11,109,ST,Yes,Southwest,False,True
07118000,"APISHAPA RIVER NEAR AGUILAR, CO.",37.38640438,-104.6658194,CO,071,11020007,11020007,11,126,ST,Yes,Southwest,False,True
07118500,"APISHAPA RIVER AT AGUILAR, CO.",37.40029308,-104.6419296,CO,071,11020007,11020007,11,149,ST,Yes,Southwest,False,True
07119000,"APISHAPA RIVER NEAR WHITEROCK, CO.",37.77028886,-104.1271868,CO,101,11020007,11020007,11,737,ST,Yes,Southwest,False,True
07119500,"APISHAPA RIVER NEAR FOWLER, CO",38.1085,-103.9676111,CO,089,11020007,11020007,11,1074,ST,Yes,Southwest,False,True
07119700,"ARKANSAS RIVER AT CATLIN DAM, NEAR FOWLER, CO.",38.12583934,-103.9119006,CO,089,11020005,11020005,11,10901,ST,Yes,Southwest,False,True
07120620,"BIG ARROYO NEAR THATCHER, CO",37.5548333,-104.0212222,CO,071,11020005,11020005,11,15.4,ST,Yes,Southwest,False,True
07121000,"TIMPAS CREEK NEAR ROCKY FORD, CO.",37.9527873,-103.7243948,CO,089,11020005,11020005,11,451,ST,Yes,Southwest,False,True
07121500,"TIMPAS CREEK AT MOUTH NEAR SWINK, CO.",38.0030644,-103.6560588,CO,089,11020005,11020005,11,506,ST,Yes,Southwest,False,True
07122000,"ARKANSAS RIVER NEAR LA JUNTA, CO.",38.0111198,-103.5888338,CO,089,11020005,11020005,11,,ST,Yes,Southwest,False,True
07122005,"FORT LYON CANAL NEAR LA JUNTA, CO.",38.00834206,-103.5755,CO,089,11020005,11020005,11,,ST,Yes,Southwest,False,True
07122060,"FORT LYON CANAL NEAR CASA, CO",38.0355637,-103.4721622,CO,089,11020005,11020005,11,,ST,Yes,Southwest,False,True
07122105,"FORT LYON CANAL NEAR CORNELIA, CO",38.10695065,-103.2490973,CO,011,11020009,11020009,11,,ST,Yes,Southwest,False,True
07122200,"FORT LYON CANAL NEAR HASTY, CO.",38.1441734,-102.958812,CO,011,11020009,11020009,11,,ST,Yes,Southwest,False,True
07122350,"FORT LYON CANAL NEAR BIG BEND, CO",38.25806304,-102.7788079,CO,011,11020009,11020009,11,,ST,Yes,Southwest,False,True
07122390,"FT LYON CANAL WASTE TO AMITY CANAL NR. KORNMAN, CO",38.14334198,-102.5874153,CO,099,11020009,11020009,11,,ST,Yes,Southwest,False,True
07122400,"CROOKED ARROYO NEAR SWINK, CO.",37.9822313,-103.5982788,CO,089,11020005,11020005,11,108,ST,Yes,Southwest,False,True
07122500,"CROOKED ARROYO NEAR LA JUNTA, CO.",37.99862,-103.587445,CO,089,11020005,11020005,11,,ST,Yes,Southwest,False,True
07123000,"ARKANSAS RIVER AT LA JUNTA, CO",37.99055556,-103.5319444,CO,089,11020005,11020005,11,12210,ST,Yes,Southwest,False,True
07123050,"KING ARROYO AT LA JUNTA, CO.",37.98945344,-103.5316095,CO,089,11020005,11020005,11,,ST,Yes,Southwest,False,True
07123085,"ARKANSAS RIVER TRIBUTARY NO.2 NEAR LA JUNTA, CO.",37.99028676,-103.5091086,CO,089,11020005,11020005,11,,ST,Yes,Southwest,False,True
07123090,"ARKANSAS RIVER TRIBUTARY NEAR LA JUNTA, CO.",37.9905645,-103.504664,CO,089,11020005,11020005,11,,ST,Yes,Southwest,False,True
07123500,"HORSE CREEK NEAR SUGAR CITY, CO.",38.2391716,-103.6349443,CO,025,11020008,11020008,11,1080,ST,Yes,Southwest,False,True
07123675,"HORSE CREEK NEAR LAS ANIMAS, CO",38.0850069,-103.3538237,CO,011,11020008,11020008,11,1403,ST,Yes,Southwest,False,True
07124000,"ARKANSAS RIVER AT LAS ANIMAS, CO.",38.0808399,-103.2196523,CO,011,11020009,11020009,11,14245,ST,Yes,Southwest,False,True
07124050,"MIDDLE FORK PURGATOIRE RIVER AT STONEWALL, CO.",37.15279724,-105.0130568,CO,071,11020010,11020010,11,49.3,ST,Yes,Southwest,False,True
07124100,"MOLINO CANYON NEAR WESTON, CO.",37.1322425,-104.8072154,CO,071,11020010,11020010,11,4.20,ST,Yes,Southwest,False,True
07124120,"SARCILLO CANYON NEAR SEGUNDO, CO.",37.1239094,-104.7641583,CO,071,11020010,11020010,11,35.3,ST,Yes,Southwest,False,True
07124200,"PURGATOIRE RIVER AT MADRID, CO.",37.12946459,-104.6399888,CO,071,11020010,11020010,11,505,ST,Yes,Southwest,False,True
07124210,"MULLIGAN CANYON NEAR BONCARBO, CO.",37.2102959,-104.6608218,CO,071,11020010,11020010,11,4.56,ST,Yes,Southwest,False,True
07124220,"REILLY CANYON AT COKEDALE, CO.",37.14529747,-104.6191548,CO,071,11020010,11020010,11,35.2,ST,Yes,Southwest,False,True
07124300,"LONG CANYON CREEK NEAR MADRID, CO.",37.11474266,-104.605266,CO,071,11020010,11020010,11,100,ST,Yes,Southwest,False,True
07124350,"CARPIOS CANYON NEAR JANSEN, CO.",37.15363048,-104.5702648,CO,071,11020010,11020010,11,,ST,Yes,Southwest,False,True
07124410,"PURGATOIRE RIVER BELOW TRINIDAD LAKE, CO.",37.14390846,-104.5477644,CO,071,11020010,11020010,11,673,ST,Yes,Southwest,False,True
07124500,"PURGATOIRE RIVER AT TRINIDAD, CO.",37.1708521,-104.509152,CO,071,11020010,11020010,11,749,ST,Yes,Southwest,False,True
07125000,"PURGATOIRE RIVER NEAR HOEHNE, CO.",37.24834995,-104.4035923,CO,071,11020010,11020010,11,857,ST,Yes,Southwest,False,True
07125100,"FRIJOLE CREEK NEAR ALFALFA, CO",37.19966667,-104.2110278,CO,071,11020010,11020010,11,77.4,ST,Yes,Southwest,False,True
07125500,"SAN FRANCISCO CREEK NEAR ALFALFA, CO",37.1848611,-104.14525,CO,071,11020010,11020010,11,162,ST,Yes,Southwest,False,True
07126000,"PURGATOIRE RIVER NEAR ALFALFA, CO.",37.188352,-104.1327505,CO,071,11020010,11020010,11,1285,ST,Yes,Southwest,False,True
07126100,"LUNING ARROYO NEAR MODEL, CO.",37.30446175,-104.0155216,CO,071,11020010,11020010,11,86.0,ST,Yes,Southwest,False,True
07126140,"VAN BREMER ARROYO NEAR TYRONE, CO",37.3994599,-104.115802,CO,071,11020010,11020010,11,119,ST,Yes,Southwest,False,True
07126200,"VAN BREMER ARROYO NEAR MODEL, CO",37.34557255,-103.9580186,CO,071,11020010,11020010,11,162,ST,Yes,Southwest,False,True
07126300,"PURGATOIRE RIVER NEAR THATCHER, CO.",37.3564059,-103.9002383,CO,071,11020010,11020010,11,1914,ST,Yes,Southwest,False,True
07126320,"BURKE ARROYO TRIBUTARY NEAR THATCHER, CO",37.4271111,-103.9698333,CO,071,11020010,11020010,11,4.71,ST,Yes,Southwest,False,True
07126325,"TAYLOR ARROYO BL ROCK CROSSING, NR THATCHER, CO.",37.42418269,-103.9202382,CO,071,11020010,11020010,11,48.4,ST,Yes,Southwest,False,True
07126390,"LOCKWOOD CANYON CREEK NEAR THATCHER, CO",37.49279316,-103.8280114,CO,071,11020010,11020010,11,48.8,ST,Yes,Southwest,False,True
07126415,"RED ROCK CANYON CREEK AT MOUTH NR THATCHER, CO.",37.51529314,-103.7255071,CO,071,11020010,11020010,11,48.7,ST,Yes,Southwest,False,True
07126470,"CHACUACO CREEK AT MOUTH NEAR TIMPAS, CO",37.54390395,-103.63217,CO,071,11020010,11020010,11,424,ST,Yes,Southwest,False,True
07126480,"BENT CANYON CREEK AT MOUTH NEAR TIMPAS, CO",37.58918109,-103.6482815,CO,071,11020010,11020010,11,56.1,ST,Yes,Southwest,False,True
07126485,"PURGATOIRE RIVER AT ROCK CROSSING NR TIMPAS, CO.",37.6183474,-103.593557,CO,071,11020010,11020010,11,2758,ST,Yes,Southwest,False,True
07126500,"PURGATOIRE RIVER AT NINEMILE DAM, NR HIGBEE, CO.",37.7147351,-103.5110538,CO,089,11020010,11020010,11,2875,ST,Yes,Southwest,False,True
07128000,"PURGATOIRE R AT HIGHLAND DAM, NR LAS ANIMAS, CO.",37.89917544,-103.3035455,CO,011,11020010,11020010,11,3328,ST,Yes,Southwest,False,True
07128500,"PURGATOIRE RIVER NEAR LAS ANIMAS, CO",38.0342222,-103.2014167,CO,011,11020010,11020010,11,3441,ST,Yes,Southwest,False,True
07129500,"RULE CREEK NEAR CADDOA, CO.",37.99945218,-103.0771488,CO,011,11020009,11020009,11,435,ST,Yes,Southwest,False,True
07130500,"ARKANSAS RIVER BELOW JOHN MARTIN RESERVOIR, CO.",38.06639635,-102.9324228,CO,011,11020009,11020009,11,18494,ST,Yes,Southwest,False,True
07131000,"CADDOA CREEK AT CADDOA, CO.",38.0627853,-102.9185337,CO,011,11020009,11020009,11,131,ST,Yes,Southwest,False,True
07133000,"ARKANSAS RIVER AT LAMAR, CO",38.10579167,-102.6182056,CO,099,11020009,11020009,11,19743,ST,Yes,Southwest,False,True
07133050,"WILLOW CREEK NEAR LAMAR, CO.",38.03778627,-102.6146386,CO,099,11020009,11020009,11,42.0,ST,Yes,Southwest,False,True
07134000,"BIG SANDY CR ABV AMITY CNL DIVERSN, NR KORNMAN, CO",38.21445366,-102.4801907,CO,099,11020011,11020011,11,3185,ST,Yes,Southwest,False,True
07134100,"BIG SANDY CREEK NEAR LAMAR, CO.",38.11417565,-102.4838023,CO,099,11020011,11020011,11,3216,ST,Yes,Southwest,False,True
07134180,"ARKANSAS RIVER NEAR GRANADA, CO.",38.0955649,-102.3107453,CO,099,11020009,11020009,11,23500,ST,Yes,Southwest,False,True
07134990,"WILD HORSE CREEK ABOVE HOLLY, CO",38.05702778,-102.1384722,CO,099,11020009,11020009,11,175,ST,Yes,Southwest,False,True
07135000,"TWO BUTTE CREEK NEAR HOLLY, CO.",38.0277888,-102.1390744,CO,099,11020013,11020013,11,817,ST,Yes,Southwest,False,True
07135500,"ARKANSAS RIVER AT HOLLY, CO.",38.04362258,-102.1196294,CO,099,11020009,11020009,11,25073,ST,Yes,Southwest,False,True
07136000,"WILD HORSE CREEK AT HOLLY, CO.",38.0458448,-102.1185183,CO,099,11020009,11020009,11,270,ST,Yes,Southwest,False,True
07136500,"HOLLY DRAIN NEAR HOLLY, CO.",38.04529037,-102.0485161,CO,099,11020009,11020009,11,,ST,Yes,Southwest,False,True
08213500,"RIO GRANDE AT THIRTYMILE BRIDGE, NR CREEDE, CO.",37.72472199,-107.2556094,CO,053,13010001,13010001,13,163,ST,Yes,Southwest,False,True
08214500,"NORTH CLEAR CREEK BL CONTINENTAL RESERVOIR, CO.",37.88833177,-107.2033863,CO,053,13010001,13010001,13,51.7,ST,Yes,Southwest,False,True
08216500,"WILLOW CREEK AT CREEDE, CO",37.85611048,-106.9275456,CO,079,13010001,13010001,13,35.3,ST,Yes,Southwest,False,True
08217000,"RIO GRANDE AT WASON, BELOW CREEDE, CO.",37.8225003,-106.8892116,CO,079,13010001,13010001,13,705,ST,Yes,Southwest,False,True
08217500,"RIO GRANDE AT WAGON WHEEL GAP, CO",37.76694638,-106.831433,CO,079,13010001,13010001,13,780,ST,Yes,Southwest,False,True
08218000,"GOOSE CREEK NEAR WAGONWHEEL GAP, CO",37.68788889,-106.8447222,CO,079,13010001,13010001,13,53.6,ST,Yes,Southwest,False,True
08218500,"GOOSE CREEK AT WAGONWHEEL GAP, CO.",37.75194676,-106.8300442,CO,079,13010001,13010001,13,90,ST,Yes,Southwest,False,True
08219500,"SOUTH FORK RIO GRANDE AT SOUTH FORK, CO",37.65694884,-106.6492082,CO,105,13010001,13010001,13,216,ST,Yes,Southwest,False,True
08220000,"RIO GRANDE NEAR DEL NORTE, CO",37.6886111,-106.4598611,CO,105,13010001,13010001,13,1320,ST,Yes,Southwest,False,True
08220500,"PINOS CREEK NEAR DEL NORTE, CO.",37.5916708,-106.4500382,CO,105,13010002,13010002,13,53.0,ST,Yes,Southwest,False,True
08220900,"SAN FRANCISCO CREEK AT UPPER STA. NR DEL NORTE, CO",37.57889289,-106.3703134,CO,105,13010002,13010002,13,11.8,ST,Yes,Southwest,False,True
08221500,"RIO GRANDE NEAR MONTE VISTA, CO.",37.60944707,-106.1489175,CO,105,13010002,13010002,13,1590,ST,Yes,Southwest,False,True
08223000,"RIO GRANDE AT ALAMOSA, CO.",37.48139328,-105.8800218,CO,003,13010002,13010002,13,1710,ST,Yes,Southwest,False,True
08223500,"ROCK CREEK NEAR MONTE VISTA, CO.",37.49028216,-106.2594768,CO,105,13010002,13010002,13,32.9,ST,Yes,Southwest,False,True
08224110,"SAN LUIS CREEK NEAR PONCHA PASS, CO.",38.40610936,-106.064183,CO,109,13010003,13010003,13,6.57,ST,Yes,Southwest,False,True
08224113,"SAN LUIS CREEK ABOVE VILLA GROVE, CO.",38.4011094,-106.0647386,CO,109,13010003,13010003,13,11.2,ST,Yes,Southwest,False,True
08224200,"RASPBERRY CREEK NEAR VILLA GROVE, CO.",38.3402762,-105.9436234,CO,109,13010003,13010003,13,1.78,ST,Yes,Southwest,False,True
08224500,"KERBER CR ABV LITTLE KERBER CR NR VILLA GROVE, CO",38.22027745,-106.089741,CO,109,13010003,13010003,13,45.4,ST,Yes,Southwest,False,True
08226600,"NOLAND GULCH TRIB RES INFLOW NR VILLA GROVE, CO.",38.20944367,-105.9616807,CO,109,13010003,13010003,13,0.08,ST,Yes,Southwest,False,True
08226700,"COTTON CREEK NEAR MINERAL HOT SPRINGS, CO.",38.13194324,-105.7886216,CO,109,13010003,13010003,13,13.6,ST,Yes,Southwest,False,True
08227000,"SAGUACHE CREEK NEAR SAGUACHE, CO",38.16333294,-106.290583,CO,109,13010004,13010004,13,595,ST,Yes,Southwest,False,True
08227400,"TRACY PIT RESERVOIR INFLOW NEAR SAGUACHE, CO.",38.0455559,-106.2189153,CO,109,13010004,13010004,13,0.05,ST,Yes,Southwest,False,True
08227500,"NORTH CRESTONE CREEK NEAR CRESTONE, CO.",38.01361029,-105.6927882,CO,109,13010003,13010003,13,10.7,ST,Yes,Southwest,False,True
08229500,"COTTONWOOD CREEK NEAR CRESTONE, CO.",37.933333,-105.6455666,CO,109,13010003,13010003,13,6.77,ST,Yes,Southwest,False,True
08230500,"CARNERO CREEK NEAR LA GARITA, CO.",37.85972315,-106.3194768,CO,109,13010004,13010004,13,117,ST,Yes,Southwest,False,True
08231000,"LA GARITA CREEK NEAR LA GARITA, CO",37.8133348,-106.318644,CO,109,13010004,13010004,13,62.2,ST,Yes,Southwest,False,True
08234200,"MOSCA CREEK NEAR MOSCA, CO.",37.73472355,-105.5080672,CO,003,13010003,13010003,13,3.71,ST,Yes,Southwest,False,True
08235250,"ALAMOSA RIVER ABOVE WIGHTMAN FORK NEAR JASPER, CO",37.40250568,-106.5219821,CO,105,13010002,13010002,13,37.8,ST,Yes,Southwest,False,True
08235270,"WIGHTMAN FORK BEL CROPSY CREEK AT SUMMITVILLE, CO",37.42917306,-106.5847609,CO,105,13010002,13010002,13,4.44,ST,Yes,Southwest,False,True
08235290,"WIGHTMAN FORK AT MOUTH NEAR JASPER, CO",37.40389457,-106.5217044,CO,105,13010002,13010002,13,16.1,ST,Yes,Southwest,False,True
08235350,"ALAMOSA RIVER ABOVE JASPER, CO",37.4175054,-106.4922599,CO,105,13010002,13010002,13,58.1,ST,Yes,Southwest,False,True
08235700,ALAMOSA RIVER BELOW CASTLEMAN GULCH NEAR JASPER,37.40278317,-106.450592,CO,105,13010002,13010002,13,76.3,ST,Yes,Southwest,False,True
08236000,"ALAMOSA RIVER ABOVE TERRACE RESERVOIR, CO.",37.37472769,-106.3347558,CO,021,13010002,13010002,13,107,ST,Yes,Southwest,False,True
08236500,"ALAMOSA RIVER BELOW TERRACE RESERVOIR, CO.",37.35278344,-106.2775324,CO,021,13010002,13010002,13,116,ST,Yes,Southwest,False,True
08238000,"LA JARA CREEK AT GALLEGOS RANCH, NR CAPULIN, CO.",37.2088969,-106.1883626,CO,021,13010002,13010002,13,98.0,ST,Yes,Southwest,False,True
08238350,"YELLOW WARBLER RES INFLOW NEAR ANTONIO, CO.",37.10001096,-106.112803,CO,021,13010002,13010002,13,0.18,ST,Yes,Southwest,False,True
08238380,"TURKEY RESERVOIR INFLOW NEAR CONEJOS, CO.",37.13778794,-106.1119703,CO,021,13010002,13010002,13,0.24,ST,Yes,Southwest,False,True
08240000,"RIO GRANDE AB MOUTH TRINCHERA C NR LASAUSES, CO.",37.3161205,-105.7427959,CO,021,13010002,13010002,13,5740,ST,Yes,Southwest,False,True
08240500,"TRINCHERA C AB TURNERS RANCH, NR FT GARLAND, CO.",37.37473306,-105.2950101,CO,023,13010002,13010002,13,45.0,ST,Yes,Southwest,False,True
08241000,"TRINCHERA C AB MTN HOME RE, NR FORT GARLAND, CO.",37.39473208,-105.3691772,CO,023,13010002,13010002,13,61.0,ST,Yes,Southwest,False,True
08241500,"SANGRE DE CRISTO CREEK NEAR FORT GARLAND, CO.",37.42500877,-105.4150108,CO,023,13010002,13010002,13,190,ST,Yes,Southwest,False,True
08242500,"UTE CREEK NEAR FORT GARLAND, CO",37.4472222,-105.4258333,CO,023,13010002,13010002,13,32,ST,Yes,Southwest,False,True
08243500,"TRINCHERA CREEK BELOW SMITH RES, NR BLANCA, CO.",37.38611996,-105.5511248,CO,023,13010002,13010002,13,396,ST,Yes,Southwest,False,True
08245000,"CONEJOS RIVER BELOW PLATORO RESERVOIR, CO",37.35490278,-106.5441667,CO,021,13010005,13010005,13,40,ST,Yes,Southwest,False,True
08245500,"CONEJOS RIVER AT PLATORO, CO.",37.3538946,-106.5250367,CO,021,13010005,13010005,13,44.4,ST,Yes,Southwest,False,True
08246000,"CONEJOS R AT COUNSELLORS CABIN, NEAR MOGOTE, CO.",37.12167564,-106.3283646,CO,021,13010005,13010005,13,211,ST,Yes,Southwest,False,True
08246500,"CONEJOS RIVER NEAR MOGOTE, CO.",37.05390016,-106.1875269,CO,021,13010005,13010005,13,282,ST,Yes,Southwest,False,True
08248500,"SAN ANTONIO RIVER AT MOUTH, NEAR MANASSA, CO.",37.17695615,-105.8780757,CO,021,13010005,13010005,13,348,ST,Yes,Southwest,False,True
08249000,"CONEJOS RIVER NEAR LASAUSES, CO",37.30028754,-105.7469627,CO,021,13010005,13010005,13,887,ST,Yes,Southwest,False,True
08249200,"RIO GRANDE ABOVE CULEBRA CREEK, NR LOBATOS, CO.",37.26667735,-105.7339068,CO,021,13010002,13010002,13,,ST,Yes,Southwest,False,True
08249400,"CULEBRA CREEK NEAR CHAMA, CO.",37.1814051,-105.3211227,CO,023,13010002,13010002,13,72.4,ST,Yes,Southwest,False,True
08250000,"CULEBRA CREEK AT SAN LUIS, CO",37.18388889,-105.4258333,CO,023,13010002,13010002,13,220,ST,Yes,Southwest,False,True
08250500,"CULEBRA CREEK BELOW SAN LUIS, CO.",37.17779354,-105.4319563,CO,023,13010002,13010002,13,255,ST,Yes,Southwest,False,True
08251500,"RIO GRANDE NEAR LOBATOS, CO",37.0786111,-105.7569444,CO,021,13010002,13010002,13,7700,ST,Yes,Southwest,False,True
08252000,RIO GRANDE AT COLORADO-NEW MEXICO STATE LINE,37.0008523,-105.7225142,CO,023,13010002,13010002,13,,ST,Yes,Southwest,False,True
08262000,"EASTDALE NO. 1 INTAKE CANAL NR. JAROSO, COLO.",37.04029687,-105.6047343,CO,023,13020101,13020101,13,,ST,Yes,Southwest,False,True
09010000,"GRAND RIVER DITCH AT LA POUDRE PASS, CO.",40.47720557,-105.8219547,CO,069,14010001,14010001,14,,ST,Yes,Southwest,False,True
09010100,"LADY CREEK NEAR GRAND LAKE, CO",40.46553889,-105.846678,CO,049,14010001,14010001,14,0.08,ST,Yes,Southwest,False,True
09010400,"JIMMY CREEK NEAR GRAND LAKE, CO.",40.37553958,-105.8805688,CO,049,14010001,14010001,14,0.08,ST,Yes,Southwest,False,True
09010500,"COLORADO RIVER BELOW BAKER GULCH NR GRAND LAKE, CO",40.32581784,-105.8566791,CO,049,14010001,14010001,14,63.8,ST,Yes,Southwest,False,True
09010501,COLO R BL BAKER GUL PLUS GRAND R D COLO,40.32581784,-105.8566791,CO,049,14010001,14010001,14,53.4,ST,Yes,Southwest,False,True
09010600,"ONAHU CREEK NEAR GRAND LAKE, CO",40.3227623,-105.8430675,CO,049,14010001,14010001,14,8.84,ST,Yes,Southwest,False,True
09011000,"COLORADO RIVER NEAR GRAND LAKE, CO.",40.2188742,-105.8575127,CO,049,14010001,14010001,14,102,ST,Yes,Southwest,False,True
09011500,"L COLUMBINE C AB SHADOW MTN LK, AT GRAND LK, CO.",40.2524851,-105.8341786,CO,049,14010001,14010001,14,1.65,ST,Yes,Southwest,False,True
09012400,"TONAHUTU CREEK NEAR GRAND LAKE, COLO.",40.2685961,-105.8194557,CO,049,14010001,14010001,14,16.0,ST,Yes,Southwest,False,True
09012410,"HARBISON DITCH NEAR GRAND LAKE, COLO.",40.2683183,-105.820289,CO,049,14010001,14010001,14,,ST,Yes,Southwest,False,True
09012420,"TONAHUTU CREEK BLW HARBISON DITCH NR GRAND LAKE,CO",40.26526279,-105.8208447,CO,049,14010001,14010001,14,,ST,Yes,Southwest,False,True
09012500,"NORTH INLET AT GRAND LAKE, CO",40.25085,-105.8144444,CO,049,14010001,14010001,14,45.8,ST,Yes,Southwest,False,True
09013500,"EAST INLET NEAR GRAND LAKE, CO.",40.23637409,-105.7983437,CO,049,14010001,14010001,14,27.2,ST,Yes,Southwest,False,True
09014000,"GRAND LAKE OUTLET AT GRAND LAKE, CO.",40.24474444,-105.82615,CO,049,14010001,14010001,14,76.3,ST,Yes,Southwest,False,True
09014050,"GRAND LAKE OUTLET BLW CHIPMUNK LN AT GRAND LK, CO",40.2461111,-105.8288333,CO,049,14010001,14010001,14,76.4,ST,Yes,Southwest,False,True
09015000,"COLORADO RIVER BL SHADOW MOUNTAIN RESERVOIR, CO.",40.20519444,-105.8375611,CO,049,14010001,14010001,14,190,ST,Yes,Southwest,False,True
09015500,"COLUMBINE CREEK ABV LAKE GRANBY, NR GRAND LAKE, CO",40.18644444,-105.8202778,CO,049,14010001,14010001,14,7.38,ST,Yes,Southwest,False,True
09016000,"ROARING FORK ABOVE LAKE GRANBY, CO.",40.13081927,-105.7675084,CO,049,14010001,14010001,14,5.95,ST,Yes,Southwest,False,True
09016500,"ARAPAHO CREEK AT MONARCH LAKE OUTLET, CO",40.1124861,-105.7497297,CO,049,14010001,14010001,14,46.9,ST,Yes,Southwest,False,True
09017000,"ARAPAHO CREEK BELOW MONARCH LAKE, CO.",40.12970816,-105.7761198,CO,049,14010001,14010001,14,56.9,ST,Yes,Southwest,False,True
09018000,"STILLWATER CREEK AB LK GRANBY, NR GRAND LK, CO.",40.18804106,-105.895014,CO,049,14010001,14010001,14,17.5,ST,Yes,Southwest,False,True
09018300,"GRANBY PUMP CANAL NR GRAND LAKE, CO.",40.20665207,-105.8494567,CO,049,14010001,14010001,14,,ST,Yes,Southwest,False,True
09019000,"COLORADO RIVER BELOW LAKE GRANBY, CO.",40.1441524,-105.8672348,CO,049,14010001,14010001,14,312,ST,Yes,Southwest,False,True
09019500,"COLORADO RIVER NEAR GRANBY, CO",40.12081915,-105.9005694,CO,049,14010001,14010001,14,323,ST,Yes,Southwest,False,True
09019850,"WILLOW CREEK BELOW CABIN CREEK NEAR GRANBY, CO",40.21426944,-106.0506611,CO,049,14010001,14010001,14,92,ST,Yes,Southwest,False,True
09020000,"WILLOW CREEK NEAR GRANBY, CO.",40.180541,-106.0091853,CO,049,14010001,14010001,14,109,ST,Yes,Southwest,False,True
09020500,"WILLOW CREEK ABOVE WILLOW CREEK RESERVOIR, CO.",40.15579444,-105.9805639,CO,049,14010001,14010001,14,127,ST,Yes,Southwest,False,True
09021000,"WILLOW CREEK BELOW WILLOW CREEK RESERVOIR, CO.",40.14581899,-105.9400156,CO,049,14010001,14010001,14,134,ST,Yes,Southwest,False,True
09021500,"BERTHOUD PASS DITCH AT BERTHOUD PASS, CO.",39.7988759,-105.7769516,CO,049,14010001,14010001,14,,ST,Yes,Southwest,False,True
09022000,"FRASER RIVER AT UPPER STA, NEAR WINTER PARK, CO.",39.8458204,-105.7519507,CO,049,14010001,14010001,14,10.5,ST,Yes,Southwest,False,True
09022100,"FRASER-JIM DITCH NEAR WINTER PARK, CO",39.88665369,-105.7575066,CO,049,14010001,14010001,14,,ST,Yes,Southwest,False,True
09023500,"FRASER RIVER ABOVE WINTER PARK, CO.",39.88054259,-105.7561176,CO,049,14010001,14010001,14,22.4,ST,Yes,Southwest,False,True
09024000,"FRASER RIVER AT WINTER PARK, CO.",39.89998695,-105.7766741,CO,049,14010001,14010001,14,27.6,ST,Yes,Southwest,False,True
09025000,"VASQUEZ CREEK AT WINTER PARK, CO",39.92026468,-105.7852857,CO,049,14010001,14010001,14,27.9,ST,Yes,Southwest,False,True
09025300,"ELK CREEK AT UPPER STATION, NEAR FRASER, CO",39.8894312,-105.8325098,CO,049,14010001,14010001,14,1.67,ST,Yes,Southwest,False,True
09025400,"ELK CREEK NEAR FRASER, CO.",39.9191534,-105.8258429,CO,049,14010001,14010001,14,7.15,ST,Yes,Southwest,False,True
09026500,"ST. LOUIS CREEK NEAR FRASER, CO.",39.90998657,-105.8783451,CO,049,14010001,14010001,14,32.9,ST,Yes,Southwest,False,True
09027100,"FRASER RIVER AT TABERNASH, CO",39.9903333,-105.8297778,CO,049,14010001,14010001,14,115,ST,Yes,Southwest,False,True
09029995,MIDDLE FORK RANCH CREEK ABV DIVERSION NR FRASER CO,39.92896944,-105.7343389,CO,049,14010001,14010001,14,4.05,ST,Yes,Southwest,False,True
09031600,"VASQUEZ DIVERSION 3 NR WINTER PARK, CO",39.86610556,-105.8196472,CO,049,14010001,14010001,14,,ST,Yes,Southwest,False,True
09031700,"VASQUEZ DIVERSION 2 NR WINTER PARK, CO",39.8891472,-105.8117694,CO,049,14010001,14010001,14,,ST,Yes,Southwest,False,True
09031900,RANCH CREEK DITCH NEAR FRASER COLO,39.88970927,-105.7522286,CO,049,14010001,14010001,14,,ST,Yes,Southwest,False,True
09032000,"RANCH CREEK NEAR FRASER, CO.",39.94998694,-105.7655627,CO,049,14010001,14010001,14,20.0,ST,Yes,Southwest,False,True
09032001,RANCH C NR FRASER PLUS RANCH C DITCH COLO,39.94998694,-105.7655627,CO,049,14010001,14010001,14,19.9,ST,Yes,Southwest,False,True
09032050,"LITTLE CABIN CREEK NEAR TABERNASH, CO",39.97454444,-105.7395361,CO,049,14010001,14010001,14,0.66,ST,Yes,Southwest,False,True
09032100,"CABIN CREEK NEAR FRASER, CO.",39.9858203,-105.7450064,CO,049,14010001,14010001,14,4.86,ST,Yes,Southwest,False,True
09032200,"HAMILTON CREEK NEAR TABERNASH, CO",39.99727778,-105.7468056,CO,049,14010001,14010001,14,2.08,ST,Yes,Southwest,False,True
09032300,"HURD CREEK NEAR TABERNASH, CO",40.01325,-105.7616944,CO,049,14010001,14010001,14,1.71,ST,Yes,Southwest,False,True
09032400,"TRAIL CREEK NEAR TABERNASH, CO",40.02841667,-105.7806389,CO,049,14010001,14010001,14,1.08,ST,Yes,Southwest,False,True
09032500,"RANCH CREEK NEAR TABERNASH, CO.",39.99748667,-105.8236209,CO,049,14010001,14010001,14,51.3,ST,Yes,Southwest,False,True
09032990,"MEADOW CREEK BLW MEADOW CREEK RES NR TABERNASH, CO",40.05202778,-105.7541667,CO,049,14010001,14010001,14,7.25,ST,Yes,Southwest,False,True
09033000,"MEADOW CREEK NEAR TABERNASH, CO.",40.0508198,-105.7775082,CO,049,14010001,14010001,14,8.03,ST,Yes,Southwest,False,True
09033010,"MEADOW CREEK DIVERSION NEAR TABERNASH, CO",40.0502861,-105.7797056,CO,049,14010001,14010001,14,,ST,Yes,Southwest,False,True
09033100,"RANCH CREEK BLW MEADOW CR NR TABERNASH, CO",39.9990861,-105.8265583,CO,049,14010001,14010001,14,66.0,ST,Yes,Southwest,False,True
09033300,FRASER RIVER BLW CROOKED CR AT TABERNASH CO,40.00689167,-105.8482722,CO,049,14010001,14010001,14,224,ST,Yes,Southwest,False,True
09033500,"STRAWBERRY CREEK NEAR GRANBY, CO",40.0866111,-105.8276389,CO,049,14010001,14010001,14,11.6,ST,Yes,Southwest,False,True
09034000,"FRASER RIVER AT GRANBY, CO.",40.0852636,-105.9552936,CO,049,14010001,14010001,14,297,ST,Yes,Southwest,False,True
09034250,"COLORADO RIVER AT WINDY GAP, NEAR GRANBY, CO.",40.108319,-106.0041847,CO,049,14010001,14010001,14,788,ST,Yes,Southwest,False,True
09034500,"COLORADO RIVER AT HOT SULPHUR SPRINGS, CO.",40.08331887,-106.0880765,CO,049,14010001,14010001,14,825,ST,Yes,Southwest,False,True
09034800,"LITTLE MUDDY CREEK NEAR PARSHALL, CO.",39.96304145,-106.0689085,CO,049,14010001,14010001,14,6.52,ST,Yes,Southwest,False,True
09034900,"BOBTAIL CREEK NEAR JONES PASS, CO",39.76026447,-105.9064014,CO,049,14010001,14010001,14,5.60,ST,Yes,Southwest,False,True
09035500,"WILLIAMS FORK BELOW STEELMAN CREEK, CO.",39.77887549,-105.9283469,CO,049,14010001,14010001,14,16.4,ST,Yes,Southwest,False,True
09035700,"WILLIAMS FORK ABOVE DARLING CREEK, NEAR LEAL, CO",39.79719444,-106.0256389,CO,049,14010001,14010001,14,35.2,ST,Yes,Southwest,False,True
09035800,"DARLING CREEK NEAR LEAL, CO.",39.8005418,-106.0264066,CO,049,14010001,14010001,14,8.78,ST,Yes,Southwest,False,True
09035820,"SO FK WILLIAMS FK AT UP STA NR PTARMIGAN PASS, C",39.70831997,-105.9475144,CO,049,14010001,14010001,14,2.78,ST,Yes,Southwest,False,True
09035830,"SO FK WILLIAMS FK NR PTARMIGAN PASS, CO",39.70415327,-105.962515,CO,049,14010001,14010001,14,4.01,ST,Yes,Southwest,False,True
09035840,"SO FK WILLIAMS FK AB TRIB NR PTARMIGAN PASS, CO",39.70359767,-105.982238,CO,049,14010001,14010001,14,5.53,ST,Yes,Southwest,False,True
09035845,"SO FK WILLIAMS FK TRIB NR PTARMIGAN PASS, CO",39.7027643,-105.9855716,CO,049,14010001,14010001,14,0.60,ST,Yes,Southwest,False,True
09035850,"SO FK WILLIAMS FK AB SHORT CR NR PTARMIGAN PASS,",39.70304209,-105.990294,CO,049,14010001,14010001,14,6.53,ST,Yes,Southwest,False,True
09035870,"SO FK WILLIAMS FK BL SHORT CR NR PTARMIGAN PAS,",39.74915299,-106.0319623,CO,049,14010001,14010001,14,20.0,ST,Yes,Southwest,False,True
09035880,"S. FK. WILLIAMS FORK BLW OLD BALDY MT NR LEAL, CO",39.75887518,-106.0361291,CO,049,14010001,14010001,14,21.7,ST,Yes,Southwest,False,True
09035900,"SOUTH FORK OF WILLIAMS FORK NEAR LEAL, CO",39.79581958,-106.0305734,CO,049,14010001,14010001,14,27.4,ST,Yes,Southwest,False,True
09036000,"WILLIAMS FORK NEAR LEAL, CO.",39.833875,-106.0564079,CO,049,14010001,14010001,14,89.5,ST,Yes,Southwest,False,True
09036500,"KEYSER CREEK NEAR LEAL, CO.",39.9074861,-106.0172398,CO,049,14010001,14010001,14,13.8,ST,Yes,Southwest,False,True
09037000,"WILLIAMS FORK NEAR SCHOLL, CO.",39.90526367,-106.0994652,CO,049,14010001,14010001,14,141,ST,Yes,Southwest,False,True
09037200,"SKYLARK CREEK NEAR PARSHALL, CO.",39.9052635,-106.1694678,CO,049,14010001,14010001,14,2.42,ST,Yes,Southwest,False,True
09037500,"WILLIAMS FORK NEAR PARSHALL, CO",40.0002,-106.1803667,CO,049,14010001,14010001,14,184,ST,Yes,Southwest,False,True
09038500,"WILLIAMS FORK BELOW WILLIAMS FORK RESERVOIR, CO",40.03592778,-106.2050139,CO,049,14010001,14010001,14,230,ST,Yes,Southwest,False,True
09039000,"TROUBLESOME CREEK NEAR PEARMONT, CO.",40.2174844,-106.3130854,CO,049,14010001,14010001,14,44.6,ST,Yes,Southwest,False,True
09039500,"TROUBLESOME C AT ATMORE RANCH, NR TRBLESOME, CO.",40.2083178,-106.3097519,CO,049,14010001,14010001,14,48.8,ST,Yes,Southwest,False,True
09040000,"EAST FORK TROUBLESOME C NEAR TROUBLESOME, CO.",40.15748477,-106.2833617,CO,049,14010001,14010001,14,76.0,ST,Yes,Southwest,False,True
09040500,"TROUBLESOME CREEK NEAR TROUBLESOME, CO.",40.05866389,-106.3051778,CO,049,14010001,14010001,14,168,ST,Yes,Southwest,False,True
09041000,"MUDDY CREEK NEAR KREMMLING, CO.",40.29359455,-106.4836469,CO,049,14010001,14010001,14,87.4,ST,Yes,Southwest,False,True
09041090,"MUDDY CREEK ABOVE ANTELOPE CREEK NR. KREMMLING, CO",40.2024844,-106.4225335,CO,049,14010001,14010001,14,145,ST,Yes,Southwest,False,True
09041100,"ANTELOPE CREEK NEAR KREMMLING, CO.",40.24053974,-106.3736433,CO,049,14010001,14010001,14,11.5,ST,Yes,Southwest,False,True
09041200,"RED DIRT CREEK NEAR KREMMLING, CO.",40.1613736,-106.5594818,CO,049,14010001,14010001,14,19.0,ST,Yes,Southwest,False,True
09041300,"PASS CREEK NEAR KREMMLING, CO.",40.1327628,-106.4903129,CO,049,14010001,14010001,14,17.8,ST,Yes,Southwest,False,True
09041400,"MUDDY CRK BLW WOLFORD MTN RESER. NR KREMMLING, CO",40.10859628,-106.4139212,CO,049,14010001,14010001,14,270,ST,Yes,Southwest,False,True
09041500,"MUDDY CREEK AT KREMMLING, CO.",40.0602633,-106.3980869,CO,049,14010001,14010001,14,290,ST,Yes,Southwest,False,True
09041900,"MONTE CRISTO DIVERSION NEAR HOOSIER PASS, CO",39.38082156,-106.0714082,CO,117,14010002,14010002,14,,ST,Yes,Southwest,False,True
09043000,"MONTE CRISTO CREEK NEAR HOOSIER PASS, CO.",39.38165489,-106.0630746,CO,117,14010002,14010002,14,5.66,ST,Yes,Southwest,False,True
09044000,"HOOSIER CREEK NEAR HOOSIER PASS, CO.",39.37304389,-106.0544633,CO,117,14010002,14010002,14,1.15,ST,Yes,Southwest,False,True
09044300,"BEMROSE-HOOSIER DIVERSION NEAR HOOSIER PASS, CO",39.38054378,-106.0708526,CO,117,14010002,14010002,14,,ST,Yes,Southwest,False,True
09044500,"BEMROSE CREEK NEAR HOOSIER PASS, CO.",39.3738772,-106.048352,CO,117,14010002,14010002,14,1.95,ST,Yes,Southwest,False,True
09044800,"MCCULLOUGH-SP-CRYS-DIVERSION NEAR HOOSIER PASS, CO",39.38082156,-106.0711304,CO,117,14010002,14010002,14,,ST,Yes,Southwest,False,True
09045000,"MCCULLOUGH GULCH NEAR BRECKENRIDGE,CO.",39.40359907,-106.0519632,CO,117,14010002,14010002,14,4.79,ST,Yes,Southwest,False,True
09045500,"SPRUCE CREEK NEAR BRECKENRIDGE, CO.",39.44082084,-106.041963,CO,117,14010002,14010002,14,5.23,ST,Yes,Southwest,False,True
09046400,"INDIANA CREEK ABOVE MOUTH AT BLUE RIVER, CO",39.44944444,-106.0236111,CO,117,14010002,14010002,14,8.39,ST,Yes,Southwest,False,True
09046490,"BLUE RIVER AT BLUE RIVER, CO.",39.45582067,-106.0316849,CO,117,14010002,14010002,14,42.3,ST,Yes,Southwest,False,True
09046530,"FRENCH GULCH AT BRECKENRIDGE, CO",39.4930424,-106.0447409,CO,117,14010002,14010002,14,10.9,ST,Yes,Southwest,False,True
09046600,"BLUE RIVER NEAR DILLON, CO",39.56665329,-106.0494632,CO,117,14010002,14010002,14,123,ST,Yes,Southwest,False,True
09046601,BLUE R NR DILLON PLUS HOOSIER PASS TUNNEL COLO,39.5485978,-106.039185,CO,117,14010002,14010002,14,119,ST,Yes,Southwest,False,True
09047000,"BLUE RIVER AT DILLON, CO.",39.6138754,-106.0519632,CO,117,14010002,14010002,14,128,ST,Yes,Southwest,False,True
09047500,"SNAKE RIVER NEAR MONTEZUMA, CO",39.6053611,-105.9431306,CO,117,14010002,14010002,14,57.7,ST,Yes,Southwest,False,True
09047700,"KEYSTONE GULCH NEAR DILLON, CO.",39.59443117,-105.9725158,CO,117,14010002,14010002,14,9.14,ST,Yes,Southwest,False,True
09048000,"SNAKE RIVER AT DILLON, CO.",39.61248655,-106.0422406,CO,117,14010002,14010002,14,90.9,ST,Yes,Southwest,False,True
09049155,"TENMILE CREEK AB WEST TENMILE C, NR FRISCO, CO.",39.50415325,-106.1405775,CO,117,14010002,14010002,14,,ST,Yes,Southwest,False,True
09049200,"WEST TENMILE CREEK AT COPPER MOUNTAIN, CO.",39.50109766,-106.1683562,CO,117,14010002,14010002,14,21.0,ST,Yes,Southwest,False,True
09050000,"TENMILE CREEK AT FRISCO, CO.",39.57526424,-106.1105765,CO,117,14010002,14010002,14,81.0,ST,Yes,Southwest,False,True
09050100,"TENMILE CREEK BL NORTH TENMILE C, AT FRISCO, CO.",39.57526424,-106.1105765,CO,117,14010002,14010002,14,92.2,ST,Yes,Southwest,False,True
09050500,"TENMILE CREEK AT DILLON, CO.",39.6124865,-106.0547411,CO,117,14010002,14010002,14,111,ST,Yes,Southwest,False,True
09050700,"BLUE RIVER BELOW DILLON, CO.",39.625542,-106.0664082,CO,117,14010002,14010002,14,334,ST,Yes,Southwest,False,True
09051000,"STRAIGHT CREEK NEAR DILLON, CO.",39.64859766,-106.0200175,CO,117,14010002,14010002,14,12.9,ST,Yes,Southwest,False,True
09051050,"STRAIGHT CR BLW LASKEY GULCH NR DILLON, CO",39.6397087,-106.040296,CO,117,14010002,14010002,14,18.4,ST,Yes,Southwest,False,True
09051500,"WILLOW CREEK NEAR DILLON, CO.",39.64998637,-106.0802976,CO,117,14010002,14010002,14,13.4,ST,Yes,Southwest,False,True
09052000,"ROCK CREEK NEAR DILLON, CO.",39.72304159,-106.1286328,CO,117,14010002,14010002,14,15.8,ST,Yes,Southwest,False,True
09052400,"BOULDER CREEK AT UPPER STATION, NEAR DILLON, CO.",39.7280414,-106.1733569,CO,117,14010002,14010002,14,8.56,ST,Yes,Southwest,False,True
09052500,"BOULDER CREEK NEAR DILLON, CO.",39.7372082,-106.1358554,CO,117,14010002,14010002,14,9.89,ST,Yes,Southwest,False,True
09052800,"SLATE CREEK AT UPPER STATION, NEAR DILLON, CO.",39.76304128,-106.1925244,CO,117,14010002,14010002,14,14.2,ST,Yes,Southwest,False,True
09053000,"SLATE CREEK NEAR DILLON, CO.",39.78165247,-106.1678011,CO,117,14010002,14010002,14,16.6,ST,Yes,Southwest,False,True
09053500,"BLUE RIVER ABOVE GREEN MOUNTAIN RESERVOIR, CO.",39.83193005,-106.2228033,CO,117,14010002,14010002,14,511,ST,Yes,Southwest,False,True
09054000,"BLACK CREEK BELOW BLACK LAKE, NEAR DILLON, CO.",39.7991522,-106.2683604,CO,117,14010002,14010002,14,15.0,ST,Yes,Southwest,False,True
09054500,"BLACK CREEK ABOVE GREEN MOUNTAIN RESERVOIR, CO.",39.85581885,-106.2525266,CO,117,14010002,14010002,14,18.5,ST,Yes,Southwest,False,True
09055000,"OTTER CREEK ABOVE GREEN MOUNTAIN RESERVOIR, CO.",39.85276334,-106.2678047,CO,117,14010002,14010002,14,8.40,ST,Yes,Southwest,False,True
09055300,"CATARACT CREEK NEAR KREMMLING, CO.",39.83526349,-106.316417,CO,117,14010002,14010002,14,12.0,ST,Yes,Southwest,False,True
09055500,"CATARACT CREEK AB GREEN MOUNTAIN RESERVOIR, CO.",39.8499856,-106.2914164,CO,117,14010002,14010002,14,13.6,ST,Yes,Southwest,False,True
09056000,"BLUE RIVER NEAR KREMMLING, CO.",39.87220786,-106.2908609,CO,117,14010002,14010002,14,571,ST,Yes,Southwest,False,True
09056500,"ELLIOTT CREEK FEEDER CANAL TO GREEN MTN RES, CO",39.873725,-106.3305972,CO,117,14010002,14010002,14,,ST,Yes,Southwest,False,True
09057500,"BLUE RIVER BELOW GREEN MOUNTAIN RESERVOIR, CO",39.88026354,-106.3339175,CO,117,14010002,14010002,14,597,ST,Yes,Southwest,False,True
09057520,"BLUE RIVER BEL SPRUCE CR NR KREMMLING, CO",39.96359697,-106.3603073,CO,049,14010002,14010002,14,645,ST,Yes,Southwest,False,True
09057700,"BLUE RIVER AT MOUTH NEAR KREMMLING, CO",40.0316083,-106.3857083,CO,049,14010002,14010002,14,682,ST,Yes,Southwest,False,True
09058000,"COLORADO RIVER NEAR KREMMLING, CO",40.03665248,-106.4400324,CO,049,14010001,14010001,14,2379,ST,Yes,Southwest,False,True
09058030,"COLORADO RIVER NEAR RADIUM, CO.",39.96693085,-106.5233675,CO,049,14010001,14010001,14,2412,ST,Yes,Southwest,False,True
09058500,"PINEY RIVER BELOW PINEY LAKE, NEAR MINTURN, CO.",39.70804158,-106.4266968,CO,037,14010001,14010001,14,13.0,ST,Yes,Southwest,False,True
09058600,"DICKSON CREEK NEAR MINTURN, CO",39.7041111,-106.45725,CO,037,14010001,14010001,14,3.41,ST,Yes,Southwest,False,True
09058610,"DICKSON CREEK NEAR VAIL, CO",39.7041111,-106.45725,CO,037,14010001,14010001,14,3.41,ST,Yes,Southwest,False,True
09058700,"FREEMAN CREEK NEAR MINTURN, CO.",39.69831939,-106.445586,CO,037,14010001,14010001,14,2.94,ST,Yes,Southwest,False,True
09058800,EAST MEADOW CREEK NEAR MINTURN CO.,39.73165269,-106.4266969,CO,037,14010001,14010001,14,3.61,ST,Yes,Southwest,False,True
09059500,"PINEY RIVER NEAR STATE BRIDGE, CO",39.7957222,-106.5743472,CO,037,14010001,14010001,14,84.7,ST,Yes,Southwest,False,True
09060500,"ROCK CREEK NEAR TOPONAS, CO.",40.04109757,-106.6558716,CO,107,14010001,14010001,14,47.6,ST,Yes,Southwest,False,True
09060550,"ROCK CREEK AT CRATER, CO.",39.9783206,-106.7100387,CO,107,14010001,14010001,14,72.6,ST,Yes,Southwest,False,True
09060700,"EGERIA CREEK NEAR TOPONAS, CO.",40.0497082,-106.8658779,CO,107,14010001,14010001,14,28.2,ST,Yes,Southwest,False,True
09060770,"ROCK CREEK AT MCCOY, CO.",39.91394444,-106.7273056,CO,037,14010001,14010001,14,198,ST,Yes,Southwest,False,True
09060799,"COLORADO RIVER AT CATAMOUNT BRIDGE, CO",39.8911,-106.8316944,CO,037,14010001,14010001,14,2930,ST,Yes,Southwest,False,True
09060800,"BIG ALKALI CREEK NEAR BURNS, CO.",39.85609808,-106.7958729,CO,037,14010001,14010001,14,14.2,ST,Yes,Southwest,False,True
09060900,"CATAMOUNT CREEK NEAR BURNS, CO.",39.8405424,-106.8094844,CO,037,14010001,14010001,14,5.31,ST,Yes,Southwest,False,True
09060950,"BIG ALKALI CREEK BELOW CASTLE CR NEAR BURNS, CO.",39.8644313,-106.8175405,CO,037,14010001,14010001,14,34.2,ST,Yes,Southwest,False,True
09061000,"SUNNYSIDE CREEK NEAR BURNS, CO.",39.961931,-106.9444908,CO,107,14010001,14010001,14,9.04,ST,Yes,Southwest,False,True
09061500,"COLUMBINE DITCH NEAR FREMONT PASS, CO.",39.3741548,-106.2278013,CO,037,11020001,11020001,11,,ST,Yes,Southwest,False,True
09061600,"EAST FORK EAGLE RIVER NEAR CLIMAX, CO",39.4102654,-106.2497468,CO,037,14010003,14010003,14,7.80,ST,Yes,Southwest,False,True
09062000,"EWING DITCH AT TENNESSEE PASS, CO.",39.36359915,-106.3064143,CO,037,14010003,14010003,14,,ST,Yes,Southwest,False,True
09062500,"WURTZ DITCH NEAR TENNEESSEE PASS, CO.",39.3552657,-106.3528042,CO,037,14010003,14010003,14,,ST,Yes,Southwest,False,True
09062600,"RESOLUTION CREEK AT CAMP HALE NEAR RED CLIFF, CO",39.4478361,-106.3192167,CO,037,14010003,14010003,14,11.8,ST,Yes,Southwest,False,True
09063000,"EAGLE RIVER AT RED CLIFF, CO.",39.50831949,-106.3666948,CO,037,14010003,14010003,14,70.2,ST,Yes,Southwest,False,True
09063200,"WEARYMAN CREEK NEAR RED CLIFF, CO.",39.5222084,-106.3236384,CO,037,14010003,14010003,14,9.53,ST,Yes,Southwest,False,True
09063400,"TURKEY CREEK NEAR RED CLIFF, CO",39.52260278,-106.33655,CO,037,14010003,14010003,14,23.7,ST,Yes,Southwest,False,True
09063440,"TURKEY CREEK BELOW TATES GULCH NR RED CLIFF, CO",39.5193333,-106.3514167,CO,037,14010003,14010003,14,25.6,ST,Yes,Southwest,False,True
09063500,"TURKEY CREEK AT RED CLIFF, CO.",39.513875,-106.3672503,CO,037,14010003,14010003,14,29.4,ST,Yes,Southwest,False,True
09063900,"MISSOURI CREEK NEAR GOLD PARK, CO.",39.39026486,-106.4700294,CO,037,14010003,14010003,14,6.38,ST,Yes,Southwest,False,True
09064000,"HOMESTAKE CREEK AT GOLD PARK, CO.",39.4055426,-106.433362,CO,037,14010003,14010003,14,35.6,ST,Yes,Southwest,False,True
09064500,"HOMESTAKE CREEK NEAR RED CLIFF, CO.",39.4733198,-106.3678056,CO,037,14010003,14010003,14,58.2,ST,Yes,Southwest,False,True
09064600,"EAGLE RIVER NEAR MINTURN, CO",39.55387495,-106.402529,CO,037,14010003,14010003,14,186,ST,Yes,Southwest,False,True
09065100,"CROSS CREEK NEAR MINTURN, CO",39.56829167,-106.4124306,CO,037,14010003,14010003,14,34.0,ST,Yes,Southwest,False,True
09065500,"GORE CREEK AT UPPER STATION, NEAR MINTURN, CO.",39.6258193,-106.2780823,CO,037,14010003,14010003,14,14.5,ST,Yes,Southwest,False,True
09066000,"BLACK GORE CREEK NEAR MINTURN, CO.",39.59637495,-106.2650264,CO,037,14010003,14010003,14,12.5,ST,Yes,Southwest,False,True
09066050,"BLACK GORE CREEK NEAR VAIL, CO.",39.6233193,-106.2803046,CO,037,14010003,14010003,14,19.6,ST,Yes,Southwest,False,True
09066100,"BIGHORN CREEK NEAR MINTURN, CO",39.6399859,-106.2933605,CO,037,14010003,14010003,14,4.54,ST,Yes,Southwest,False,True
09066150,"PITKIN CREEK NEAR MINTURN, CO.",39.64359705,-106.3025273,CO,037,14010003,14010003,14,5.32,ST,Yes,Southwest,False,True
09066200,"BOOTH CREEK NEAR MINTURN, CO.",39.64831927,-106.3230833,CO,037,14010003,14010003,14,6.18,ST,Yes,Southwest,False,True
09066250,"GORE CREEK AT VAIL, CO.",39.6430415,-106.3461394,CO,037,14010003,14010003,14,57.3,ST,Yes,Southwest,False,True
09066300,"MIDDLE CREEK NEAR MINTURN, CO.",39.6458193,-106.3822512,CO,037,14010003,14010003,14,5.96,ST,Yes,Southwest,False,True
09066310,"GORE CREEK, LOWER STATION, AT VAIL, COLORADO",39.6410971,-106.3941959,CO,037,14010003,14010003,14,77.1,ST,Yes,Southwest,False,True
09066325,"GORE CREEK ABV RED SANDSTONE CREEK AT VAIL, CO",39.6410971,-106.3947515,CO,037,14010003,14010003,14,77.1,ST,Yes,Southwest,False,True
09066400,"RED SANDSTONE CREEK NEAR MINTURN, CO.",39.68276376,-106.4014184,CO,037,14010003,14010003,14,7.34,ST,Yes,Southwest,False,True
09066500,"GORE CREEK NEAR MINTURN, CO.",39.61470826,-106.44003,CO,037,14010003,14010003,14,101,ST,Yes,Southwest,False,True
09066510,"GORE CREEK AT MOUTH NEAR MINTURN, CO",39.60943048,-106.447808,CO,037,14010003,14010003,14,102,ST,Yes,Southwest,False,True
09067000,"BEAVER CREEK AT AVON, CO",39.62970826,-106.5228096,CO,037,14010003,14010003,14,14.7,ST,Yes,Southwest,False,True
09067005,"EAGLE RIVER AT AVON, CO.",39.6316527,-106.5225318,CO,037,14010003,14010003,14,395,ST,Yes,Southwest,False,True
09067020,"EAGLE R BLW WASTEWATER TREATMENT PLANT AT AVON, CO",39.6348611,-106.5319444,CO,037,14010003,14010003,14,401,ST,Yes,Southwest,False,True
09067200,"LAKE CREEK NEAR EDWARDS, CO",39.647486,-106.6092003,CO,037,14010003,14010003,14,49.0,ST,Yes,Southwest,False,True
09067300,"ALKALI CREEK NEAR WOLCOTT, CO.",39.7560978,-106.6705906,CO,037,14010003,14010003,14,27.3,ST,Yes,Southwest,False,True
09067500,"EAGLE RIVER AT EAGLE, CO.",39.65665239,-106.8253171,CO,037,14010003,14010003,14,629,ST,Yes,Southwest,False,True
09067700,"EAST BRUSH CREEK AT YEOMAN PARK, NEAR EAGLE, CO.",39.50415167,-106.6780905,CO,037,14010003,14010003,14,9.74,ST,Yes,Southwest,False,True
09068000,"BRUSH CREEK NEAR EAGLE, CO.",39.5572073,-106.7630926,CO,037,14010003,14010003,14,71.4,ST,Yes,Southwest,False,True
09069000,"EAGLE RIVER AT GYPSUM, CO",39.6499851,-106.9522665,CO,037,14010003,14010003,14,842,ST,Yes,Southwest,False,True
09069500,"GYPSUM CREEK NEAR GYPSUM, CO.",39.5455398,-106.9347658,CO,037,14010003,14010003,14,62.7,ST,Yes,Southwest,False,True
09069900,"GYPSUM CREEK AT GYPSUM, CO.",39.64887399,-106.9522665,CO,037,14010003,14010003,14,103,ST,Yes,Southwest,False,True
09070000,"EAGLE RIVER BELOW GYPSUM, CO.",39.64942954,-106.9536554,CO,037,14010003,14010003,14,945,ST,Yes,Southwest,False,True
09070400,"EAGLE RIVER AT MOUTH, NEAR DOTSERO, CO.",39.64331767,-107.056159,CO,037,14010003,14010003,14,,ST,Yes,Southwest,False,True
09070500,"COLORADO RIVER NEAR DOTSERO, CO",39.6446111,-107.0780139,CO,037,14010001,14010001,14,4390,ST,Yes,Southwest,False,True
09071100,"COLORADO RIVER NEAR GLENWOOD SPRINGS, CO.",39.56998269,-107.22672,CO,045,14010001,14010001,14,,ST,Yes,Southwest,False,True
09071295,"GRIZZLY CREEK NR GRIZZLY LAKE NR GLENWOOD SPGS, CO",39.71762778,-107.3177194,CO,045,14010001,14010001,14,6.07,ST,Yes,Southwest,False,True
09071300,"GRIZZLY CREEK NEAR GLENWOOD SPRINGS, CO.",39.71664889,-107.3103326,CO,045,14010001,14010001,14,5.73,ST,Yes,Southwest,False,True
09072500,"COLORADO RIVER AT GLENWOOD SPRINGS, CO.",39.549982,-107.3208873,CO,045,14010001,14010001,14,4558,ST,Yes,Southwest,False,True
09072550,"ROARING FORK RIVER ABV LOST MAN CR NEAR ASPEN, CO",39.1193611,-106.6239167,CO,097,14010004,14010004,14,9.03,ST,Yes,Southwest,False,True
09073005,"LINCOLN CREEK BELOW GRIZZLY RESERVOIR NR ASPEN, CO",39.0802361,-106.6165833,CO,097,14010004,14010004,14,15.1,ST,Yes,Southwest,False,True
09073300,"ROARING FORK RIVER AB DIFFICULT C NR ASPEN, CO.",39.14109959,-106.7742039,CO,097,14010004,14010004,14,75.8,ST,Yes,Southwest,False,True
09073400,"ROARING FORK RIVER NEAR ASPEN, CO.",39.17998755,-106.8019826,CO,097,14010004,14010004,14,106,ST,Yes,Southwest,False,True
09073500,"ROARING FORK RIVER AT ASPEN, CO.",39.18943174,-106.814483,CO,097,14010004,14010004,14,109,ST,Yes,Southwest,False,True
09073700,"HUNTER CREEK ABOVE MIDWAY CREEK, NEAR ASPEN, CO.",39.21387669,-106.6558669,CO,097,14010004,14010004,14,6.18,ST,Yes,Southwest,False,True
09073721,"HUNTER CREEK CONDUIT BYPASS NEAR ASPEN, CO",39.20756944,-106.6803917,CO,097,14010004,14010004,14,,ST,Yes,Southwest,False,True
09073791,"MIDWAY CREEK CONDUIT BYPASS NEAR ASPEN, CO",39.19102778,-106.6859,CO,097,14010004,14010004,14,,ST,Yes,Southwest,False,True
09073800,"MIDWAY CREEK NEAR ASPEN, CO.",39.19637678,-106.6900346,CO,097,14010004,14010004,14,8.62,ST,Yes,Southwest,False,True
09073891,"NO NAME CREEK CONDUIT BYPASS NEAR ASPEN, CO",39.18360738,-106.7198577,CO,097,14010004,14010004,14,,ST,Yes,Southwest,False,True
09073900,"NO NAME CREEK NEAR ASPEN, CO.",39.1888767,-106.7183688,CO,097,14010004,14010004,14,6.54,ST,Yes,Southwest,False,True
09074000,"HUNTER CREEK NEAR ASPEN, CO",39.20582037,-106.797538,CO,097,14010004,14010004,14,41.7,ST,Yes,Southwest,False,True
09074500,"HUNTER CREEK AT ASPEN, CO",39.19688889,-106.8189167,CO,097,14010004,14010004,14,43.1,ST,Yes,Southwest,False,True
09074800,"CASTLE CREEK ABOVE ASPEN, CO.",39.08748945,-106.8122608,CO,097,14010004,14010004,14,32.2,ST,Yes,Southwest,False,True
09075000,"CASTLE CREEK NEAR ASPEN, CO.",39.1397104,-106.8469843,CO,097,14010004,14010004,14,67.0,ST,Yes,Southwest,False,True
09075400,"CASTLE CREEK AT ASPEN, CO",39.1938333,-106.8336667,CO,097,14010004,14010004,14,72.0,ST,Yes,Southwest,False,True
09075500,"ROARING FORK RIVER BELOW ASPEN, CO.",39.21082006,-106.8397617,CO,097,14010004,14010004,14,228,ST,Yes,Southwest,False,True
09075700,"MAROON CREEK ABOVE ASPEN, CO.",39.1235994,-106.9053197,CO,097,14010004,14010004,14,35.4,ST,Yes,Southwest,False,True
09076000,"MAROON CREEK NEAR ASPEN, CO.",39.1634083,-106.8807472,CO,097,14010004,14010004,14,41.7,ST,Yes,Southwest,False,True
09076300,"ROARING FORK RIVER BLW MAROON CREEK NR ASPEN, CO",39.2232,-106.8573083,CO,097,14010004,14010004,14,289,ST,Yes,Southwest,False,True
09076520,"OWL CREEK NEAR ASPEN, CO.",39.22359737,-106.8797631,CO,097,14010004,14010004,14,6.60,ST,Yes,Southwest,False,True
09077150,"FRYINGPAN RIVER FEEDER CANAL NEAR NORRIE, CO.",39.24498819,-106.5303078,CO,097,14010004,14010004,14,,ST,Yes,Southwest,False,True
09077200,"FRYINGPAN RIVER NEAR IVANHOE LAKE, CO.",39.2455437,-106.5314189,CO,097,14010004,14010004,14,18.7,ST,Yes,Southwest,False,True
09077250,"LILY PAD CREEK FEEDER CANAL NEAR NORRIE, CO.",39.25887684,-106.5380859,CO,097,14010004,14010004,14,,ST,Yes,Southwest,False,True
09077300,"GRANITE CREEK FEEDER CONDUIT NEAR NORRIE,CO.",39.2691544,-106.5528086,CO,097,14010004,14010004,14,,ST,Yes,Southwest,False,True
09077400,"FRYINGPAN RIVER NEAR NORRIE, CO.",39.2960982,-106.6036435,CO,097,14010004,14010004,14,32.2,ST,Yes,Southwest,False,True
09077600,"IVANHOE CREEK NEAR NORRIE, CO.",39.2891542,-106.5530865,CO,097,14010004,14010004,14,9.12,ST,Yes,Southwest,False,True
09077605,"IVANHOE CREEK FEEDER CANAL NEAR NAST, CO.",39.28720975,-106.5591977,CO,097,14010004,14010004,14,,ST,Yes,Southwest,False,True
09077610,"IVANHOE CREEK NEAR NAST, CO.",39.28693198,-106.5591977,CO,097,14010004,14010004,14,9.43,ST,Yes,Southwest,False,True
09077750,"SF FRYINGPAN RIVER FEEDER CANAL NEAR NORRIE, CO.",39.2388767,-106.5900317,CO,097,14010004,14010004,14,,ST,Yes,Southwest,False,True
09077800,"SF FRYINGPAN R AT UPPER STATION, NR NORRIE, CO.",39.2416544,-106.5930874,CO,097,14010004,14010004,14,11.5,ST,Yes,Southwest,False,True
09077900,"SOUTH FORK FRYINGPAN RIVER NEAR NORRIE, CO.",39.3019314,-106.6191995,CO,097,14010004,14010004,14,17.3,ST,Yes,Southwest,False,True
09077940,"CHAPMAN GULCH FEEDER CANAL NEAR NORRIE, CO.",39.24637627,-106.6297551,CO,097,14010004,14010004,14,,ST,Yes,Southwest,False,True
09077945,"CHAPMAN GULCH NEAR NAST, CO.",39.26415384,-106.6322553,CO,097,14010004,14010004,14,6.00,ST,Yes,Southwest,False,True
09077950,"CHAPMAN GULCH NEAR NORRIE, CO.",39.26720935,-106.6350331,CO,097,14010004,14010004,14,6.38,ST,Yes,Southwest,False,True
09077960,"SAWYER CREEK FEEDER CANAL NEAR NORRIE, CO.",39.26220945,-106.6280885,CO,097,14010004,14010004,14,,ST,Yes,Southwest,False,True
09078000,"FRYINGPAN RIVER AT NORRIE, CO.",39.33081977,-106.6580895,CO,097,14010004,14010004,14,90.6,ST,Yes,Southwest,False,True
09078040,"NF FRYINGPAN RIVER FEEDER CANAL NEAR NORRIE, CO.",39.36165366,-106.5378087,CO,037,14010004,14010004,14,,ST,Yes,Southwest,False,True
09078050,"MORMON CREEK FEEDER CANAL NEAR NORRIE, CO.",39.3555426,-106.5339196,CO,097,14010004,14010004,14,,ST,Yes,Southwest,False,True
09078060,"CARTER CREEK FEEDER CANAL NEAR NORRIE, CO.",39.36665357,-106.5444755,CO,037,14010004,14010004,14,,ST,Yes,Southwest,False,True
09078100,"NF FRYINGPAN R AB CUNNINGHAM C, NR NORRIE, CO.",39.3588757,-106.568365,CO,097,14010004,14010004,14,12.0,ST,Yes,Southwest,False,True
09078141,"NORTH CUNNINGHAM CREEK CONDUIT BYPASS NR NORRIE,CO",39.33596219,-106.5442115,CO,097,14010004,14010004,14,,ST,Yes,Southwest,False,True
09078150,"MIDDLE CUNNINGHAM CREEK FEEDER CA NR NORRIE, CO.",39.3285983,-106.5522533,CO,097,14010004,14010004,14,,ST,Yes,Southwest,False,True
09078200,"CUNNINGHAM CREEK NEAR NORRIE, CO.",39.33415366,-106.5753095,CO,097,14010004,14010004,14,7.12,ST,Yes,Southwest,False,True
09078300,"NF FRYINGPAN R BL CUNNINGHAM C, NR NORRIE, CO.",39.34359776,-106.6119772,CO,097,14010004,14010004,14,24.2,ST,Yes,Southwest,False,True
09078475,"LAST CHANCE CREEK NEAR NORRIE, CO",39.34388889,-106.6565278,CO,097,14010004,14010004,14,12.0,ST,Yes,Southwest,False,True
09078500,"NORTH FORK FRYINGPAN RIVER NEAR NORRIE, CO.",39.34276407,-106.6658675,CO,097,14010004,14010004,14,42.0,ST,Yes,Southwest,False,True
09078600,"FRYINGPAN RIVER NEAR THOMASVILLE, CO.",39.34470844,-106.6736455,CO,097,14010004,14010004,14,134,ST,Yes,Southwest,False,True
09078900,"LIME CREEK NEAR TROUTVILLE, CO.",39.43276376,-106.5961439,CO,037,14010004,14010004,14,4.56,ST,Yes,Southwest,False,True
09079000,"LIME CREEK AT TROUTVILLE, CO.",39.4224858,-106.6392004,CO,037,14010004,14010004,14,7.76,ST,Yes,Southwest,False,True
09079450,"LIME CREEK NEAR THOMASVILLE, CO",39.3604111,-106.6852444,CO,097,14010004,14010004,14,34.5,ST,Yes,Southwest,False,True
09079500,"LIME CREEK AT THOMASVILLE, CO.",39.35443046,-106.6933683,CO,097,14010004,14010004,14,35.0,ST,Yes,Southwest,False,True
09080000,"FRYINGPAN RIVER AT THOMASVILLE, CO.",39.3630414,-106.7050353,CO,097,14010004,14010004,14,173,ST,Yes,Southwest,False,True
09080100,"FRYINGPAN RIVER AT MEREDITH, CO.",39.36248569,-106.732536,CO,097,14010004,14010004,14,191,ST,Yes,Southwest,False,True
09080200,"FRYINGPAN RIVER AT RUEDI, CO.",39.36137414,-106.8192056,CO,097,14010004,14010004,14,226,ST,Yes,Southwest,False,True
09080300,"ROCKY FORK CREEK NEAR MEREDITH, CO.",39.3616519,-106.8205946,CO,097,14010004,14010004,14,12.3,ST,Yes,Southwest,False,True
09080400,"FRYINGPAN RIVER NEAR RUEDI, CO.",39.36554075,-106.8255948,CO,097,14010004,14010004,14,237,ST,Yes,Southwest,False,True
09080800,"WEST SOPRIS CREEK NEAR BASALT, CO.",39.336373,-107.0956035,CO,097,14010004,14010004,14,14.4,ST,Yes,Southwest,False,True
09081000,"ROARING FORK RIVER NEAR EMMA, CO",39.37331729,-107.0839367,CO,037,14010004,14010004,14,859,ST,Yes,Southwest,False,True
09081500,"CRYSTAL RIVER AT MARBLE, CO.",39.0685996,-107.1906045,CO,051,14010004,14010004,14,74.3,ST,Yes,Southwest,False,True
09081550,"CRYSTAL RIVER AT PLACITA, CO.",39.1427642,-107.2578283,CO,097,14010004,14010004,14,107,ST,Yes,Southwest,False,True
09081600,"CRYSTAL RIVER ABV AVALANCHE CRK, NEAR REDSTONE, CO",39.23263889,-107.2275,CO,097,14010004,14010004,14,167,ST,Yes,Southwest,False,True
09082500,"CRYSTAL RIVER NEAR REDSTONE, CO.",39.2985949,-107.2142173,CO,097,14010004,14010004,14,229,ST,Yes,Southwest,False,True
09082800,"NORTH THOMPSON CREEK NEAR CARBONDALE, CO.",39.32970488,-107.3333859,CO,097,14010004,14010004,14,27.8,ST,Yes,Southwest,False,True
09083000,"THOMPSON CREEK NEAR CARBONDALE, CO.",39.3305391,-107.2244957,CO,097,14010004,14010004,14,75.4,ST,Yes,Southwest,False,True
09083700,"PRINCE CREEK NEAR CARBONDALE, CO.",39.32387288,-107.1394934,CO,097,14010004,14010004,14,3.04,ST,Yes,Southwest,False,True
09083800,"CRYSTAL RIVER BELOW CARBONDALE, CO",39.40803866,-107.23033,CO,045,14010004,14010004,14,349,ST,Yes,Southwest,False,True
09084000,"CATTLE CREEK NEAR CARBONDALE, CO.",39.4666502,-107.0522697,CO,037,14010004,14010004,14,31.1,ST,Yes,Southwest,False,True
09084500,"FOURMILE CREEK NEAR CARBONDALE, CO.",39.3955374,-107.3889421,CO,045,14010004,14010004,14,8.10,ST,Yes,Southwest,False,True
09084600,"FOURMILE CREEK NEAR GLENWOOD SPRINGS, CO.",39.40053797,-107.3244974,CO,045,14010004,14010004,14,16.7,ST,Yes,Southwest,False,True
09085000,"ROARING FORK RIVER AT GLENWOOD SPRINGS, CO.",39.54666667,-107.33083333,CO,045,140100041003,140100041003,14,1453.0,ST,Yes,Southwest,False,True
09085100,"COLORADO RIVER BELOW GLENWOOD SPRINGS, CO",39.5549819,-107.337554,CO,045,14010005,14010005,14,6014,ST,Yes,Southwest,False,True
09085200,"CANYON CREEK ABOVE NEW CASTLE, CO.",39.60525897,-107.4483877,CO,045,14010005,14010005,14,23.8,ST,Yes,Southwest,False,True
09085300,"EAST CANYON CREEK NEAR NEW CASTLE, CO.",39.60914796,-107.4347767,CO,045,14010005,14010005,14,15.1,ST,Yes,Southwest,False,True
09085400,"POSSUM CREEK NEAR NEW CASTLE, CO.",39.5977591,-107.4239432,CO,045,14010005,14010005,14,6.41,ST,Yes,Southwest,False,True
09085500,"CANYON CREEK NEAR NEW CASTLE, CO.",39.5745361,-107.447925,CO,045,14010005,14010005,14,55.0,ST,Yes,Southwest,False,True
09086000,"WEST ELK CREEK NEAR NEW CASTLE, CO",39.66636949,-107.6270045,CO,045,14010005,14010005,14,9.48,ST,Yes,Southwest,False,True
09086470,"MAIN ELK CREEK NEAR NEW CASTLE, CO.",39.6780363,-107.5731137,CO,045,14010005,14010005,14,91.4,ST,Yes,Southwest,False,True
09086970,"EAST ELK CREEK AB BOILER CREEK NR NEW CASTLE, CO",39.6680364,-107.5250561,CO,045,14010005,14010005,14,23.4,ST,Yes,Southwest,False,True
09087500,"ELK CREEK AT NEW CASTLE, CO.",39.5737972,-107.5399333,CO,045,14010005,14010005,14,180,ST,Yes,Southwest,False,True
09087600,"COLORADO RIVER AT NEW CASTLE, CO.",39.56775849,-107.5445001,CO,045,14010005,14010005,14,6308,ST,Yes,Southwest,False,True
09088000,"BALDY CREEK NEAR NEW CASTLE, CO.",39.4860918,-107.5014422,CO,045,14010005,14010005,14,15.3,ST,Yes,Southwest,False,True
09089000,"WEST DIVIDE CREEK BL WILLOW CREEK, NR RAVEN, CO.",39.2755366,-107.5200546,CO,077,14010005,14010005,14,34.9,ST,Yes,Southwest,False,True
09089500,"WEST DIVIDE CREEK NEAR RAVEN, CO",39.33109185,-107.5800562,CO,077,14010005,14010005,14,64.6,ST,Yes,Southwest,False,True
09090700,"EAST DIVIDE CREEK NEAR SILT, CO.",39.43636957,-107.5695002,CO,045,14010005,14010005,14,40.8,ST,Yes,Southwest,False,True
09090785,"DIVIDE CREEK NEAR SILT, CO",39.54050278,-107.6230722,CO,045,14010005,14010005,14,201,ST,Yes,Southwest,False,True
09090800,"COLORADO RIVER AT SILT, CO.",39.54220279,-107.6461702,CO,045,14010005,14010005,14,,ST,Yes,Southwest,False,True
09091500,"EAST RIFLE CREEK NEAR RIFLE, CO.",39.67775819,-107.6983962,CO,045,14010005,14010005,14,34.3,ST,Yes,Southwest,False,True
09092000,"RIFLE CREEK NEAR RIFLE, CO.",39.61998016,-107.7633979,CO,045,14010005,14010005,14,137,ST,Yes,Southwest,False,True
09092500,"BEAVER CREEK NEAR RIFLE, CO.",39.47192409,-107.8325657,CO,045,14010005,14010005,14,7.90,ST,Yes,Southwest,False,True
09092570,"COLORADO RIVER AT RULISON, CO.",39.49414529,-107.9389593,CO,045,14010005,14010005,14,7010,ST,Yes,Southwest,False,True
09092600,"BATTLEMENT CREEK NEAR PARACHUTE, CO.",39.43553387,-107.9772939,CO,045,14010005,14010005,14,10.5,ST,Yes,Southwest,False,True
09092800,"WEST FORK PARACHUTE CREEK NEAR PARACHUTE, CO",39.58652778,-108.1264444,CO,045,14010006,14010006,14,47.3,ST,Yes,Southwest,False,True
09092830,"NORTHWATER CREEK NEAR ANVIL POINTS, CO.",39.6202545,-108.0128524,CO,045,14010005,14010005,14,12.6,ST,Yes,Southwest,False,True
09092850,"EAST MIDDLE FORK PARACHUTE CR NR RIO BLANCO, CO.",39.62081,-108.0300754,CO,045,14010005,14010005,14,22.1,ST,Yes,Southwest,False,True
09092960,"EAST FORK PARACHUTE CREEK NR ANVIL POINTS, CO.",39.55497766,-107.9828507,CO,045,14010005,14010005,14,14.5,ST,Yes,Southwest,False,True
09092970,"EAST FORK PARACHUTE CREEK NEAR RULISON, CO.",39.56747727,-108.0211857,CO,045,14010005,14010005,14,20.4,ST,Yes,Southwest,False,True
09092980,"BEN GOOD CREEK NEAR RULLISON, CO.",39.59025475,-108.0411867,CO,045,14010005,14010005,14,4.04,ST,Yes,Southwest,False,True
09093000,PARACHUTE CREEK NEAR PARACHUTE CO.,39.5669215,-108.1109117,CO,045,14010005,14010005,14,141,ST,Yes,Southwest,False,True
09093500,"PARACHUTE CREEK AT PARACHUTE, CO.",39.45344444,-108.0606944,CO,045,14010005,14010005,14,198,ST,Yes,Southwest,False,True
09093700,"COLORADO RIVER NEAR DE BEQUE, CO.",39.36247855,-108.152579,CO,077,14010005,14010005,14,7370,ST,Yes,Southwest,False,True
09094200,"ROAN CREEK ABOVE CLEAR CREEK, NEAR DE BEQUE, CO.",39.4910884,-108.3550875,CO,045,14010005,14010005,14,151,ST,Yes,Southwest,False,True
09094400,"CLEAR CREEK NEAR DE BEQUE, CO.",39.48331087,-108.3267531,CO,045,14010005,14010005,14,110,ST,Yes,Southwest,False,True
09095000,"ROAN CREEK NEAR DE BEQUE, CO.",39.45331117,-108.3170305,CO,045,14010005,14010005,14,321,ST,Yes,Southwest,False,True
09095300,"DRY FORK AT UPPER STATION NEAR DE BEQUE, CO.",39.3747361,-108.3172694,CO,045,14010005,14010005,14,97.4,ST,Yes,Southwest,False,True
09095400,"DRY FORK NEAR DE BEQUE, CO.",39.36886757,-108.2620282,CO,045,14010005,14010005,14,109,ST,Yes,Southwest,False,True
09095500,"COLORADO RIVER NEAR CAMEO, CO.",39.2391463,-108.2661946,CO,077,14010005,14010005,14,7986,ST,Yes,Southwest,False,True
09095526,"GOVERNMENT HIGHLINE CA AT 16 ROAD, NR LOMA, CO.",39.25692397,-108.756767,CO,077,14010005,14010005,14,,ST,Yes,Southwest,False,True
09095528,"LATERAL NO. 48 NEAR MACK, CO.",39.2713684,-108.8337144,CO,077,14010005,14010005,14,,ST,Yes,Southwest,False,True
090955285,"GOVT HIGHLINE CA AB CAMP 7 SPILL, NR MACK, CO.",39.27247949,-108.832881,CO,077,14010005,14010005,14,,ST,Yes,Southwest,False,True
09095529,"CAMP NO. 7 SPILLWAY NEAR MACK, CO.",39.27275726,-108.832881,CO,077,14010005,14010005,14,,ST,Yes,Southwest,False,True
09095530,"GOVERNMENT HIGHLINE CANAL NEAR MACK, CO.",39.2858126,-108.830103,CO,077,14010005,14010005,14,,ST,Yes,Southwest,False,True
09095800,"PLATEAU CREEK NEAR HEIBERGER, CO.",39.21747995,-107.7745058,CO,077,14010005,14010005,14,18.6,ST,Yes,Southwest,False,True
09096000,"PLATEAU CREEK AT UPPER STA, NEAR COLLBRAN, CO.",39.22359086,-107.802007,CO,077,14010005,14010005,14,24.1,ST,Yes,Southwest,False,True
09096500,"PLATEAU CREEK NEAR COLLBRAN, CO.",39.2505349,-107.84062,CO,077,14010005,14010005,14,80.4,ST,Yes,Southwest,False,True
09096800,"BUZZARD CREEK BL OWENS CREEK, NR HEIBERGER, CO.",39.23609184,-107.6339464,CO,077,14010005,14010005,14,49.7,ST,Yes,Southwest,False,True
09097500,"BUZZARD CREEK NEAR COLLBRAN, CO",39.2722015,-107.8506206,CO,077,14010005,14010005,14,143,ST,Yes,Southwest,False,True
09097600,"BRUSH CREEK NEAR COLLBRAN, CO",39.3249794,-107.8422873,CO,077,14010005,14010005,14,9.57,ST,Yes,Southwest,False,True
09097900,"PLATEAU CREEK BELOW COLLBRAN, CO",39.23970087,-107.971459,CO,077,14010005,14010005,14,327,ST,Yes,Southwest,False,True
09098500,"ATKINSON CREEK NEAR COLLBRAN, CO.",39.10275785,-107.8972879,CO,077,14010005,14010005,14,0.85,ST,Yes,Southwest,False,True
09099000,"EAST FORK BIG CREEK NEAR COLLBRAN, CO.",39.10942448,-107.8956212,CO,077,14010005,14010005,14,4.92,ST,Yes,Southwest,False,True
09099500,"BIG CREEK AT UPPER STATION, NEAR COLLBRAN, CO.",39.1319242,-107.9186779,CO,077,14010005,14010005,14,20.2,ST,Yes,Southwest,False,True
09100000,"BIG CREEK NEAR COLLBRAN, CO.",39.19497906,-107.9611802,CO,077,14010005,14010005,14,27.1,ST,Yes,Southwest,False,True
09100500,"COTTONWOOD CREEK AT UPPER STA, NEAR MOLINA, CO.",39.12775718,-107.9964587,CO,077,14010005,14010005,14,14.0,ST,Yes,Southwest,False,True
09101000,"COTTONWOOD CREEK NEAR MOLINA, CO.",39.16414585,-108.0184046,CO,077,14010005,14010005,14,17.8,ST,Yes,Southwest,False,True
09101500,"BULL CREEK AT UPPER STATION, NEAR MOLINA, CO.",39.1169241,-108.035627,CO,077,14010005,14010005,14,9.85,ST,Yes,Southwest,False,True
09104000,"COON CREEK NEAR MESA, CO.",39.106647,-108.1334097,CO,077,14010005,14010005,14,9.35,ST,Yes,Southwest,False,True
09104500,"MESA CREEK NEAR MESA, CO.",39.08636939,-108.1267425,CO,077,14010005,14010005,14,6.79,ST,Yes,Southwest,False,True
09105000,"PLATEAU CREEK NEAR CAMEO, CO",39.1836111,-108.2683333,CO,077,14010005,14010005,14,592,ST,Yes,Southwest,False,True
09106000,"COLORADO RIVER NEAR PALISADE, CO.",39.1277586,-108.3259184,CO,077,14010005,14010005,14,8738,ST,Yes,Southwest,False,True
09106104,"KIEFER EXTENSION GRAND VALLEY CA NR FRUITA, CO.",39.22525779,-108.775101,CO,077,14010005,14010005,14,,ST,Yes,Southwest,False,True
09106108,"KIEFER EXTENSION GRAND VALLEY CANAL NR LOMA, CO.",39.2277579,-108.8189917,CO,077,14010005,14010005,14,,ST,Yes,Southwest,False,True
09106150,"COLO RIVER BELOW GRAND VALLEY DIV NR PALISADE, CO",39.09859226,-108.355086,CO,077,14010005,14010005,14,8813,ST,Yes,Southwest,False,True
09106200,"LEWIS WASH NEAR GRAND JUNCTION, CO.",39.06053714,-108.4778683,CO,077,14010005,14010005,14,4.72,ST,Yes,Southwest,False,True
09106485,"COLORADO R. ABV GUNNISON R. AT GRAND JUNCTION, CO",39.0545833,-108.5411111,CO,077,14010005,14010005,14,,ST,Yes,Southwest,False,True
09106800,"TAYLOR RIVER ABOVE TRAIL CREEK NR TAYLOR PARK, CO",38.92469444,-106.6009444,CO,051,14020001,14020001,14,69.3,ST,Yes,Southwest,False,True
09107000,"TAYLOR RIVER AT TAYLOR PARK, CO.",38.86027127,-106.5666966,CO,051,14020001,14020001,14,128,ST,Yes,Southwest,False,True
09107500,"TEXAS CREEK AT TAYLOR PARK, CO",38.84694444,-106.5546389,CO,051,14020001,14020001,14,40.4,ST,Yes,Southwest,False,True
09108000,"WILLOW CREEK AT TAYLOR PARK, CO.",38.81610515,-106.5294731,CO,051,14020001,14020001,14,,ST,Yes,Southwest,False,True
09108250,"WILLOW CREEK ABOVE TAYLOR PARK RESERVOIR, CO.",38.8179361,-106.56075,CO,051,14020001,14020001,14,63,ST,Yes,Southwest,False,True
09109000,"TAYLOR RIVER BELOW TAYLOR PARK RESERVOIR, CO.",38.8183269,-106.6091977,CO,051,14020001,14020001,14,254,ST,Yes,Southwest,False,True
09110000,"TAYLOR RIVER AT ALMONT, CO.",38.66443715,-106.8453172,CO,051,14020001,14020001,14,476,ST,Yes,Southwest,False,True
09110500,"EAST RIVER NEAR CRESTED BUTTE, CO.",38.8644369,-106.9097644,CO,051,14020001,14020001,14,90.3,ST,Yes,Southwest,False,True
09110970,"COAL CREEK ABOVE ELK CREEK NEAR CRESTED BUTTE, CO",38.85566667,-107.0729167,CO,051,14020001,14020001,14,4.56,ST,Yes,Southwest,False,True
09110990,"ELK CREEK AT COAL CREEK ABV CRESTED BUTTE, CO",38.85665,-107.0597722,CO,051,14020001,14020001,14,8.65,ST,Yes,Southwest,False,True
09111000,"COAL CREEK NEAR CRESTED BUTTE, CO.",38.85638158,-107.0558807,CO,051,14020001,14020001,14,8.65,ST,Yes,Southwest,False,True
09111250,"COAL CREEK ABV MCCORMICK DTCH AT CRESTED BUTTE, CO",38.87155556,-106.9852972,CO,051,14020001,14020001,14,20.4,ST,Yes,Southwest,False,True
09111500,"SLATE RIVER NEAR CRESTED BUTTE, CO",38.8697146,-106.969489,CO,051,14020001,14020001,14,68.9,ST,Yes,Southwest,False,True
09112000,"CEMENT CREEK NEAR CRESTED BUTTE, CO",38.82443729,-106.8528174,CO,051,14020001,14020001,14,32.9,ST,Yes,Southwest,False,True
09112200,"EAST RIVER BELOW CEMENT CREEK NR CRESTED BUTTE, CO",38.7841599,-106.8708736,CO,051,14020001,14020001,14,239,ST,Yes,Southwest,False,True
09112500,"EAST RIVER AT ALMONT, CO",38.66443715,-106.848095,CO,051,14020001,14020001,14,289,ST,Yes,Southwest,False,True
09113000,"CASTLE CREEK NEAR BALDWIN, CO.",38.76638315,-107.101438,CO,051,14020002,14020002,14,20.3,ST,Yes,Southwest,False,True
09113100,"CASTLE CREEK ABOVE MOUTH NEAR BALDWIN, CO",38.76916079,-107.084493,CO,051,14020002,14020002,14,22.4,ST,Yes,Southwest,False,True
09113300,"OHIO CREEK AT BALDWIN, CO.",38.7655496,-107.0583812,CO,051,14020002,14020002,14,47.2,ST,Yes,Southwest,False,True
09113500,"OHIO CREEK NEAR BALDWIN, CO.",38.70304167,-106.9999472,CO,051,14020002,14020002,14,121,ST,Yes,Southwest,False,True
09113980,"OHIO CREEK ABOVE MOUTH NR GUNNISON, CO",38.5877696,-106.931432,CO,051,14020002,14020002,14,163,ST,Yes,Southwest,False,True
09114000,"OHIO CREEK NEAR GUNNISON, CO.",38.5752694,-106.9386546,CO,051,14020002,14020002,14,167,ST,Yes,Southwest,False,True
09114500,"GUNNISON RIVER NEAR GUNNISON, CO.",38.54193567,-106.9497661,CO,051,14020002,14020002,14,1011,ST,Yes,Southwest,False,True
09114520,"GUNNISON RIVER AT GUNNISON WHITEWATER PARK, CO",38.5332722,-106.9490861,CO,051,14020002,14020002,14,1010,ST,Yes,Southwest,False,True
09115500,"TOMICHI CREEK AT SARGENTS, CO",38.39502778,-106.422625,CO,109,14020003,14020003,14,148,ST,Yes,Southwest,False,True
09116000,"TOMICHI CREEK NEAR DOYLEVILLE, CO.",38.41249496,-106.5072527,CO,109,14020003,14020003,14,209,ST,Yes,Southwest,False,True
09117000,"TOMICHI CREEK AT PARLIN, CO.",38.497214,-106.7261469,CO,051,14020003,14020003,14,427,ST,Yes,Southwest,False,True
09118000,"QUARTZ CREEK NEAR OHIO CITY, CO.",38.55971538,-106.6364217,CO,051,14020003,14020003,14,106,ST,Yes,Southwest,False,True
09118450,"COCHETOPA CREEK BELOW ROCK CREEK NEAR PARLIN, CO",38.3372222,-106.7736111,CO,109,14020003,14020003,14,334,ST,Yes,Southwest,False,True
09118500,"COCHETOPA CREEK NEAR PARLIN, CO.",38.3999924,-106.7653151,CO,109,14020003,14020003,14,361,ST,Yes,Southwest,False,True
09119000,"TOMICHI CREEK AT GUNNISON, CO",38.5211111,-106.9409583,CO,051,14020003,14020003,14,1061,ST,Yes,Southwest,False,True
09120500,"GUNNISON RIVER AT IOLA, CO.",38.4824915,-107.0889379,CO,051,14020002,14020002,14,2352,ST,Yes,Southwest,False,True
09121500,"CEBOLLA CREEK NEAR LAKE CITY, CO.",37.9811084,-107.1686631,CO,053,14020002,14020002,14,25.2,ST,Yes,Southwest,False,True
09121800,"CEBOLLA CREEK NEAR POWDERHORN, CO.",38.22749466,-107.0733833,CO,051,14020002,14020002,14,248,ST,Yes,Southwest,False,True
09122000,"CEBOLLA CREEK AT POWDERHORN, CO.",38.291383,-107.1144958,CO,051,14020002,14020002,14,340,ST,Yes,Southwest,False,True
09122500,"SOAP CREEK NEAR SAPINERO, CO",38.5608333,-107.325,CO,051,14020002,14020002,14,57.4,ST,Yes,Southwest,False,True
09123000,"SOAP CREEK AT SAPINERO, CO.",38.474992,-107.2989443,CO,051,14020002,14020002,14,86.0,ST,Yes,Southwest,False,True
09123400,"LAKE FORK BELOW MILL GULCH NEAR LAKE CITY, CO.",37.90638636,-107.3847788,CO,053,14020002,14020002,14,57.5,ST,Yes,Southwest,False,True
09123450,"LAKE FORK BLW LAKE SAN CRISTOBAL NR LAKE CITY, CO",37.9843611,-107.2920972,CO,053,14020002,14020002,14,106,ST,Yes,Southwest,False,True
09123500,"LAKE FORK AT LAKE CITY, CO",38.01888889,-107.3144444,CO,053,14020002,14020002,14,115,ST,Yes,Southwest,False,True
09124000,"HENSON CREEK AT LAKE CITY, CO.",38.0197189,-107.3353338,CO,053,14020002,14020002,14,83.1,ST,Yes,Southwest,False,True
09124010,"HENSON CREEK AT LAKE CITY, CO",38.02566944,-107.3163472,CO,053,14020002,14020002,14,83.6,ST,Yes,Southwest,False,True
09124500,"LAKE FORK AT GATEVIEW, CO.",38.2988834,-107.2300557,CO,051,14020002,14020002,14,339,ST,Yes,Southwest,False,True
09124700,"GUNNISON RIVER BELOW BLUE MESA DAM, CO.",38.45221354,-107.3481119,CO,051,14020002,14020002,14,3453,ST,Yes,Southwest,False,True
09125000,"CURECANTI CREEK NEAR SAPINERO, CO.",38.4877673,-107.415057,CO,051,14020002,14020002,14,35.0,ST,Yes,Southwest,False,True
09126000,"CIMARRON RIVER NEAR CIMARRON, CO",38.25819444,-107.5461111,CO,051,14020002,14020002,14,66.7,ST,Yes,Southwest,False,True
09126500,"CIMARRON RIVER AT CIMARRON, CO.",38.44109929,-107.5542252,CO,085,14020002,14020002,14,209,ST,Yes,Southwest,False,True
09127000,"CIMARRON RIVER BLW CIMARRON CREEK AT CIMARRON, CO",38.44694444,-107.5552222,CO,085,14020002,14020002,14,230,ST,Yes,Southwest,False,True
09127450,"DYER CREEK ABOVE DYER FORK DITCH NEAR MAHER, CO",38.56930556,-107.4895833,CO,051,14020002,14020002,14,23.3,ST,Yes,Southwest,False,True
09127500,"CRYSTAL CREEK NEAR MAHER, CO.",38.5519326,-107.506169,CO,085,14020002,14020002,14,42.2,ST,Yes,Southwest,False,True
09128000,"GUNNISON RIVER BELOW GUNNISON TUNNEL, CO",38.52915336,-107.648947,CO,085,14020002,14020002,14,3971,ST,Yes,Southwest,False,True
09128500,"SMITH FORK NEAR CRAWFORD, CO.",38.72776785,-107.5067234,CO,029,14020002,14020002,14,42.8,ST,Yes,Southwest,False,True
09129000,"SMITH FORK AT CRAWFORD, CO.",38.710544,-107.5761685,CO,029,14020002,14020002,14,63.1,ST,Yes,Southwest,False,True
09129500,"IRON CREEK NEAR CRAWFORD, CO.",38.68082114,-107.6025577,CO,029,14020002,14020002,14,71.5,ST,Yes,Southwest,False,True
09129600,"SMITH FORK NEAR LAZEAR, CO",38.70744444,-107.7101389,CO,029,14020002,14020002,14,167,ST,Yes,Southwest,False,True
09129700,"GUNNISON RIVER ABOVE NORTH FORK, NR LAZEAR, CO.",38.7819284,-107.8364506,CO,029,14020002,14020002,14,4273,ST,Yes,Southwest,False,True
09129800,"CLEAR FORK NEAR RAGGED MOUNTAIN, CO.",39.1433181,-107.4311646,CO,051,14020004,14020004,14,38.5,ST,Yes,Southwest,False,True
09130500,"EAST MUDDY CREEK NEAR BARDINE, CO.",39.0133221,-107.3583854,CO,051,14020004,14020004,14,133,ST,Yes,Southwest,False,True
09130600,"WEST MUDDY CREEK NEAR RAGGED MOUNTAIN, CO.",39.13081664,-107.5753341,CO,029,14020004,14020004,14,7.42,ST,Yes,Southwest,False,True
09130800,"WEST MUDDY CREEK NEAR BOWIE, CO.",39.11554,-107.5244998,CO,029,14020004,14020004,14,27.7,ST,Yes,Southwest,False,True
09131100,"COW CREEK NEAR PAONIA, CO.",39.10415037,-107.584501,CO,029,14020004,14020004,14,12.0,ST,Yes,Southwest,False,True
09131200,"WEST MUDDY CREEK NEAR SOMERSET, CO.",39.0897077,-107.5053329,CO,029,14020004,14020004,14,49.9,ST,Yes,Southwest,False,True
09131500,"MUDDY CREEK AT BARDINE, CO.",38.9399901,-107.3581084,CO,051,14020004,14020004,14,257,ST,Yes,Southwest,False,True
09132000,"RUBY ANTHRACITE CREEK NEAR FLORESTA, CO.",38.8630483,-107.1639388,CO,051,14020004,14020004,14,20.7,ST,Yes,Southwest,False,True
09132050,"ANTHRACITE CREEK NEAR SOMERSET, CO.",38.95425,-107.27175,CO,051,14020004,14020004,14,94.6,ST,Yes,Southwest,False,True
09132095,ANTHRACITE CREEK ABOVE MOUTH NEAR SOMERSET,38.9372222,-107.3583333,CO,051,14020004,14020004,14,233,ST,Yes,Southwest,False,True
09132500,"NORTH FORK GUNNISON RIVER NEAR SOMERSET, CO.",38.9258228,-107.4342211,CO,051,14020004,14020004,14,525,ST,Yes,Southwest,False,True
09132700,"MAIN HUBBARD CREEK NEAR PAONIA, CO.",39.0569281,-107.629502,CO,029,14020004,14020004,14,1.33,ST,Yes,Southwest,False,True
09132800,"MIDDLE HUBBARD CREEK NEAR PAONIA, CO.",39.0494284,-107.6208908,CO,029,14020004,14020004,14,1.36,ST,Yes,Southwest,False,True
09132900,"WEST HUBBARD CREEK NEAR PAONIA, CO.",39.03220668,-107.6136684,CO,029,14020004,14020004,14,2.34,ST,Yes,Southwest,False,True
09132920,"HUBBARD CREEK NEAR BOWIE, CO.",39.0447075,-107.566723,CO,029,14020004,14020004,14,20.7,ST,Yes,Southwest,False,True
09132940,"HUBBARD CREEK ABOVE IRON POINT GULCH NR BOWIE, CO",38.98248738,-107.5317227,CO,029,14020004,14020004,14,48.6,ST,Yes,Southwest,False,True
09132960,"HUBBARD CREEK AT HIGHWAY 133 AT MOUTH NR BOWIE, CO",38.92554385,-107.5183894,CO,029,14020004,14020004,14,57.9,ST,Yes,Southwest,False,True
09132985,"E FORK TERROR CR BLW COTTONWOOD STOMP NR BOWIE, CO",38.96470886,-107.567001,CO,029,14020004,14020004,14,4.78,ST,Yes,Southwest,False,True
09132995,"TERROR CREEK AT MOUTH NEAR BOWIE, CO",38.9038763,-107.5620012,CO,029,14020004,14020004,14,29.4,ST,Yes,Southwest,False,True
09133000,"NORTH FORK GUNNISON RIVER NEAR PAONIA, CO.",38.89915409,-107.5636679,CO,029,14020004,14020004,14,653,ST,Yes,Southwest,False,True
09134000,"MINNESOTA CREEK NEAR PAONIA, CO.",38.8699892,-107.5042227,CO,029,14020004,14020004,14,41.7,ST,Yes,Southwest,False,True
09134050,"MINNESOTA CREEK AT PAONIA, CO.",38.8741537,-107.588946,CO,029,14020004,14020004,14,53.5,ST,Yes,Southwest,False,True
09134100,"NORTH FORK GUNNISON RIVER BELOW PAONIA, CO",38.8575,-107.6219444,CO,029,14020004,14020004,14,744,ST,Yes,Southwest,False,True
09134200,"COTTONWOOD CREEK NEAR HOTCHKISS, CO.",38.8060966,-107.6872806,CO,029,14020004,14020004,14,41.0,ST,Yes,Southwest,False,True
09134700,"COW CREEK NEAR CEDAREDGE, CO.",38.9260933,-107.7925609,CO,029,14020004,14020004,14,7.24,ST,Yes,Southwest,False,True
09135000,"LEROUX CREEK NEAR LAZEAR, CO.",38.88109397,-107.7858938,CO,029,14020004,14020004,14,51.8,ST,Yes,Southwest,False,True
09135900,"LEROUX CREEK AT HOTCHKISS, CO.",38.7980401,-107.7320033,CO,029,14020004,14020004,14,66.7,ST,Yes,Southwest,False,True
09135920,"LEROUX CREEK ABOVE MOUTH NEAR HOTCHKISS, CO",38.79311667,-107.7304611,CO,029,14020004,14020004,14,66.9,ST,Yes,Southwest,False,True
09135950,"N.F. GUNNISON R BLW LEROUX CR, NR HOTCHKISS, CO",38.78831784,-107.7397812,CO,029,14020004,14020004,14,923,ST,Yes,Southwest,False,True
09136100,"NORTH FK GUNNISON RIVER ABOVE MOUTH NR LAZEAR, CO",38.78516667,-107.8334167,CO,029,14020004,14020004,14,969,ST,Yes,Southwest,False,True
09136200,"GUNNISON RIVER NEAR LAZEAR, CO.",38.7830395,-107.8378395,CO,029,14020005,14020005,14,5241,ST,Yes,Southwest,False,True
09136500,"CURRANT CREEK NEAR CEDAREDGE, CO.",38.84998286,-107.8878414,CO,029,14020005,14020005,14,42.2,ST,Yes,Southwest,False,True
09137050,"CURRANT CREEK NEAR READ, CO.",38.7847057,-107.9389537,CO,029,14020005,14020005,14,56.9,ST,Yes,Southwest,False,True
09137300,"GUNNISON RIVER AT AUSTIN, CO.",38.77581687,-107.9614544,CO,029,14020005,14020005,14,5360,ST,Yes,Southwest,False,True
09137500,"GUNNISON RIVER NEAR CORY, CO",38.77276119,-108.0025667,CO,029,14020005,14020005,14,5401,ST,Yes,Southwest,False,True
09137800,"DIRTY GEORGE CREEK NEAR GRAND MESA, CO",38.9447035,-108.0281249,CO,029,14020005,14020005,14,10.5,ST,Yes,Southwest,False,True
09139200,"WARD CREEK NEAR GRAND MESA, CO.",38.98359186,-107.9720117,CO,029,14020005,14020005,14,12.2,ST,Yes,Southwest,False,True
09139500,"WARD CREEK NEAR CEDAREDGE, CO.",38.9269259,-107.9772892,CO,029,14020005,14020005,14,20.4,ST,Yes,Southwest,False,True
09140200,"KISER CREEK NEAR GRAND MESA, CO.",38.98664748,-107.9436774,CO,029,14020005,14020005,14,5.35,ST,Yes,Southwest,False,True
09140500,"KISER CREEK NEAR CEDAREDGE, CO.",38.92942598,-107.9525662,CO,029,14020005,14020005,14,10.8,ST,Yes,Southwest,False,True
09140700,"COTTONWOOD CREEK NEAR GRAND MESA, CO",38.9773611,-107.9503056,CO,029,14020005,14020005,14,2.14,ST,Yes,Southwest,False,True
09141000,"COTTONWOOD CREEK NEAR CEDAREDGE, CO.",38.9299815,-107.9533996,CO,029,14020005,14020005,14,4.39,ST,Yes,Southwest,False,True
09141200,"YOUNGS CREEK NEAR GRAND MESA, CO.",38.95803685,-107.9186764,CO,029,14020005,14020005,14,10.3,ST,Yes,Southwest,False,True
09141500,"YOUNGS CREEK NEAR CEDAREDGE, CO.",38.9227594,-107.947566,CO,029,14020005,14020005,14,11.3,ST,Yes,Southwest,False,True
09142000,"WARD CREEK BELOW KISER CR, NEAR CEDAREDGE, CO.",38.89442637,-107.9714555,CO,029,14020005,14020005,14,52.2,ST,Yes,Southwest,False,True
09143000,"SURFACE CREEK NEAR CEDAREDGE, CO",38.9847034,-107.8545077,CO,029,14020005,14020005,14,27.4,ST,Yes,Southwest,False,True
09143500,"SURFACE CREEK AT CEDAREDGE, CO.",38.9016487,-107.921176,CO,029,14020005,14020005,14,38.5,ST,Yes,Southwest,False,True
09144000,"SURFACE CREEK AT ECKERT, CO.",38.8335938,-107.9717328,CO,029,14020005,14020005,14,43.6,ST,Yes,Southwest,False,True
09144200,"TONGUE CREEK AT CORY, CO",38.787761,-107.9953444,CO,029,14020005,14020005,14,197,ST,Yes,Southwest,False,True
09144250,"GUNNISON RIVER AT DELTA, CO",38.75303944,-108.078403,CO,029,14020005,14020005,14,5636,ST,Yes,Southwest,False,True
09144500,"RED MOUNTAIN CREEK NEAR IRONTON, CO.",37.96277249,-107.6628379,CO,091,14020006,14020006,14,18.1,ST,Yes,Southwest,False,True
09145000,"UNCOMPAHGRE RIVER AT OURAY, CO.",38.01916047,-107.676171,CO,091,14020006,14020006,14,42.0,ST,Yes,Southwest,False,True
09145500,"CANYON CREEK AT OURAY, CO.",38.019716,-107.676171,CO,091,14020006,14020006,14,25.8,ST,Yes,Southwest,False,True
09146000,"UNCOMPAHGRE RIVER BELOW OURAY, CO.",38.0311047,-107.6750599,CO,091,14020006,14020006,14,75.2,ST,Yes,Southwest,False,True
09146020,"UNCOMPAHGRE RIVER NEAR OURAY, CO",38.04332665,-107.6831154,CO,091,14020006,14020006,14,76.9,ST,Yes,Southwest,False,True
09146200,"UNCOMPAHGRE RIVER NEAR RIDGWAY, CO.",38.1838791,-107.7458924,CO,091,14020006,14020006,14,149,ST,Yes,Southwest,False,True
09146400,"WEST FORK DALLAS CREEK NEAR RIDGWAY, CO.",38.0736029,-107.8511739,CO,091,14020006,14020006,14,14.1,ST,Yes,Southwest,False,True
09146500,"EAST FORK DALLAS CREEK NEAR RIDGWAY, CO.",38.0933249,-107.8136727,CO,091,14020006,14020006,14,16.8,ST,Yes,Southwest,False,True
09146550,"BEAVER CREEK NEAR RIDGWAY, CO.",38.11638007,-107.8181172,CO,091,14020006,14020006,14,12.2,ST,Yes,Southwest,False,True
09146600,"PLEASANT VALLEY CREEK NEAR NOEL, CO.",38.14554597,-107.9197868,CO,091,14020006,14020006,14,8.17,ST,Yes,Southwest,False,True
09147000,"DALLAS CREEK NEAR RIDGWAY, CO",38.17776806,-107.7583927,CO,091,14020006,14020006,14,97.2,ST,Yes,Southwest,False,True
09147025,"UNCOMPAHGRE RIVER BELOW RIDGWAY RESERVOIR, CO",38.24055556,-107.7603056,CO,091,14020006,14020006,14,265,ST,Yes,Southwest,False,True
09147100,"COW CREEK NEAR RIDGWAY, CO.",38.1494363,-107.6447816,CO,091,14020006,14020006,14,45.4,ST,Yes,Southwest,False,True
09147500,"UNCOMPAHGRE RIVER AT COLONA, CO",38.33143056,-107.779225,CO,091,14020006,14020006,14,448,ST,Yes,Southwest,False,True
09149400,"SPRING CREEK NEAR BEAVER HILL, CO.",38.52387516,-107.971177,CO,085,14020006,14020006,14,41.6,ST,Yes,Southwest,False,True
09149420,"SPRING CREEK NEAR MONTROSE, CO.",38.39220967,-107.945065,CO,085,14020006,14020006,14,76.6,ST,Yes,Southwest,False,True
09149480,"DRY CREEK AT BEGONIA RD, NR DELTA, CO.",38.64581836,-108.0489577,CO,085,14020006,14020006,14,175,ST,Yes,Southwest,False,True
09149500,"UNCOMPAHGRE RIVER AT DELTA, CO",38.74194444,-108.08041667,CO,029,140200060606,140200060606,14,1114.0,ST,Yes,Southwest,False,True
09149900,"POTTER CREEK NEAR COLUMBINE PASS, CO.",38.4797098,-108.3134145,CO,085,14020005,14020005,14,7.10,ST,Yes,Southwest,False,True
09149910,"POTTER CREEK NEAR OLATHE, CO.",38.6149857,-108.2067424,CO,085,14020005,14020005,14,26.0,ST,Yes,Southwest,False,True
09150500,"ROUBIDEAU CREEK AT MOUTH, NEAR DELTA, CO",38.7349843,-108.1617399,CO,029,14020005,14020005,14,242,ST,Yes,Southwest,False,True
09151500,"ESCALANTE CREEK NEAR DELTA, CO.",38.75694444,-108.25983333,CO,029,140200050306,140200050306,14,209.0,ST,Yes,Southwest,False,True
09152000,"KANNAH CREEK NEAR WHITEWATER, CO.",38.96164907,-108.2303576,CO,077,14020005,14020005,14,61.9,ST,Yes,Southwest,False,True
09152500,"GUNNISON RIVER NEAR GRAND JUNCTION, CO.",38.98331575,-108.4506446,CO,077,14020005,14020005,14,7923,ST,Yes,Southwest,False,True
09152520,"CALLOW CREEK AT WHITEWATER, CO",38.989149,-108.4487002,CO,077,14020005,14020005,14,4.17,ST,Yes,Southwest,False,True
09152600,"ORCHARD MESA DRAIN AT GRAND JUNCTION, CO.",39.0469263,-108.5720382,CO,077,14020005,14020005,14,3.70,ST,Yes,Southwest,False,True
09152650,"LEACH CREEK AT DURHAM, CO",39.09081474,-108.607595,CO,077,14010005,14010005,14,24.9,ST,Yes,Southwest,False,True
09152900,"ADOBE CREEK NEAR FRUITA, CO.",39.1369254,-108.6973205,CO,077,14010005,14010005,14,15.4,ST,Yes,Southwest,False,True
09153000,"COLORADO RIVER NEAR FRUITA, CO.",39.137481,-108.7309327,CO,077,14010005,14010005,14,17100,ST,Yes,Southwest,False,True
09153270,"BIG SALT WASH AT FRUITA, CO.",39.16416667,-108.7502611,CO,077,14010005,14010005,14,142,ST,Yes,Southwest,False,True
09153290,"REED WASH NEAR MACK, CO.",39.2113692,-108.8037133,CO,077,14010005,14010005,14,15.8,ST,Yes,Southwest,False,True
09153300,"REED WASH NEAR LOMA, CO.",39.1835917,-108.7873237,CO,077,14010005,14010005,14,29.3,ST,Yes,Southwest,False,True
09153330,"WEST SALT CREEK NEAR CARBONERA, CO.",39.3963662,-108.9814966,CO,045,14010005,14010005,14,95.6,ST,Yes,Southwest,False,True
09153400,"WEST SALT CREEK NEAR MACK, CO.",39.3085902,-108.9837197,CO,077,14010005,14010005,14,168,ST,Yes,Southwest,False,True
09160000,"BADGER WASH OBSERVATION RES 4-A NEAR MACK, CO.",39.3310897,-108.9309398,CO,077,14010005,14010005,14,0.02,ST,Yes,Southwest,False,True
09160500,"BADGER WASH OBSERVATION RES 12 NEAR MACK, CO.",39.3233121,-108.930662,CO,077,14010005,14010005,14,0.09,ST,Yes,Southwest,False,True
09161000,"BADGER WASH OBSERVATION RES 2-A NEAR MACK, CO.",39.3294231,-108.9431625,CO,077,14010005,14010005,14,0.14,ST,Yes,Southwest,False,True
09163050,"BADGER WASH NEAR MACK, CO.",39.29331267,-108.933718,CO,077,14010005,14010005,14,6.51,ST,Yes,Southwest,False,True
09163310,"EAST SALT CREEK NEAR MACK, CO.",39.29720137,-108.866771,CO,077,14010005,14010005,14,197,ST,Yes,Southwest,False,True
09163340,"MACK WASH NEAR MACK, CO.",39.26581296,-108.8428814,CO,077,14010005,14010005,14,15.9,ST,Yes,Southwest,False,True
09163490,"SALT CREEK NEAR MACK, CO.",39.22164717,-108.8928833,CO,077,14010005,14010005,14,436,ST,Yes,Southwest,False,True
09163492,"SALT CREEK NEAR MOUTH NEAR MACK, CO.",39.21463889,-108.90116667,CO,077,140100051807,140100051807,14,438.0,ST,Yes,Southwest,False,True
09163500,COLORADO RIVER NEAR COLORADO-UTAH STATE LINE,39.1327434,-109.02707585,CO,077,140100051906,140100051906,14,17849.0,ST,Yes,Southwest,False,True
09163570,"HAY PRESS C AB FRUITA RES 3, NR GLADE PARK, CO.",38.8508166,-108.7828793,CO,077,14030001,14030001,14,0.77,ST,Yes,Southwest,False,True
09165000,"DOLORES RIVER BELOW RICO, CO.",37.63888414,-108.06036687,CO,083,140300020204,140300020204,14,106.0,ST,Yes,Southwest,False,True
09166000,"WEST (FORK) DOLORES RIVER NEAR STONER, CO.",37.63971559,-108.3270289,CO,033,14030002,14030002,14,162,ST,Yes,Southwest,False,True
09166500,"DOLORES RIVER AT DOLORES, CO.",37.47249579,-108.49760047,CO,083,140300020306,140300020306,14,504.0,ST,Yes,Southwest,False,True
09166950,"LOST CANYON CREEK NEAR DOLORES, CO.",37.44582222,-108.46834444,CO,083,140300020305,140300020305,14,71.2,ST,Yes,Southwest,False,True
09167000,"LOST CANYON CREEK AT DOLORES, CO.",37.4613819,-108.5014798,CO,083,14030002,14030002,14,73.5,ST,Yes,Southwest,False,True
09167450,"PLATEAU CREEK NEAR MOUTH, NEAR DOLORES, CO.",37.59915896,-108.4962024,CO,083,14030002,14030002,14,83.0,ST,Yes,Southwest,False,True
09167500,"DOLORES RIVER NEAR MCPHEE, CO.",37.576936,-108.572594,CO,083,14030002,14030002,14,817,ST,Yes,Southwest,False,True
09168100,"DISAPPOINTMENT CREEK NEAR DOVE CREEK, CO.",37.8766579,-108.5831496,CO,033,14030002,14030002,14,147,ST,Yes,Southwest,False,True
09168500,"DISAPPOINTMENT CREEK NEAR CEDAR, CO.",37.9127689,-108.6500961,CO,113,14030002,14030002,14,167,ST,Yes,Southwest,False,True
09168730,"DOLORES RIVER NEAR SLICK ROCK, CO",38.04443666,-108.905382,CO,113,14030002,14030002,14,1434,ST,Yes,Southwest,False,True
09168800,"BIG GYPSUM CREEK NEAR SLICK ROCK, CO.",38.11360266,-108.8587134,CO,113,14030002,14030002,14,43.9,ST,Yes,Southwest,False,True
09169500,"DOLORES RIVER AT BEDROCK, CO",38.3102675,-108.8853805,CO,085,14030002,14030002,14,2025,ST,Yes,Southwest,False,True
09170500,"WEST PARADOX CREEK NEAR PARADOX, CO.",38.38332235,-108.9967734,CO,085,14030002,14030002,14,23.6,ST,Yes,Southwest,False,True
09170800,"WEST PARADOX CREEK ABOVE BEDROCK, CO.",38.3316562,-108.900381,CO,085,14030002,14030002,14,53.3,ST,Yes,Southwest,False,True
09171000,"WEST PARADOX CREEK NEAR BEDROCK, CO.",38.32998956,-108.871769,CO,085,14030002,14030002,14,55.3,ST,Yes,Southwest,False,True
09171100,"DOLORES RIVER NEAR BEDROCK, CO.",38.35692324,-108.83345163,CO,085,140300021104,140300021104,14,2147.0,ST,Yes,Southwest,False,True
09171200,"SAN MIGUEL RIVER NEAR TELLURIDE, CO.",37.94804904,-107.877009,CO,113,14030003,14030003,14,42.8,ST,Yes,Southwest,False,True
09171240,LAKE FORK SAN MIGUEL RV ABV TROUT LAKE NR OPHIR CO,37.8178333,-107.8791111,CO,113,14030003,14030003,14,8.52,ST,Yes,Southwest,False,True
09171310,"SOUTH FORK SAN MIGUEL RIVER NEAR OPHIR, CO",37.8731111,-107.8944444,CO,113,14030003,14030003,14,41.7,ST,Yes,Southwest,False,True
09171500,"SAN MIGUEL RIVER AT FALL CREEK, CO.",37.9927701,-108.0239573,CO,113,14030003,14030003,14,167,ST,Yes,Southwest,False,True
09172000,"FALL CREEK NEAR FALL CREEK, CO.",37.95832607,-108.0059013,CO,113,14030003,14030003,14,33.4,ST,Yes,Southwest,False,True
09172100,"LEOPARD CREEK AT NOEL, CO.",38.10165776,-107.9233981,CO,113,14020006,14020006,14,9.03,ST,Yes,Southwest,False,True
09172500,"SAN MIGUEL RIVER NEAR PLACERVILLE, CO",38.03070556,-108.1102889,CO,113,14030003,14030003,14,309,ST,Yes,Southwest,False,True
09172600,"SALTADO CREEK NEAR NORWOOD, CO.",37.92332597,-108.1317411,CO,113,14030003,14030003,14,,ST,Yes,Southwest,False,True
09172700,"GURLEY DITCH NEAR NORWOOD, CO.",38.0149916,-108.241468,CO,113,14030003,14030003,14,,ST,Yes,Southwest,False,True
09172800,"WEST BEAVER CREEK NEAR NORWOOD, CO.",37.8891593,-108.1975779,CO,113,14030003,14030003,14,,ST,Yes,Southwest,False,True
09173000,"BEAVER CREEK NEAR NORWOOD, CO.",37.96999209,-108.1956327,CO,113,14030003,14030003,14,40.6,ST,Yes,Southwest,False,True
09173500,"HORSEFLY CREEK NEAR SAMS, CO.",38.20387827,-108.0575699,CO,085,14030003,14030003,14,28.8,ST,Yes,Southwest,False,True
09174000,"SAN MIGUEL RIVER NEAR NUCLA, CO.",38.26304529,-108.3978634,CO,085,14030003,14030003,14,649,ST,Yes,Southwest,False,True
09174500,"COTTONWOOD CREEK NEAR NUCLA, CO.",38.27360057,-108.3628619,CO,085,14030003,14030003,14,38.8,ST,Yes,Southwest,False,True
09174600,SAN MIGUEL RIVER AT BROOKS BRIDGE NEAR NUCLA CO,38.2441571,-108.5020343,CO,085,14030003,14030003,14,743,ST,Yes,Southwest,False,True
09174700,"WEST NATURITA C AT UPPER STA, NEAR NORWOOD, CO.",37.9108255,-108.3361949,CO,113,14030003,14030003,14,7.31,ST,Yes,Southwest,False,True
09175000,"WEST NATURITA CREEK NEAR NORWOOD, CO.",37.9758253,-108.3278608,CO,113,14030003,14030003,14,53.0,ST,Yes,Southwest,False,True
09175200,"LILYLANDS CANAL NEAR NORWOOD, CO.",38.0233251,-108.3848075,CO,113,14030003,14030003,14,,ST,Yes,Southwest,False,True
09175400,"MAVERICK DRAW NEAR NORWOOD, CO.",38.17554575,-108.3317497,CO,085,14030003,14030003,14,41.3,ST,Yes,Southwest,False,True
09175500,"SAN MIGUEL RIVER AT NATURITA, CO.",38.2177684,-108.5664809,CO,085,14030003,14030003,14,1069,ST,Yes,Southwest,False,True
09175900,"DRY CREEK NEAR NATURITA, CO.",38.0922138,-108.6220386,CO,113,14030003,14030003,14,78.6,ST,Yes,Southwest,False,True
09176500,"TABEGUACHE CREEK NEAR NUCLA, CO.",38.3688775,-108.3456386,CO,085,14030003,14030003,14,16.9,ST,Yes,Southwest,False,True
09177000,"SAN MIGUEL RIVER AT URAVAN, CO.",38.35721157,-108.712875,CO,085,14030003,14030003,14,1500,ST,Yes,Southwest,False,True
09177100,"SAN MIGUEL RIVER BELOW URAVAN, CO.",38.38554456,-108.7584324,CO,085,14030003,14030003,14,1549,ST,Yes,Southwest,False,True
09179000,"ROC CREEK NEAR URANIUM, CO.",38.43526629,-108.9228825,CO,085,14030004,14030004,14,75.8,ST,Yes,Southwest,False,True
09179200,"SALT CREEK NEAR GATEWAY, CO",38.5330428,-108.9709404,CO,077,14030004,14030004,14,31.2,ST,Yes,Southwest,False,True
09179450,"DOLORES RIVER NEAR GATEWAY, CO",38.66803889,-108.96551944,CO,077,140300040408,140300040408,14,4146.0,ST,Yes,Southwest,False,True
09179500,"DOLORES RIVER AT GATEWAY, CO.",38.6813734,-108.9803867,CO,077,14030004,14030004,14,4347,ST,Yes,Southwest,False,True
09235450,"VERMILLION CREEK AT INK SPRINGS RANCH, CO.",40.76190829,-108.7264995,CO,081,14040109,14040109,14,816,ST,Yes,Southwest,False,True
09235490,"VERMILLION CR. BLW. DOUGLAS DRAW NR. LODORE, CO",40.72218614,-108.7578892,CO,081,14040109,14040109,14,,ST,Yes,Southwest,False,True
09236000,"BEAR RIVER NEAR TOPONAS, CO",40.04387328,-107.0722729,CO,045,14050001,14050001,14,22.1,ST,Yes,Southwest,False,True
09236500,"BEAR RIVER NEAR YAMPA, CO.",40.07081816,-106.9978269,CO,107,14050001,14050001,14,41.6,ST,Yes,Southwest,False,True
09237450,"YAMPA RIVER ABOVE STAGECOACH RESERVOIR, CO",40.26426111,-106.89176667,CO,107,140500010111,140500010111,14,206.0,ST,Yes,Southwest,False,True
09237500,"YAMPA RIVER BELOW STAGECOACH RESERVOIR, CO",40.28654444,-106.82905556,CO,107,140500010111,140500010111,14,228.0,ST,Yes,Southwest,False,True
09237800,"SERVICE CREEK NEAR OAK CREEK, CO.",40.29581486,-106.8014349,CO,107,14050001,14050001,14,38.2,ST,Yes,Southwest,False,True
09238000,"OAK CREEK NEAR OAK CREEK, CO.",40.24386976,-107.0153283,CO,107,14050001,14050001,14,14.0,ST,Yes,Southwest,False,True
09238300,"NORTH FORK WALTON CREEK NR RABBIT EARS PASS, CO.",40.3955363,-106.649764,CO,049,14050001,14050001,14,0.71,ST,Yes,Southwest,False,True
09238350,"FISHHOOK CREEK NEAR RABBIT EARS PASS, CO.",40.42942425,-106.6767099,CO,107,14050001,14050001,14,6.45,ST,Yes,Southwest,False,True
09238500,"WALTON CREEK NEAR STEAMBOAT SPRINGS, CO.",40.4080346,-106.7869917,CO,107,14050001,14050001,14,42.4,ST,Yes,Southwest,False,True
09238700,"FISH CR TRIB AB LONG LK, NR BUFFALO PASS, CO.",40.47331224,-106.6800438,CO,107,14050001,14050001,14,0.43,ST,Yes,Southwest,False,True
09238705,"LONG LAKE INLET NEAR BUFFALO PASS, CO.",40.47359,-106.6800438,CO,107,14050001,14050001,14,0.71,ST,Yes,Southwest,False,True
09238710,"FISH C TRIB BL LONG LK, NR BUFFLAO PASS, CO.",40.4766454,-106.6875442,CO,107,14050001,14050001,14,1.03,ST,Yes,Southwest,False,True
09238750,"MIDDLE FORK FISH CREEK NEAR BUFFALO PASS, CO",40.499,-106.6926389,CO,107,14050001,14050001,14,1.39,ST,Yes,Southwest,False,True
09238770,"GRANITE C NR BUFFALO PASS, CO.",40.49303389,-106.6925446,CO,107,14050001,14050001,14,2.82,ST,Yes,Southwest,False,True
09238800,"MID FK FISH CR TRIBUTARY BLW FISH CR RESERVOIR, CO",40.49720037,-106.6989339,CO,107,14050001,14050001,14,4.79,ST,Yes,Southwest,False,True
09238900,"FISH CR AT UPPER STA NR STEAMBOAT SPRINGS, CO",40.4749775,-106.7869926,CO,107,14050001,14050001,14,25.6,ST,Yes,Southwest,False,True
09239000,"FISH CREEK NEAR STEAMBOAT SPRINGS, CO",40.46525524,-106.8214376,CO,107,14050001,14050001,14,28.0,ST,Yes,Southwest,False,True
09239400,"SPRING CREEK NEAR STEAMBOAT SPRINGS, CO.",40.49331029,-106.8053265,CO,107,14050001,14050001,14,6.96,ST,Yes,Southwest,False,True
09239500,"YAMPA RIVER AT STEAMBOAT SPRINGS, CO",40.48298611,-106.83243056,CO,107,140500010409,140500010409,14,567.0,ST,Yes,Southwest,False,True
09240020,"YAMPA RIVER BELOW SODA CREEK AT STEAMBOAT SPGS, CO",40.4892222,-106.8415278,CO,107,14050001,14050001,14,597,ST,Yes,Southwest,False,True
09240500,"ELK RIVER AT HINMAN PARK, CO.",40.75552836,-106.8100459,CO,107,14050001,14050001,14,61.0,ST,Yes,Southwest,False,True
09240800,"SOUTH FORK ELK RIVER NEAR CLARK, CO.",40.74525078,-106.8072682,CO,107,14050001,14050001,14,33.7,ST,Yes,Southwest,False,True
09240900,"ELK RIVER ABOVE CLARK, CO",40.743306,-106.8553254,CO,107,14050001,14050001,14,122,ST,Yes,Southwest,False,True
09241000,"ELK RIVER AT CLARK, CO.",40.7174726,-106.9158832,CO,107,14050001,14050001,14,216,ST,Yes,Southwest,False,True
09242000,"MAD CREEK NEAR STEAMBOAT SPRINGS, CO.",40.56553065,-106.8892167,CO,107,14050001,14050001,14,40.0,ST,Yes,Southwest,False,True
09242500,"ELK RIVER NEAR MILNER, CO.",40.51468126,-106.95397069,CO,107,140500010306,140500010306,14,448.0,ST,Yes,Southwest,False,True
09243000,"TROUT CREEK NEAR PHIPPSBURG, CO.",40.15109279,-107.1317192,CO,103,14050001,14050001,14,16.0,ST,Yes,Southwest,False,True
09243700,"MIDDLE CREEK NEAR OAK CREEK, CO",40.38553335,-106.993107,CO,107,14050001,14050001,14,23.5,ST,Yes,Southwest,False,True
09243800,"FOIDEL CREEK NEAR OAK CREEK, CO",40.34581144,-107.085053,CO,107,14050001,14050001,14,8.61,ST,Yes,Southwest,False,True
09243900,"FOIDEL CREEK AT MOUTH NEAR OAK CREEK, CO",40.39025545,-106.9947738,CO,107,14050001,14050001,14,17.5,ST,Yes,Southwest,False,True
09244100,"FISH CREEK NEAR MILNER, CO.",40.33414469,-107.1392207,CO,107,14050001,14050001,14,34.5,ST,Yes,Southwest,False,True
09244300,"GRASSY CREEK NEAR MOUNT HARRIS, CO.",40.4469199,-107.1456109,CO,107,14050001,14050001,14,25.8,ST,Yes,Southwest,False,True
09244400,"YAMPA RIVER NEAR HAYDEN, CO.",40.4891411,-107.1597784,CO,107,14050001,14050001,14,1430,ST,Yes,Southwest,False,True
09244405,"GIBRALTAR CANAL NEAR HAYDEN, CO.",40.48803004,-107.1558894,CO,107,14050001,14050001,14,,ST,Yes,Southwest,False,True
09244410,"YAMPA RIVER BELOW DIVERSION, NEAR HAYDEN, CO.",40.48830779,-107.1597784,CO,107,14050001,14050001,14,1430,ST,Yes,Southwest,False,True
09244415,"SAGE CREEK ABOVE SAGE CREEK RES, NR HAYDEN, CO.",40.3835877,-107.193389,CO,107,14050001,14050001,14,4.17,ST,Yes,Southwest,False,True
09244460,"WATERING TROUGH GULCH NEAR HAYDEN, CO.",40.38247595,-107.2808909,CO,107,14050001,14050001,14,2.65,ST,Yes,Southwest,False,True
09244464,"HUBBERSON GULCH NEAR HAYDEN, CO.",40.39108697,-107.2714464,CO,107,14050001,14050001,14,8.08,ST,Yes,Southwest,False,True
09244470,"STOKES GULCH NEAR HAYDEN, CO.",40.4683077,-107.2470023,CO,107,14050001,14050001,14,13.6,ST,Yes,Southwest,False,True
09244490,"YAMPA RIVER ABOVE ELKHEAD CREEK NEAR HAYDEN, CO",40.51793056,-107.39894444,CO,107,140500011105,140500011105,14,1575.0,ST,Yes,Southwest,False,True
09244500,"ELKHEAD CREEK NEAR CLARK, CO.",40.7321936,-107.1695009,CO,107,14050001,14050001,14,45.4,ST,Yes,Southwest,False,True
09245000,"ELKHEAD CREEK NEAR ELKHEAD, CO.",40.6696938,-107.2850592,CO,107,14050001,14050001,14,64.2,ST,Yes,Southwest,False,True
09245500,"NORTH FORK ELKHEAD CREEK NEAR ELKHEAD, CO.",40.680527,-107.2872814,CO,107,14050001,14050001,14,21.0,ST,Yes,Southwest,False,True
09246200,"ELKHEAD CREEK ABOVE LONG GULCH, NEAR HAYDEN, CO",40.59163879,-107.3208933,CO,107,14050001,14050001,14,171,ST,Yes,Southwest,False,True
09246400,"ELKHEAD CREEK BELOW MAYNARD GULCH, NEAR CRAIG, CO",40.5447222,-107.3980556,CO,081,14050001,14050001,14,212,ST,Yes,Southwest,False,True
09246500,"ELKHEAD CREEK NEAR CRAIG, CO",40.53106726,-107.43620792,CO,081,140500010607,140500010607,14,222.0,ST,Yes,Southwest,False,True
09246550,"YAMPA RIVER BELOW ELKHEAD CREEK NEAR CRAIG, CO.",40.4971938,-107.5100639,CO,081,14050001,14050001,14,,ST,Yes,Southwest,False,True
09246900,"FORTIFICATION CREEK NEAR, CRAIG, CO.",40.75635768,-107.5464553,CO,081,14050001,14050001,14,34.3,ST,Yes,Southwest,False,True
09246920,"FORTIFICATION CREEK NEAR FORTIFICATION, CO",40.74385785,-107.5408996,CO,081,14050001,14050001,14,40.0,ST,Yes,Southwest,False,True
09247000,"FORTIFICATION CREEK AT CRAIG, CO.",40.51413796,-107.5414539,CO,081,14050001,14050001,14,258,ST,Yes,Southwest,False,True
09247500,"YAMPA RIVER AT CRAIG, CO.",40.4958048,-107.5533986,CO,081,14050001,14050001,14,1730,ST,Yes,Southwest,False,True
09247600,"YAMPA RIVER BELOW CRAIG, CO.",40.48078908,-107.61426846,CO,081,140500011108,140500011108,14,2128.0,ST,Yes,Southwest,False,True
09248500,"EAST FORK OF WILLIAMS FORK NR WILLOW CREEK, CO.",40.2224793,-107.2667223,CO,103,14050001,14050001,14,96.0,ST,Yes,Southwest,False,True
09248600,"EAST FORK OF WILLIAMS FORK AB WILLOW CREEK, CO.",40.2610895,-107.2950565,CO,107,14050001,14050001,14,108,ST,Yes,Southwest,False,True
09249000,"EAST FORK OF WILLIAMS FORK NEAR PAGODA, CO.",40.312477,-107.3200577,CO,107,14050001,14050001,14,150,ST,Yes,Southwest,False,True
09249200,"SOUTH FORK OF WILLIAMS FORK NEAR PAGODA, CO.",40.21219945,-107.4428375,CO,103,14050001,14050001,14,46.7,ST,Yes,Southwest,False,True
09249450,"WADDLE CR NR PAGODA, CO",40.29553075,-107.51284,CO,081,14050001,14050001,14,,ST,Yes,Southwest,False,True
09249455,"DEEP ROCK GULCH NR HAMILTON, CO",40.29691955,-107.5203402,CO,081,14050001,14050001,14,,ST,Yes,Southwest,False,True
09249500,"WILLIAMS FORK AT HAMILTON, CO.",40.36997324,-107.6092326,CO,081,14050001,14050001,14,341,ST,Yes,Southwest,False,True
09249700,"MORAPOS CREEK NEAR HAMILTON, CO.",40.21858678,-107.5814526,CO,103,14050001,14050001,14,13.7,ST,Yes,Southwest,False,True
09249750,"WILLIAMS FORK AT MOUTH, NEAR HAMILTON, CO.",40.43719419,-107.6478456,CO,081,14050001,14050001,14,419,ST,Yes,Southwest,False,True
09250000,"MILK CREEK NEAR THORNBURGH, CO.",40.19358547,-107.7322907,CO,103,14050002,14050002,14,65.0,ST,Yes,Southwest,False,True
09250400,"GOOD SPRING CREEK AT AXIAL, CO.",40.29025077,-107.7900712,CO,081,14050002,14050002,14,40.0,ST,Yes,Southwest,False,True
09250500,"MILK CREEK NEAR AXIAL, CO.",40.32497289,-107.7547924,CO,081,14050002,14050002,14,135,ST,Yes,Southwest,False,True
09250507,"WILSON CREEK ABOVE TAYLOR CREEK NEAR AXIAL, CO.",40.3146948,-107.8000718,CO,081,14050002,14050002,14,20.0,ST,Yes,Southwest,False,True
09250510,"TAYLOR CREEK AT MOUTH NEAR AXIAL, CO.",40.3133059,-107.799794,CO,081,14050002,14050002,14,7.22,ST,Yes,Southwest,False,True
09250600,"WILSON CREEK NEAR AXIAL, CO.",40.31552815,-107.7978495,CO,081,14050002,14050002,14,27.4,ST,Yes,Southwest,False,True
09250610,"JUBB CREEK NEAR AXIAL, CO.",40.3124724,-107.8222948,CO,081,14050002,14050002,14,7.53,ST,Yes,Southwest,False,True
09250700,"MORGAN GULCH NEAR AXIAL, CO.",40.33580486,-107.8856307,CO,081,14050002,14050002,14,25.6,ST,Yes,Southwest,False,True
09251000,"YAMPA RIVER NEAR MAYBELL, CO",40.50273085,-108.0334482,CO,081,140500020406,140500020406,14,3383.0,ST,Yes,Southwest,False,True
09251100,"YAMPA RIVER ABV. LITTLE SNAKE R. NR. MAYBELL, CO",40.46080078,-108.4256528,CO,081,14050002,14050002,14,3837,ST,Yes,Southwest,False,True
09251500,"MF LITTLE SNAKE RIVER NEAR BATTLE CREEK, CO.",40.9905222,-107.0442186,CO,107,14050003,14050003,14,120,ST,Yes,Southwest,False,True
09252500,"SF LITTLE SNAKE RIVER NEAR BATTLE CREEK, CO.",40.97635579,-107.05033,CO,107,14050003,14050003,14,46.0,ST,Yes,Southwest,False,True
09253000,"LITTLE SNAKE RIVER NEAR SLATER, CO",40.9993969,-107.14342567,CO,107,140500030110,140500030110,14,252.0,ST,Yes,Southwest,False,True
09254500,"SLATER FORK AT BAXTER RANCH, NEAR SLATER, CO.",40.88941209,-107.3306157,CO,081,14050003,14050003,14,80.0,ST,Yes,Southwest,False,True
09255000,"SLATER FORK NEAR SLATER, CO",40.9824657,-107.3828391,CO,081,14050003,14050003,14,151,ST,Yes,Southwest,False,True
09258000,"WILLOW CREEK NEAR DIXON, WY",40.91550679,-107.5217699,CO,081,14050003,14050003,14,24.6,ST,Yes,Southwest,False,True
09259500,"FOURMILE CREEK NEAR BAGGS, WY.",40.8405232,-107.5150652,CO,081,14050003,14050003,14,4.00,ST,Yes,Southwest,False,True
09259950,"LITTLE SNAKE RIVER ABOVE LILY, CO.",40.60746698,-108.3370393,CO,081,14050003,14050003,14,,ST,Yes,Southwest,False,True
09259990,"SAND WASH NEAR SUNBEAM, CO.",40.6199668,-108.3689852,CO,081,14050003,14050003,14,239,ST,Yes,Southwest,False,True
09260000,"LITTLE SNAKE RIVER NEAR LILY, CO",40.54901667,-108.42432222,CO,081,140500031102,140500031102,14,4034.0,ST,Yes,Southwest,False,True
09260050,"YAMPA RIVER AT DEERLODGE PARK, CO",40.45161747,-108.52512937,CO,081,140500020603,140500020603,14,7931.0,ST,Yes,Southwest,False,True
09302400,"NORTH FORK WHITE RIVER BELOW TRAPPERS LAKE, CO.",39.99776944,-107.2312806,CO,045,14050005,14050005,14,19.5,ST,Yes,Southwest,False,True
09302420,"NF WHITE R ABOVE RIPPLE C, NR TRAPPERS LAKE, CO.",40.04692539,-107.3111672,CO,045,14050005,14050005,14,62.5,ST,Yes,Southwest,False,True
09302450,"LOST CREEK NEAR BUFORD, CO.",40.0502564,-107.468948,CO,103,14050005,14050005,14,21.5,ST,Yes,Southwest,False,True
09302500,"MARVINE CREEK NEAR BUFORD, CO.",40.0383118,-107.488115,CO,103,14050005,14050005,14,59.7,ST,Yes,Southwest,False,True
09302800,"NORTH FORK WHITE RIVER NEAR BUFORD, CO.",40.0355336,-107.5208937,CO,103,14050005,14050005,14,220,ST,Yes,Southwest,False,True
09303000,"NORTH FORK WHITE RIVER AT BUFORD, CO",39.9874772,-107.6145076,CO,103,14050005,14050005,14,259,ST,Yes,Southwest,False,True
09303300,"SOUTH FORK WHITE RIVER AT BUDGES RESORT, CO.",39.84331509,-107.3347778,CO,045,14050005,14050005,14,52.3,ST,Yes,Southwest,False,True
09303320,"WAGONWHEEL CREEK AT BUDGES RESORT, CO.",39.8427595,-107.3367223,CO,045,14050005,14050005,14,7.36,ST,Yes,Southwest,False,True
09303340,"PATTERSON CREEK NEAR BUDGES RESORT, CO.",39.8180369,-107.3917227,CO,045,14050005,14050005,14,11.2,ST,Yes,Southwest,False,True
09303400,"SOUTH FORK WHITE RIVER NEAR BUDGES RESORT, CO.",39.86414636,-107.5339478,CO,103,14050005,14050005,14,128,ST,Yes,Southwest,False,True
09303500,"SOUTH FORK WHITE RIVER NEAR BUFORD, CO.",39.92162978,-107.5517612,CO,103,14050005,14050005,14,152,ST,Yes,Southwest,False,True
09304000,"SOUTH FORK WHITE RIVER AT BUFORD, CO.",39.97442169,-107.6253412,CO,103,14050005,14050005,14,177,ST,Yes,Southwest,False,True
09304100,"BIG BEAVER CREEK NEAR BUFORD, CO.",39.9688659,-107.6467307,CO,103,14050005,14050005,14,34.1,ST,Yes,Southwest,False,True
09304115,"WHITE RIVER BELOW NORTH ELK CREEK NEAR BUFORD, CO",39.94997674,-107.6947878,CO,103,14050005,14050005,14,530,ST,Yes,Southwest,False,True
09304150,"MILLER CREEK NEAR MEEKER, CO.",39.9310873,-107.770068,CO,103,14050005,14050005,14,57.6,ST,Yes,Southwest,False,True
09304200,"WHITE RIVER ABOVE COAL CREEK NEAR MEEKER, CO",40.00496048,-107.82538142,CO,103,140500050310,140500050310,14,648.0,ST,Yes,Southwest,False,True
09304300,"COAL CREEK NEAR MEEKER, CO.",40.0913633,-107.7700692,CO,103,14050005,14050005,14,25.1,ST,Yes,Southwest,False,True
09304500,"WHITE RIVER NEAR MEEKER, CO.",40.03359167,-107.86241944,CO,103,140500050310,140500050310,14,760.0,ST,Yes,Southwest,False,True
09304550,"CURTIS CREEK NEAR MEEKER, CO.",40.039418,-107.8822954,CO,103,14050005,14050005,14,23.1,ST,Yes,Southwest,False,True
09304600,"WHITE RIVER AT MEEKER, CO.",40.03330658,-107.9186856,CO,103,14050005,14050005,14,808,ST,Yes,Southwest,False,True
09304800,"WHITE RIVER BELOW MEEKER, CO",40.0225833,-108.1199444,CO,103,14050005,14050005,14,1042,ST,Yes,Southwest,False,True
09305500,"PICEANCE CREEK AT RIO BLANCO, CO.",39.73219899,-107.938406,CO,045,14050006,14050006,14,8.97,ST,Yes,Southwest,False,True
09306007,"PICEANCE CREEK BELOW RIO BLANCO, CO.",39.8260846,-108.1831384,CO,103,14050006,14050006,14,177,ST,Yes,Southwest,False,True
09306015,"MIDDLE FORK STEWART GULCH NEAR RIO BLANCO, CO.",39.7888628,-108.1736934,CO,103,14050006,14050006,14,24.0,ST,Yes,Southwest,False,True
09306022,"STEWART GULCH AB WEST FORK NR RIO BLANCO, CO",39.81330695,-108.1839717,CO,103,14050006,14050006,14,44.0,ST,Yes,Southwest,False,True
09306025,"WEST FORK STEWART GULCH NEAR RIO BLANCO, CO.",39.783585,-108.189805,CO,103,14050006,14050006,14,14.2,ST,Yes,Southwest,False,True
09306028,"W F STEWART GULCH AT MOUTH, NEAR RIO BLANCO, CO.",39.8124736,-108.1839717,CO,103,14050006,14050006,14,15.7,ST,Yes,Southwest,False,True
09306033,"SORGHUM GULCH NEAR RIO BLANCO, CO.",39.7852515,-108.2098058,CO,103,14050006,14050006,14,1.22,ST,Yes,Southwest,False,True
09306036,"SORGHUM GULCH AT MOUTH, NEAR RIO BLANCO, CO.",39.8249734,-108.19925,CO,103,14050006,14050006,14,3.62,ST,Yes,Southwest,False,True
09306039,"COTTONWOOD GULCH NEAR RIO BLANCO, CO.",39.82664,-108.2075837,CO,103,14050006,14050006,14,1.20,ST,Yes,Southwest,False,True
09306042,"PICEANCE CREEK TRIBUTARY NEAR RIO BLANCO, CO.",39.8335843,-108.2206398,CO,103,14050006,14050006,14,1.06,ST,Yes,Southwest,False,True
09306045,PICEANCE C BL GARDENHIRE GULCH NR RIO BLANCO CO.,39.8355287,-108.2211954,CO,103,14050006,14050006,14,255,ST,Yes,Southwest,False,True
09306050,"SCANDARD GULCH NEAR RIO BLANCO, CO.",39.7938624,-108.2284177,CO,103,14050006,14050006,14,6.61,ST,Yes,Southwest,False,True
09306052,"SCANDARD GULCH AT MOUTH, NEAR RIO BLANCO, CO.",39.8141399,-108.2436962,CO,103,14050006,14050006,14,7.97,ST,Yes,Southwest,False,True
09306058,"WILLOW CREEK NEAR RIO BLANCO, CO.",39.8371952,-108.2442518,CO,103,14050006,14050006,14,48.4,ST,Yes,Southwest,False,True
09306061,"PICEANCE CREEK AB HUNTER C, NEAR RIO BLANCO, CO.",39.85052839,-108.2589747,CO,103,14050006,14050006,14,309,ST,Yes,Southwest,False,True
09306175,"BLACK SULPHUR CREEK NEAR RIO BLANCO, CO.",39.8713615,-108.287587,CO,103,14050006,14050006,14,103,ST,Yes,Southwest,False,True
09306200,"PICEANCE CREEK BL RYAN GULCH, NR RIO BLANCO, CO.",39.9210833,-108.2975876,CO,103,14050006,14050006,14,506,ST,Yes,Southwest,False,True
09306202,"HORSE DRAW NEAR RANGELY, CO.",39.93302767,-108.3170328,CO,103,14050006,14050006,14,1.47,ST,Yes,Southwest,False,True
09306203,"HORSE DRAW AT MOUTH, NEAR RANGELY, CO.",39.9366387,-108.2986988,CO,103,14050006,14050006,14,2.87,ST,Yes,Southwest,False,True
09306210,"PICEANCE CREEK NEAR WHITE RIVER, CO.",39.9388609,-108.2895318,CO,103,14050006,14050006,14,515,ST,Yes,Southwest,False,True
09306222,"PICEANCE CREEK AT WHITE RIVER, CO",40.0780264,-108.2364753,CO,103,14050006,14050006,14,652,ST,Yes,Southwest,False,True
09306224,"WHITE RIV AB CROOKED WASH NR WHITE RIVER CITY, CO",40.1625,-108.345,CO,103,140500050507,140500050507,14,1821.0,ST,Yes,Southwest,False,True
09306230,"STAKE SPRINGS DRAW NEAR RANGELY, CO.",39.92691676,-108.4212033,CO,103,14050006,14050006,14,26.1,ST,Yes,Southwest,False,True
09306235,"CORRAL GULCH BELOW WATER GULCH, NR RANGELY, CO.",39.90608459,-108.5328739,CO,103,14050006,14050006,14,8.61,ST,Yes,Southwest,False,True
09306237,"DRY FORK NEAR RANGELY, CO.",39.92219567,-108.5325962,CO,103,14050006,14050006,14,2.74,ST,Yes,Southwest,False,True
09306240,"BOX ELDER GULCH NEAR RANGELY, CO.",39.8883067,-108.5284292,CO,103,14050006,14050006,14,9.21,ST,Yes,Southwest,False,True
09306241,"BOX ELDER GULCH TRIBUTARY NEAR RANGELY, CO.",39.91386136,-108.4853723,CO,103,14050006,14050006,14,2.39,ST,Yes,Southwest,False,True
09306242,"CORRAL GULCH NEAR RANGELY, CO",39.9202502,-108.4728719,CO,103,14050006,14050006,14,31.8,ST,Yes,Southwest,False,True
09306244,"CORRAL GULCH AT 84 RANCH, CO.",39.93386118,-108.4270369,CO,103,14050006,14050006,14,37.8,ST,Yes,Southwest,False,True
09306246,"YELLOW CREEK TRIBUTARY NEAR 84 RANCH, CO.",39.9671942,-108.3881467,CO,103,14050006,14050006,14,5.53,ST,Yes,Southwest,False,True
09306248,"DUCK CREEK AT UPPER STATION NEAR 84 RANCH, CO.",39.9819165,-108.453427,CO,103,14050006,14050006,14,39.1,ST,Yes,Southwest,False,True
09306250,"DUCK CREEK NEAR 84 RANCH, CO.",39.98024974,-108.4081475,CO,103,14050006,14050006,14,50.0,ST,Yes,Southwest,False,True
09306255,"YELLOW CREEK NEAR WHITE RIVER, CO.",40.16856617,-108.40123387,CO,103,140500060308,140500060308,14,262.0,ST,Yes,Southwest,False,True
09306290,"WHITE RIVER BELOW BOISE CREEK, NEAR RANGELY, CO.",40.17969335,-108.5653775,CO,103,14050007,14050007,14,2530,ST,Yes,Southwest,False,True
09306300,"WHITE RIVER ABOVE RANGELY, CO.",40.1071983,-108.7128822,CO,103,14050007,14050007,14,2773,ST,Yes,Southwest,False,True
09306380,"DOUGLAS CREEK AT RANGELY, CO",40.0874769,-108.7762173,CO,103,14050007,14050007,14,425,ST,Yes,Southwest,False,True
09339900,"EF SAN JUAN R AB SAND CREEK, NR PAGOSA SPGS, CO.",37.38972959,-106.8411509,CO,007,14080101,14080101,14,64.1,ST,Yes,Southwest,False,True
09340000,"EAST FORK SAN JUAN RIVER NR PAGOSA SPRINGS, CO",37.36889576,-106.8925399,CO,007,14080101,14080101,14,86.9,ST,Yes,Southwest,False,True
09340500,"WF SAN JUAN R AB BORNS LAKE,NR PAGOSA SPGS, CO.",37.48556247,-106.930321,CO,079,14080101,14080101,14,41.2,ST,Yes,Southwest,False,True
09340800,"W FK SAN JUAN R AT W FK CAMPGR NR PAGOSA SPR, CO",37.45028475,-106.9117089,CO,079,14080101,14080101,14,50.5,ST,Yes,Southwest,False,True
09341200,"WOLF CREEK NEAR PAGOSA SPRINGS, CO.",37.44639609,-106.8839307,CO,079,14080101,14080101,14,14.0,ST,Yes,Southwest,False,True
09341300,"WOLF CR AT WOLF CR CAMPGR NR PAGOSA SPR, CO",37.4419516,-106.8869862,CO,079,14080101,14080101,14,18.0,ST,Yes,Southwest,False,True
09341350,"WINDY PASS CR NR PAGOSA SPR, CO.",37.43917388,-106.8800416,CO,079,14080101,14080101,14,1.41,ST,Yes,Southwest,False,True
09341500,"WEST FORK SAN JUAN RIVER NEAR PAGOSA SPRINGS, CO",37.3924722,-106.9068889,CO,007,14080101,14080101,14,85.4,ST,Yes,Southwest,False,True
09342000,"TURKEY CREEK NEAR PAGOSA SPRINGS, CO.",37.3694509,-106.9403184,CO,007,14080101,14080101,14,23.0,ST,Yes,Southwest,False,True
09342500,"SAN JUAN RIVER AT PAGOSA SPRINGS, CO",37.26552778,-107.011,CO,007,140801010404,140801010404,14,281.0,ST,Yes,Southwest,False,True
09343000,"RIO BLANCO NEAR PAGOSA SPRINGS, CO.",37.21278565,-106.7944797,CO,007,14080101,14080101,14,58.0,ST,Yes,Southwest,False,True
09343300,"RIO BLANCO BEL BLANCO DIVN DAM, NR PAGOSA SPGS, CO",37.2036111,-106.8122222,CO,007,14080101,14080101,14,69.1,ST,Yes,Southwest,False,True
09343400,"RIO BLANCO AT US HIGHWAY 84, NR PAGOSA SPGS, CO",37.1416754,-106.8405917,CO,007,14080101,14080101,14,,ST,Yes,Southwest,False,True
09343500,"RITO BLANCO NEAR PAGOSA SPRINGS, CO.",37.19361845,-106.9053148,CO,007,14080101,14080101,14,23.3,ST,Yes,Southwest,False,True
09344000,"NAVAJO R AT BANDED PEAK RANCH, NEAR CHROMO, CO.",37.0852879,-106.6894796,CO,007,14080101,14080101,14,69.8,ST,Yes,Southwest,False,True
09344300,"NAVAJO RIVER ABOVE CHROMO, CO.",37.0319558,-106.7328135,CO,007,14080101,14080101,14,96.4,ST,Yes,Southwest,False,True
09344400,"NAVAJO RIVER BL OSO DIVERSION DAM NR CHROMO, CO.",37.03028919,-106.7378136,CO,007,14080101,14080101,14,100,ST,Yes,Southwest,False,True
09344450,"NAVAJO RIVER BL OSO DIV DAM, NEAR CHROMO, CO",37.06334415,-106.7383689,CO,007,14080101,14080101,14,,ST,Yes,Southwest,False,True
09345200,"LITTLE NAVAJO RIV BEL L OSO DIV DAM, NR CHROMO, CO",37.07730556,-106.8112222,CO,007,14080101,14080101,14,14.2,ST,Yes,Southwest,False,True
09345500,"LITTLE NAVAJO RIVER AT CHROMO, CO.",37.04556595,-106.8430919,CO,007,14080101,14080101,14,21.9,ST,Yes,Southwest,False,True
09346000,"NAVAJO RIVER AT EDITH, CO.",37.0027883,-106.9075366,CO,007,14080101,14080101,14,172,ST,Yes,Southwest,False,True
09346400,"SAN JUAN RIVER NEAR CARRACAS, CO.",37.01362166,-107.31228413,CO,007,140801010803,140801010803,14,1250.0,ST,Yes,Southwest,False,True
09347200,"MIDDLE FORK PIEDRA RIVER NR PAGOSA SPRINGS, CO.",37.48667027,-107.1633813,CO,053,14080102,14080102,14,32.2,ST,Yes,Southwest,False,True
09347205,"MIDDLE FORK PIEDRA RIVER NEAR DYKE, CO.",37.4527812,-107.1764365,CO,053,14080102,14080102,14,34.1,ST,Yes,Southwest,False,True
09347500,"PIEDRA R AT BRIDGE RNGR STA, NR PAGOSA SPGS, CO.",37.4286143,-107.1933809,CO,053,14080102,14080102,14,82.3,ST,Yes,Southwest,False,True
09348500,"WILLIAMS C NR BRIDGE RA STA, NR PAGOSA SPGS, CO.",37.4616697,-107.1983817,CO,053,14080102,14080102,14,43.7,ST,Yes,Southwest,False,True
09349000,"WEMINUCHE C NR BRDGE RA STA, NR PAGOSA SPGS, CO.",37.47166915,-107.233105,CO,053,14080102,14080102,14,53.4,ST,Yes,Southwest,False,True
09349500,"PIEDRA RIVER NEAR PIEDRA, CO.",37.2222256,-107.3428258,CO,007,14080102,14080102,14,371,ST,Yes,Southwest,False,True
09349800,"PIEDRA RIVER NEAR ARBOLES, CO.",37.08834204,-107.3978428,CO,007,140801020503,140801020503,14,653.0,ST,Yes,Southwest,False,True
09352800,"LOS PINOS R ABV VALLECITO RES NR BAYFIELD, CO",37.41472439,-107.51340444,CO,067,140801011106,140801011106,14,130.0,ST,Yes,Southwest,False,True
09352900,"VALLECITO CREEK NEAR BAYFIELD, CO.",37.47750126,-107.5436688,CO,067,14080101,14080101,14,72.5,ST,Yes,Southwest,False,True
09353500,"LOS PINOS RIVER NEAR BAYFIELD, CO.",37.38277997,-107.5775577,CO,067,14080101,14080101,14,270,ST,Yes,Southwest,False,True
09353800,"LOS PINOS RIVER NEAR IGNACIO, CO",37.16611111,-107.5825,CO,067,140801011403,140801011403,14,340.0,ST,Yes,Southwest,False,True
09354500,"LOS PINOS RIVER AT LA BOCA, CO.",37.00945356,-107.59951472,CO,067,140801011506,140801011506,14,519.0,ST,Yes,Southwest,False,True
09355000,"SPRING CREEK AT LA BOCA, CO",37.01527778,-107.5953333,CO,067,14080101,14080101,14,58.2,ST,Yes,Southwest,False,True
09357500,"ANIMAS RIVER AT HOWARDSVILLE, CO.",37.83305235,-107.5995046,CO,111,14080104,14080104,14,55.9,ST,Yes,Southwest,False,True
09358000,"ANIMAS RIVER AT SILVERTON, CO.",37.81110556,-107.65924542,CO,111,140801040104,140801040104,14,70.6,ST,Yes,Southwest,False,True
09358550,"CEMENT CREEK AT SILVERTON, CO",37.8197165,-107.66369007,CO,111,140801040102,140801040102,14,20.1,ST,Yes,Southwest,False,True
09358900,"MINERAL CREEK ABOVE SILVERTON, CO.",37.8511067,-107.7258952,CO,111,14080104,14080104,14,11.0,ST,Yes,Southwest,False,True
09359000,"MINERAL CREEK NEAR SILVERTON, CO",37.81475,-107.6958889,CO,111,14080104,14080104,14,44.3,ST,Yes,Southwest,False,True
09359010,"MINERAL CREEK AT SILVERTON, CO",37.8027744,-107.6728392,CO,111,14080104,14080104,14,52.3,ST,Yes,Southwest,False,True
09359020,"ANIMAS RIVER BELOW SILVERTON, CO",37.7883333,-107.6682222,CO,111,14080104,14080104,14,146,ST,Yes,Southwest,False,True
09359080,CASCADE CR ABV CASCADE CR DIVERSION NR ROCKWOOD CO,37.66727778,-107.822625,CO,111,14080104,14080104,14,25.6,ST,Yes,Southwest,False,True
09359082,CASCADE CR BLW CASCADE CR DIVERSION NR ROCKWOOD CO,37.667,-107.82225,CO,111,14080104,14080104,14,25.6,ST,Yes,Southwest,False,True
09359100,"LIME CREEK NEAR SILVERTON, CO.",37.67805328,-107.7508969,CO,111,14080104,14080104,14,33.9,ST,Yes,Southwest,False,True
09359500,"ANIMAS RIVER AT TALL TIMBER RESORT ABOVE TACOMA,CO",37.59741667,-107.7769667,CO,067,14080104,14080104,14,338,ST,Yes,Southwest,False,True
09361000,"HERMOSA CREEK NEAR HERMOSA, CO.",37.42196111,-107.84509444,CO,067,140801040407,140801040407,14,172.0,ST,Yes,Southwest,False,True
09361200,"FALLS CREEK NEAR DURANGO, CO.",37.36722309,-107.8664559,CO,067,14080104,14080104,14,7.18,ST,Yes,Southwest,False,True
09361400,"JUNCTION CREEK NEAR DURANGO, CO.",37.33416764,-107.9095126,CO,067,14080104,14080104,14,26.3,ST,Yes,Southwest,False,True
09361500,"ANIMAS RIVER AT DURANGO, CO",37.2791688,-107.8803445,CO,067,14080104,14080104,14,701,ST,Yes,Southwest,False,True
09362000,"LIGHTNER CREEK NEAR DURANGO, CO",37.2705577,-107.8936782,CO,067,14080104,14080104,14,66,ST,Yes,Southwest,False,True
09362510,"ANIMAS RIVER BELOW DURANGO, CO.",37.25890278,-107.8773472,CO,067,14080104,14080104,14,,ST,Yes,Southwest,False,True
09362520,"ANIMAS RIVER BLW DURANGO PUMP PLANT NR DURANGO, CO",37.24926389,-107.87258333,CO,067,140801040901,140801040901,14,775.0,ST,Yes,Southwest,False,True
09362550,"WILSON GULCH NEAR DURANGO, CO",37.22666667,-107.8428611,CO,067,14080104,14080104,14,6.45,ST,Yes,Southwest,False,True
09362900,"FLORIDA RIVER BELOW LEMON RESERVOIR NR DURANGO, CO",37.3791687,-107.661727,CO,067,14080104,14080104,14,68.8,ST,Yes,Southwest,False,True
09363000,"FLORIDA RIVER NEAR DURANGO, CO.",37.3252804,-107.7489519,CO,067,14080104,14080104,14,97.4,ST,Yes,Southwest,False,True
09363050,"FLORIDA R BL FLOR FARMERS DITCH, NR DURANGO, CO.",37.2950027,-107.7917308,CO,067,14080104,14080104,14,107,ST,Yes,Southwest,False,True
09363100,"SALT CREEK NEAR OXFORD, CO.",37.13972537,-107.7533959,CO,067,14080104,14080104,14,17.7,ST,Yes,Southwest,False,True
09363200,"FLORIDA RIVER AT BONDAD, CO.",37.0566689,-107.8697877,CO,067,14080104,14080104,14,221,ST,Yes,Southwest,False,True
09363500,"ANIMAS RIVER NEAR CEDAR HILL, NM",37.03656944,-107.8753333,CO,067,14080104,14080104,14,1090,ST,Yes,Southwest,False,True
09365500,"LA PLATA RIVER AT HESPERUS, CO",37.28972246,-108.0406277,CO,067,14080105,14080105,14,34.4,ST,Yes,Southwest,False,True
09366000,"CHERRY CREEK NEAR RED MESA, CO.",37.11888808,-108.1986889,CO,067,14080105,14080105,14,66.0,ST,Yes,Southwest,False,True
09366500,LA PLATA RIVER AT COLORADO-NEW MEXICO STATE LINE,36.99972239,-108.1886882,CO,067,14080105,14080105,14,331,ST,Yes,Southwest,False,True
09368500,"WEST MANCOS RIVER NEAR MANCOS, CO.",37.38166257,-108.2581366,CO,083,14080107,14080107,14,39.4,ST,Yes,Southwest,False,True
09369000,"EAST MANCOS RIVER NEAR MANCOS, CO.",37.3702741,-108.2314689,CO,083,14080107,14080107,14,11.9,ST,Yes,Southwest,False,True
09369500,"MIDDLE MANCOS RIVER NEAR MANCOS, CO.",37.3738852,-108.2306356,CO,083,14080107,14080107,14,12.1,ST,Yes,Southwest,False,True
09370000,"MANCOS RIVER NEAR MANCOS, CO.",37.3572184,-108.254803,CO,083,14080107,14080107,14,71.5,ST,Yes,Southwest,False,True
09370600,"MANCOS RIVER AT ANITAS FLAT BELOW MANCOS, CO",37.2524964,-108.3578618,CO,083,14080107,14080107,14,162,ST,Yes,Southwest,False,True
09370800,"MANCOS RIVER NEAR CORTEZ, CO.",37.10777404,-108.4639759,CO,083,14080107,14080107,14,302,ST,Yes,Southwest,False,True
09370820,"MANCOS RIVER BELOW JOHNSON CANYON NR CORTEZ, CO.",37.09916294,-108.4661981,CO,083,14080107,14080107,14,320,ST,Yes,Southwest,False,True
09371000,"MANCOS RIVER NEAR TOWAOC, CO.",37.0275026,-108.7414926,CO,083,140801070301,140801070301,14,526.0,ST,Yes,Southwest,False,True
09371002,"NAVAJO WASH NEAR TOWAOC, CO",37.2008278,-108.6978737,CO,083,14080107,14080107,14,26.3,ST,Yes,Southwest,False,True
09371010,"SAN JUAN RIVER AT FOUR CORNERS, CO",37.00113889,-109.0295833,CO,083,14080201,14080201,14,14600,ST,Yes,Southwest,False,True
09371400,"HARTMAN DRAW AT CORTEZ, CO.",37.3238828,-108.615094,CO,083,14080202,14080202,14,34.0,ST,Yes,Southwest,False,True
09371420,"MCELMO CREEK ABOVE ALKALI CANYON, NR CORTEZ, CO.",37.3272159,-108.6492619,CO,083,14080202,14080202,14,147,ST,Yes,Southwest,False,True
09371492,"MUD CREEK AT STATE HIGHWAY 32, NEAR CORTEZ, CO.",37.31277555,-108.66121496,CO,083,140802020301,140802020301,14,34.5,ST,Yes,Southwest,False,True
09371495,"MUD CREEK NEAR CORTEZ, CO.",37.31943814,-108.6681515,CO,083,14080202,14080202,14,33.6,ST,Yes,Southwest,False,True
09371500,"MCELMO CREEK NEAR CORTEZ, CO.",37.3227714,-108.6731517,CO,083,14080202,14080202,14,230,ST,Yes,Southwest,False,True
09371520,"MCELMO CREEK ABOVE TRAIL CANYON NEAR CORTEZ, CO",37.32666396,-108.70066068,CO,083,140802020302,140802020302,14,234.0,ST,Yes,Southwest,False,True
09371700,"MCELMO CREEK BELOW CORTEZ, CO.",37.34054845,-108.8059348,CO,083,14080202,14080202,14,283,ST,Yes,Southwest,False,True
09372000,MCELMO CREEK NEAR COLORADO-UTAH STATE LINE,37.32415968,-109.015666,CO,083,14080202,14080202,14,345,ST,Yes,Southwest,False,True
09378490,"COAL BED CANYON NEAR DOVE CREEK, CO",37.8113796,-109.0242759,CO,033,14080203,14080203,14,97.1,ST,Yes,Southwest,False,True
370340107080000,TRAIL CANYON CREEK AT NB0320301BBB,37.06111796,-107.1339295,CO,067,14080101,14080101,14,,ST,Yes,Southwest,False,True
370716107023600,NB03300211BCA RIO BLANCO,37.1211183,-107.0439278,CO,007,14080101,14080101,14,,ST,Yes,Southwest,False,True
372833105455800,"CLOSED BASIN PROJECT CANAL NEAR ALAMOSA, CO",37.4758386,-105.7666858,CO,003,13010002,13010002,13,,ST,Yes,Southwest,False,True
373947105421101,CLOSED BASIN PROJECT CANAL ABV HWY 150 NR MOSCA CO,37.6631111,-105.7031111,CO,003,13010003,13010003,13,,ST,Yes,Southwest,False,True
374923106543200,"WILLOW C DI NO. 2 AT MOUTH NR CREEDE, CO.",37.82305575,-106.9094898,CO,079,13010001,13010001,13,,ST,Yes,Southwest,False,True
374923106543800,"WILLOW C DI AT MOUTH NR CREEDE, CO.",37.82305574,-106.9111565,CO,079,13010001,13010001,13,,ST,Yes,Southwest,False,True
375023106552300,"WILLOW C BL CREEDE, CO.",37.83972198,-106.9236567,CO,079,13010001,13010001,13,,ST,Yes,Southwest,False,True
380007107413600,"CANYON CR BLW KAAVAPAYAWIYAGAT GULCH NR OURAY, CO.",38.00193838,-107.693949,CO,091,14020006,14020006,14,23.0,ST,Yes,Southwest,False,True
380751105262000,"GRAPE CREEK AT WESTCLIFFE, CO.",38.1308335,-105.4394457,CO,027,11020001,11020001,11,,ST,Yes,Southwest,False,True
381500105565900,"KERBER C NR MOUTH AT VILLA GROVE, CO.",38.24999915,-105.9502909,CO,109,13010003,13010003,13,,ST,Yes,Southwest,False,True
381638106085600,"KERBER C AB BREWERY C NR BONANZA, CO.",38.2772218,-106.1494651,CO,109,13010003,13010003,13,,ST,Yes,Southwest,False,True
381735106083000,"COPPER GULCH AT MOUTH AT BONANZA, CO.",38.293055,-106.1422425,CO,109,13010003,13010003,13,,ST,Yes,Southwest,False,True
381825106084500,"RAWLEY GULCH AT MOUTH NR BONANZA, CO.",38.30694378,-106.1464092,CO,109,13010003,13010003,13,,ST,Yes,Southwest,False,True
381832106084800,"KERBER C AB SQUIRREL C NR BONANZA, CO.",38.3088882,-106.1472425,CO,109,13010003,13010003,13,,ST,Yes,Southwest,False,True
381900106083400,"SQUIRREL CREEK AT WINTER STATION NR BONANZA, CO.",38.3166659,-106.1433534,CO,109,13010003,13010003,13,,ST,Yes,Southwest,False,True
381915106093200,"KERBER C AB MOSQUITO C NR BONANZA, CO.",38.32083259,-106.1594652,CO,109,13010003,13010003,13,,ST,Yes,Southwest,False,True
381948106084700,"SQUIRREL C AB BEAR C NR BONANZA, CO.",38.3299991,-106.1469646,CO,109,13010003,13010003,13,,ST,Yes,Southwest,False,True
382628104493700,"TURKEY CR WEST SEEP BL TELLER RES NR STONE CITY,CO",38.4411111,-104.8269444,CO,101,11020002,11020002,11,,ST,Yes,Southwest,False,True
382629104493000,"TURKEY C EAST SEEP BL TELLER RES NR STONE CITY, CO",38.44138889,-104.8258333,CO,101,11020002,11020002,11,,ST,Yes,Southwest,False,True
383103106594200,"GUNNISON RIVER AT CNTY RD 32 BELOW GUNNISON, CO",38.51725556,-106.99545,CO,051,14020002,14020002,14,2133,ST,Yes,Southwest,False,True
383619104520401,"LYTLE DITCH AT FT. CARSON, CO",38.6052735,-104.8683099,CO,041,11020002,11020002,11,,ST,Yes,Southwest,False,True
383637104531301,"STROBEL DITCH FROM TURKEY CR AT FT. CARSON, CO",38.61027298,-104.8874767,CO,041,11020002,11020002,11,,ST,Yes,Southwest,False,True
383857105130900,SITE 26 SC16-70-15CCC FOUR MILE CK.AB.CO.LINE,38.6491591,-105.2197077,CO,119,11020002,11020002,11,,ST,Yes,Southwest,False,True
383926107593001,LOUTSENHIZER ARROYO AT HWY 50 NEAR OLATHE CO,38.657207,-107.9922886,CO,085,14020006,14020006,14,66.7,ST,Yes,Southwest,False,True
383944104474201,"MERRIAMS L. FOUNTAIN DITCH AT FT. CARSON, CO",38.6624957,-104.7960852,CO,041,11020003,11020003,11,,ST,Yes,Southwest,False,True
383946107595301,"LOUTSENHIZER ARROYO BLW N. RIVER ROAD NR DELTA, CO",38.66434167,-108.0031417,CO,085,14020006,14020006,14,66.9,ST,Yes,Southwest,False,True
384037104472001,"MERRIAMS ROCK CREEK DITCH AT FT. CARSON, CO",38.67694,-104.7894182,CO,041,11020003,11020003,11,,ST,Yes,Southwest,False,True
384047104510301,"RIPLEY DITCH FROM L. FOUNTAIN CR AT FT. CARSON, CO",38.67971594,-104.8513632,CO,041,11020003,11020003,11,,ST,Yes,Southwest,False,True
384048104504901,"WOMACK DITCH FROM L. FOUNTAIN CR NR FT. CARSON, CO",38.6799938,-104.8480298,CO,041,11020003,11020003,11,,ST,Yes,Southwest,False,True
384220104503701,"GALE DITCH FROM ROCK CR NR FORT CARSON, CO",38.70582646,-104.8446958,CO,041,11020003,11020003,11,,ST,Yes,Southwest,False,True
384301106505401,EAST R NUMBER 1 DITCH ABV ROARING JUDY HATCHERY CO,38.71685,-106.8482,CO,051,14020001,14020001,14,,ST,Yes,Southwest,False,True
384330104434500,CLOVER DITCH RETURN,38.72499604,-104.7296944,CO,041,11020003,11020003,11,,ST,Yes,Southwest,False,True
384510104454100,"FOUNTAIN CR TRIB AT FOUNTAIN, CO.",38.7527728,-104.7619168,CO,041,11020003,11020003,11,,ST,Yes,Southwest,False,True
384609106520001,"EAST RIVER NUMBER 1 DITCH FLUME 2 ABV HWY 135, CO",38.76913056,-106.8665611,CO,051,14020001,14020001,14,,ST,Yes,Southwest,False,True
384611106520501,"EAST RIVER NUMBER 1 DITCH FLUME 1 ABV HWY 135, CO",38.7696111,-106.8680194,CO,051,14020001,14020001,14,,ST,Yes,Southwest,False,True
384658106521901,"SLIDE DITCH FLUME BLW HWY 135 NR CRESTED BUTTE, CO",38.78273889,-106.872,CO,051,14020001,14020001,14,,ST,Yes,Southwest,False,True
384736105012100,SACHETT CREEK AT MOUTH,38.7933204,-105.0230315,CO,119,11020002,11020002,11,,ST,Yes,Southwest,False,True
384741105013600,BOEHMER CREEK ABOVE RES. NO. 4,38.79470939,-105.0271984,CO,119,11020002,11020002,11,,ST,Yes,Southwest,False,True
384742105014000,BEAVER CREEK ABOVE RES. NO. 4,38.79498719,-105.0283095,CO,119,11020002,11020002,11,,ST,Yes,Southwest,False,True
384820105012000,SACHETT CREEK AT ORIGIN,38.8055429,-105.0227542,CO,041,11020002,11020002,11,,ST,Yes,Southwest,False,True
384840105025100,STRICKLER TUNNEL OUTFLOW,38.8110989,-105.0480333,CO,041,11020002,11020002,11,,ST,Yes,Southwest,False,True
384910104482000,SEWAGE PLANT AT COLORADO SPRINGS 1,38.8194376,-104.8060851,CO,041,11020003,11020003,11,,ST,Yes,Southwest,False,True
384927104582000,SOUTH RUXTON CREEK,38.824155,-104.9727538,CO,041,11020003,11020003,11,,ST,Yes,Southwest,False,True
384941104500000,MONUMENT CR AT MOUTH AT COLORADO SPRINGS,38.82804794,-104.8338634,CO,041,11020003,11020003,11,,ST,Yes,Southwest,False,True
385008104584000,SC01406815AAD  LION CREEK,38.835544,-104.9783099,CO,041,11020003,11020003,11,,ST,Yes,Southwest,False,True
385035104583300,"SHEEP CREEK AT MIDWAY, CO.",38.8430442,-104.9763657,CO,041,11020003,11020003,11,,ST,Yes,Southwest,False,True
385106106571000,"SLATE R AB BAXTER GL @HWY 135 NR CRESTED BUTTE, CO",38.85165929,-106.9533773,CO,051,14020001,14020001,14,73.4,ST,Yes,Southwest,False,True
385122107032900,"COAL C BL ELK C NR CRESTED BUTTE, CO.",38.8561038,-107.0586585,CO,051,14020001,14020001,14,,ST,Yes,Southwest,False,True
385145104494500,"MONUMENT CREEK AT MONUMENT PARK, CO.",38.86249255,-104.8296976,CO,041,11020003,11020003,11,,ST,Yes,Southwest,False,True
385208107004000,"COAL C AB WILDCAT C NR CRESTED BUTTE, CO.",38.8688813,-107.0117129,CO,051,14020001,14020001,14,,ST,Yes,Southwest,False,True
385219107054000,"COAL CREEK AT IRWIN, CO.",38.87193696,-107.0950482,CO,051,14020001,14020001,14,,ST,Yes,Southwest,False,True
385235106584200,"COAL C AT MOUTH AT CRESTED BUTTE, CO.",38.8763812,-106.9789339,CO,051,14020001,14020001,14,,ST,Yes,Southwest,False,True
385239106583700,"SLATE R AB COAL C AT CRESTED BUTTE, CO.",38.8774923,-106.977545,CO,051,14020001,14020001,14,,ST,Yes,Southwest,False,True
385350104491000,"MONUMENT CREEK NR COLORADO SPRINGS, CO.",38.897215,-104.819976,CO,041,11020003,11020003,11,,ST,Yes,Southwest,False,True
385350104591600,SEVERY CREEK,38.89721188,-104.9883127,CO,041,11020003,11020003,11,,ST,Yes,Southwest,False,True
385354104591200,CASCADE CREEK,38.898323,-104.9872016,CO,041,11020003,11020003,11,,ST,Yes,Southwest,False,True
385430105024200,CRYSTAL LAKE DRAINAGE,38.9083233,-105.0455372,CO,119,11020003,11020003,11,,ST,Yes,Southwest,False,True
385437107015600,"OH-BE-JOYFUL C AT MO NR CRESTED BUTTE, CO.",38.91026967,-107.0328243,CO,051,14020001,14020001,14,10.3,ST,Yes,Southwest,False,True
385450107015700,"SLATE RIVER ABV O-B-J CREEK NR CRESTED BUTTE, CO",38.9144111,-107.0340389,CO,051,14020001,14020001,14,16.3,ST,Yes,Southwest,False,True
385458105052500,NORTH CATAMONT,38.9161015,-105.090817,CO,119,11020003,11020003,11,,ST,Yes,Southwest,False,True
385505105040000,"SOUTH CATAMOUNT CREEK NEAR GREEN MTN FALLS, CO.",38.91804586,-105.067205,CO,119,11020003,11020003,11,,ST,Yes,Southwest,False,True
385507105040000,SOUTH CATAMONT SEEPAGE,38.9186014,-105.0672051,CO,119,11020003,11020003,11,,ST,Yes,Southwest,False,True
385617104484800,PINE CREEK AT MOUTH,38.9380484,-104.8138658,CO,041,11020003,11020003,11,,ST,Yes,Southwest,False,True
385700104494500,KETTLE CREEK AT MOUTH,38.94999267,-104.8296999,CO,041,11020003,11020003,11,,ST,Yes,Southwest,False,True
385714104500000,MONUMENT CREEK ABOVE KETTLE CREEK,38.9538815,-104.8338667,CO,041,11020003,11020003,11,,ST,Yes,Southwest,False,True
385729104500500,WEST MONUMENT CREEK AT MOUTH,38.95804818,-104.8352558,CO,041,11020003,11020003,11,,ST,Yes,Southwest,False,True
385858104494400,MONUMENT CREEK NR PINE VALLEY AIRPORT,38.98277049,-104.8294229,CO,041,11020003,11020003,11,,ST,Yes,Southwest,False,True
385903107210800,"MUDDY CREEK ABOVE PAONIA RESERVOIR, CO",38.9883611,-107.3484889,CO,051,14020004,14020004,14,238,ST,Yes,Southwest,False,True
390002104490600,BLACK SQUIRREL CREEK,39.0005483,-104.8188675,CO,041,11020003,11020003,11,,ST,Yes,Southwest,False,True
390012104491200,MONUMENT CREEK TRIB. 4,39.00332608,-104.8205342,CO,041,11020003,11020003,11,,ST,Yes,Southwest,False,True
390030104440000,KETTLE CREEK NEAR HEADWATERS,39.00832627,-104.7338648,CO,041,11020003,11020003,11,,ST,Yes,Southwest,False,True
390037104500300,MONUMENT CREEK BELOW DEADMAN CREEK,39.0102704,-104.8347013,CO,041,11020003,11020003,11,,ST,Yes,Southwest,False,True
390124104500400,SMITH CREEK AT MOUTH,39.02332587,-104.834979,CO,041,11020003,11020003,11,,ST,Yes,Southwest,False,True
390206104510400,MONUMENT CREEK ABOVE SMITH CREEK,39.03499239,-104.8516463,CO,041,11020003,11020003,11,,ST,Yes,Southwest,False,True
390259104520600,BEAVER CREEK AT MOUTH,39.04971445,-104.868869,CO,041,11020003,11020003,11,,ST,Yes,Southwest,False,True
390324104514500,"MONUMENT CREEK NEAR MONUMENT, CO.",39.05665886,-104.8630355,CO,041,11020003,11020003,11,,ST,Yes,Southwest,False,True
390402106300900,"S F LAKE C AT MOUTH NR TWIN LAKES, CO.",39.06721376,-106.503084,CO,065,11020001,11020001,11,,ST,Yes,Southwest,False,True
390417107580000,COTTONWOOD L NO 1 TRIB NO 3,39.07136888,-107.9672902,CO,077,14010005,14010005,14,,ST,Yes,Southwest,False,True
390418107580300,COTTONWOOD L NO 1 TRIB NO 4,39.07164665,-107.9681236,CO,077,14010005,14010005,14,,ST,Yes,Southwest,False,True
390418107582800,COTTONWOOD L NO 1 TRIB NO 7,39.0716466,-107.9750683,CO,077,14010005,14010005,14,,ST,Yes,Southwest,False,True
390420107575300,COTTONWOOD L NO 1 TRIB NO 2,39.0722022,-107.9653457,CO,077,14010005,14010005,14,,ST,Yes,Southwest,False,True
390421107583900,COTTONWOOD L NO 1 TRIB NO 8,39.0724799,-107.978124,CO,077,14010005,14010005,14,,ST,Yes,Southwest,False,True
390422107581400,COTTONWOOD L NO 1 TRIB NO 6,39.07275774,-107.9711793,CO,077,14010005,14010005,14,,ST,Yes,Southwest,False,True
390423107580900,COTTONWOOD L NO 1 TRIB NO 5,39.0730355,-107.9697903,CO,077,14010005,14010005,14,,ST,Yes,Southwest,False,True
390424107575200,COTTONWOOD L NO 1 TRIB NO 1,39.0733133,-107.9650679,CO,077,14010005,14010005,14,,ST,Yes,Southwest,False,True
390425105240600,TARRYALL CR. UPSTREAM FROM MOUTH,39.0736025,-105.4022193,CO,093,10190001,10190001,10,,ST,Yes,Southwest,False,True
390444106174900,"LAKE C @ STATE HWY 82 BL TWIN LAKES RE, CO",39.07888145,-106.297523,CO,065,11020001,11020001,11,,ST,Yes,Southwest,False,True
390445104524500,"MONUMENT CREEK NR MONUMENT LAKE, CO.",39.07915866,-104.8797027,CO,041,11020003,11020003,11,,ST,Yes,Southwest,False,True
390455104523100,"DIRTY WOMAN CREEK AT MOUTH, CO.",39.0819364,-104.8758137,CO,041,11020003,11020003,11,,ST,Yes,Southwest,False,True
390830106292400,HALFMOON CR. NEAR PROSPECT MINE,39.14165697,-106.490584,CO,065,11020001,11020001,11,,ST,Yes,Southwest,False,True
390901106263600,HALFMOON CR. ABOVE BOG,39.1502682,-106.4439162,CO,065,11020001,11020001,11,,ST,Yes,Southwest,False,True
390901106271200,SOUTH HALFMOON CR. AT MOUTH,39.15026815,-106.4539164,CO,065,11020001,11020001,11,,ST,Yes,Southwest,False,True
390905106250700,HALFMOON CR. ABOVE ELBERT CR.,39.15137945,-106.4191933,CO,065,11020001,11020001,11,,ST,Yes,Southwest,False,True
390945106282800,NORTH HALFMOON CR. 0.42 MILES ABOVE MOUTH,39.16249,-106.4750281,CO,065,11020001,11020001,11,,ST,Yes,Southwest,False,True
391002105563800,SITE 19 SC10-77-24ACA M F SO PLATTE BL FAIRPLAY,39.16721335,-105.9444594,CO,093,10190001,10190001,10,,ST,Yes,Southwest,False,True
391120106194900,"IOWA GULCH AT MOUTH NR MALTA, CO.",39.1888793,-106.3308578,CO,065,11020001,11020001,11,,ST,Yes,Southwest,False,True
391321106143300,"IOWA GULCH BYPASS NR LEADVILLE, CO.",39.2224903,-106.243078,CO,065,11020001,11020001,11,,ST,Yes,Southwest,False,True
391322106212400,ARKANSAS RIVER ABOVE CALIFORNIA GULCH,39.22276745,-106.3572476,CO,065,11020001,11020001,11,,ST,Yes,Southwest,False,True
391332106130300,"IOWA GL AT UPPER STATION NR LEADVILLE, CO.",39.2255458,-106.2180775,CO,065,11020001,11020001,11,,ST,Yes,Southwest,False,True
391420106180400,"CALIFORNIA GL AB STP AT LEADVILLE, CO.",39.2388786,-106.3016906,CO,065,11020001,11020001,11,,ST,Yes,Southwest,False,True
391432104525100,E. PLUM CR. NR. LARKSPUR,39.24221308,-104.8813695,CO,035,10190002,10190002,10,,ST,Yes,Southwest,False,True
391509108433001,"BIG SALT WASH AT GOVT HIGHLINE CANAL NR LOMA, CO",39.2524656,-108.7256791,CO,077,14010005,14010005,14,,ST,Yes,Southwest,False,True
391550106202500,"TENNESSEE C NR LEADVILLE, CO.",39.263878,-106.3408585,CO,065,11020001,11020001,11,,ST,Yes,Southwest,False,True
391558106172300,"EVANS GULCH AT LEADVILLE, CO.",39.2661005,-106.2903017,CO,065,11020001,11020001,11,,ST,Yes,Southwest,False,True
391709106164600,"E F ARKANSAS R AT HWY 91 NR LEADVILLE, CO.",39.2858225,-106.2800239,CO,065,11020001,11020001,11,,ST,Yes,Southwest,False,True
391727106215800,"ST. KEVIN GULCH AT MOUTH NR LEADVILLE, CO.",39.29082199,-106.3666928,CO,065,11020001,11020001,11,,ST,Yes,Southwest,False,True
391906106201300,"TENNESSEE C AB LONGS GL NR LEADVILLE, CO.",39.3183218,-106.3375256,CO,065,11020001,11020001,11,,ST,Yes,Southwest,False,True
391953108130201,"ROAN CREEK AT DE BEQUE, CO.",39.33119444,-108.21780556,CO,077,140100051006,140100051006,14,509.0,ST,Yes,Southwest,False,True
392056106131000,"E F ARKANSAS R AB CHALK C NR CLIMAX, CO.",39.34887739,-106.220023,CO,065,11020001,11020001,11,,ST,Yes,Southwest,False,True
392404104522200,E. PLUM CR. NR CASTLE ROCK,39.40110075,-104.8733128,CO,035,10190002,10190002,10,,ST,Yes,Southwest,False,True
392440106150400,"E F EAGLE R AB SHEEP GL NR CAMP HALE, CO.",39.4110987,-106.2516913,CO,037,14010003,14010003,14,,ST,Yes,Southwest,False,True
392539106111700,"SEARLE GULCH AT MOUTH NR KOKOMO, CO.",39.42748748,-106.188634,CO,117,14010002,14010002,14,,ST,Yes,Southwest,False,True
392540106110300,"TENMILE C BL SEARLE GULCH AT KOKOMO, CO.",39.42776526,-106.184745,CO,117,14010002,14010002,14,,ST,Yes,Southwest,False,True
392547106023400,"BLUE RIVER ABV PENNSYLVANIA CR NR BLUE RIVER, CO",39.4297222,-106.0427778,CO,117,14010002,14010002,14,21.1,ST,Yes,Southwest,False,True
392621106095800,"MAYFLOWER GULCH AT MOUTH NR KOKOMO, CO.",39.439154,-106.166689,CO,117,14010002,14010002,14,,ST,Yes,Southwest,False,True
392725105432400,N. F. SOUTH PLATTE R. AT WEBSTER,39.4569318,-105.7238959,CO,093,10190002,10190002,10,,ST,Yes,Southwest,False,True
392848106574800,"FRENCH GL BL BLACK GL NR BRECKENRIDGE, CO.",39.47998708,-105.9639047,CO,117,14010002,14010002,14,,ST,Yes,Southwest,False,True
392908106013900,"FRENCH GULCH NR MOUTH AT BRECKENRIDGE, CO.",39.4855425,-106.0280737,CO,117,14010002,14010002,14,,ST,Yes,Southwest,False,True
393015106082300,"TENMILE C AB W TENMILE C NR KOKOMO, CO.",39.50415326,-106.1402997,CO,117,14010002,14010002,14,,ST,Yes,Southwest,False,True
393040105340400,"DEER CREEK NR. BAILEY, CO.",39.5110994,-105.5683346,CO,093,10190002,10190002,10,13.4,ST,Yes,Southwest,False,True
393109104464500,"CHERRY CREEK NEAR PARKER, CO",39.5191557,-104.7796975,CO,035,10190003,10190003,10,287,ST,Yes,Southwest,False,True
393148105435600,"GENEVA C AB DUCK C NR GRANT, CO",39.52998705,-105.7327843,CO,093,10190002,10190002,10,,ST,Yes,Southwest,False,True
393152105434700,"ROAD DITCH BELOW MILL GULCH NEAR GRANT, CO",39.53109818,-105.7302842,CO,093,10190002,10190002,10,,ST,Yes,Southwest,False,True
393334105513700,"DEER C AT MOUTH NR MONTEZUMA, CO.",39.5594313,-105.8608447,CO,117,14010002,14010002,14,,ST,Yes,Southwest,False,True
393345105511300,"SNAKE R AB DEER C NR MONTEZUMA, CO.",39.56248686,-105.8541777,CO,117,14010002,14010002,14,,ST,Yes,Southwest,False,True
393530105521600,"SNAKE R AB PERU C NR MONTEZUMA, CO.",39.5916535,-105.8716783,CO,117,14010002,14010002,14,,ST,Yes,Southwest,False,True
393557105512400,"PERU C AT MOUTH NR MONTEZUMA, CO.",39.5991535,-105.8572333,CO,117,14010002,14010002,14,14.2,ST,Yes,Southwest,False,True
393600105485900,"CINNAMON GULCH AT MOUTH NR MONTEZUMA, CO.",39.5999869,-105.8169538,CO,117,14010002,14010002,14,,ST,Yes,Southwest,False,True
393607105594500,"SNAKE R AT KEYSTONE, CO.",39.6019311,-105.9964056,CO,117,14010002,14010002,14,,ST,Yes,Southwest,False,True
393647105425317,SOUTH CLEAR CREEK ABV NAYLOR CREEK NR GEORGETOWN C,39.61304278,-105.7152832,CO,019,10190004,10190004,10,2.19,ST,Yes,Southwest,False,True
393704105474200,"PERU C TR NO. 2 NR MONTEZUMA, CO.",39.6177647,-105.795564,CO,117,14010002,14010002,14,,ST,Yes,Southwest,False,True
393758105195900,"BEAR CR AB EVERGREEN RESERVOIR, CO.",39.63276586,-105.333604,CO,059,10190002,10190002,10,,ST,Yes,Southwest,False,True
394115105525600,"CLEAR CREEK NEAR LOVELAND PASS, CO",39.6874868,-105.8827895,CO,019,10190004,10190004,10,5.88,ST,Yes,Southwest,False,True
394220106431500,"EAGLE RIVER BELOW MILK CREEK NEAR WOLCOTT, CO",39.705,-106.7258333,CO,037,14010003,14010003,14,600,ST,Yes,Southwest,False,True
394308105413800,"CLEAR CR. ABV. GEORGETOWN LAKE NR GEORGETOWN, CO",39.71887625,-105.6944484,CO,019,10190004,10190004,10,80.2,ST,Yes,Southwest,False,True
394329104490101,"TOLL GATE CREEK ABOVE 6TH AVE AT AURORA, CO",39.72508889,-104.8178944,CO,005,10190003,10190003,10,34.6,ST,Yes,Southwest,False,True
394359105411900,"CLEAR CR. BLW. GEORGETOWN LAKE NR GEORGETOWN, CO.",39.73304294,-105.6891703,CO,019,10190004,10190004,10,82.4,ST,Yes,Southwest,False,True
394434105304500,"CLEAR C AB VIRGINIA CANYON @IDAHO SPGS, CO",39.74276584,-105.5130525,CO,019,10190004,10190004,10,,ST,Yes,Southwest,False,True
394442105291500,"CLEAR C AB STP OUTFALL @ IDAHO SPRINGS, CO",39.74498807,-105.4880517,CO,019,10190004,10190004,10,,ST,Yes,Southwest,False,True
394450105235100,"N CLEAR C AT MOUTH NR IDAHO SPRINGS, CO.",39.74721008,-105.3980492,CO,047,10190004,10190004,10,,ST,Yes,Southwest,False,True
394506105394200,"CLEAR C AB W F CLEAR C NR EMPIRE, CO",39.75165415,-105.6622247,CO,019,10190004,10190004,10,,ST,Yes,Southwest,False,True
394541105410200,LION CR. AT MOUTH AT EMPIRE,39.76137627,-105.6844478,CO,019,10190004,10190004,10,,ST,Yes,Southwest,False,True
394542105410200,"LION C AT MOUTH AT EMPIRE, CO.",39.76165405,-105.6844478,CO,019,10190004,10190004,10,,ST,Yes,Southwest,False,True
394616105491300,"W F CLEAR C AB WOODS C @ BERTHOUD FALLS,CO",39.77109805,-105.8208422,CO,019,10190004,10190004,10,,ST,Yes,Southwest,False,True
394622105513800,"W F CLEAR C AB HENDERSON PROJ, CO.",39.77276459,-105.8611218,CO,019,10190004,10190004,10,,ST,Yes,Southwest,False,True
394634105465800,"HOOP CREEK AT MOUTH NEAR BERTHOUD FALLS, CO",39.77609815,-105.7833407,CO,019,10190004,10190004,10,2.50,ST,Yes,Southwest,False,True
394650105412500,"LION C NR SOURCE NR EMPIRE, CO.",39.78054288,-105.690837,CO,019,10190004,10190004,10,,ST,Yes,Southwest,False,True
394839104570300,"SAND CREEK AT MOUTH NR COMMERCE CITY,CO",39.8109722,-104.9515833,CO,001,10190003,10190003,10,187,ST,Yes,Southwest,False,True
395240105095500,WOMAN CREEK AT INDIANA ST. AT ROCKY FLATS PLANT,39.87776396,-105.1652643,CO,059,10190003,10190003,10,,ST,Yes,Southwest,False,True
395246105111800,SMART DITCH ABOVE POND D-1 AT ROCKY FLATS PLANT,39.8791529,-105.1877651,CO,059,10190003,10190003,10,,ST,Yes,Southwest,False,True
395253105095500,MOWER DITCH AT INDIANA ST. AT ROCKY FLATS PLANT,39.8816528,-105.1655421,CO,059,10190003,10190003,10,,ST,Yes,Southwest,False,True
395253105131700,S. WOMAN CR. AT W. BUFFER ZONE FENCE LINE AT RFP,39.881653,-105.220544,CO,059,10190003,10190003,10,,ST,Yes,Southwest,False,True
395301105120800,ANTELOPE SPGS. CR. ABV. WOMAN CR. AT RFP,39.8833196,-105.2030434,CO,059,10190003,10190003,10,,ST,Yes,Southwest,False,True
395304105105100,WOMAN CR. BELOW POND C-2 AT ROCKY FLATS PLANT,39.88415286,-105.181376,CO,059,10190003,10190003,10,,ST,Yes,Southwest,False,True
395306105131700,NORTH WOMAN CR. AT W. BUFFER ZONE FENCE LN AT RFP,39.88470857,-105.2210996,CO,059,10190003,10190003,10,,ST,Yes,Southwest,False,True
395308105123100,WOMAN CR. ABOVE OLD LANDFILL AT ROCKY FLATS PLANT,39.8847085,-105.2091547,CO,059,10190003,10190003,10,,ST,Yes,Southwest,False,True
395309105114100,WOMAN CR. ABOVE POND C-1 AT ROCKY FLATS PLANT,39.88554179,-105.1955431,CO,059,10190003,10190003,10,,ST,Yes,Southwest,False,True
395313105110500,S. INTERCEPTOR DITCH ABV. POND C-2 AT RFP,39.88665285,-105.1849872,CO,059,10190003,10190003,10,,ST,Yes,Southwest,False,True
395332105124600,T-130 DITCH AT MCKAY BYPASS AT ROCKY FLATS PLANT,39.89220847,-105.2133215,CO,059,10190003,10190003,10,,ST,Yes,Southwest,False,True
395339106053300,"WILLIAMS FORK AB KEYSER C NR LEAL, CO.",39.89415259,-106.093076,CO,049,14010001,14010001,14,,ST,Yes,Southwest,False,True
395342105110800,S. WALNUT CR BELOW POND B-4 AT ROCKY FLATS PLANT,39.89526389,-105.1855428,CO,059,10190003,10190003,10,,ST,Yes,Southwest,False,True
395347105120900,WALNUT CR. ABV.PORTAL 3 AT RFP,39.89637507,-105.2049879,CO,059,10190003,10190003,10,,ST,Yes,Southwest,False,True
395349105114900,WALNUT CR. BELOW PORTAL 3 AT ROCKY FLATS PLANT,39.89748614,-105.1972099,CO,059,10190003,10190003,10,,ST,Yes,Southwest,False,True
395358105110500,WALNUT CR. BELOW POND A-3 AT ROCKY FLATS PLANT,39.89998607,-105.1844316,CO,059,10190003,10190003,10,,ST,Yes,Southwest,False,True
395403105104700,WALNUT CR. BELOW POND A-4 AT ROCKY FLATS PLANT,39.9013749,-105.179987,CO,059,10190003,10190003,10,,ST,Yes,Southwest,False,True
395407105095900,WALNUT CREEK AT INDIANA ST. AT ROCKY FLATS PLANT,39.9022082,-105.1666532,CO,059,10190003,10190003,10,,ST,Yes,Southwest,False,True
395452105113800,ROCK CREEK AT HWY 128 AT ROCKY FLATS PLANT,39.9158193,-105.1941542,CO,013,10190005,10190005,10,,ST,Yes,Southwest,False,True
400016105490800,"MEADOW CREEK AT MOUTH NR TABERNASH, CO",40.0044311,-105.819454,CO,049,14010001,14010001,14,13.9,ST,Yes,Southwest,False,True
400118105134600,BOULDER CREEK AT COTTONWOOD GROVE NR BOULDER CO.,40.0216521,-105.2299886,CO,013,10190005,10190005,10,,ST,Yes,Southwest,False,True
400127105133000,BOULDER CR. AT VALMONT,40.0241521,-105.225544,CO,013,10190005,10190005,10,,ST,Yes,Southwest,False,True
400136104532901,"BIG DRY CK AB BRANTNER IN SECT. 28, T1N, R67W",40.02665054,-104.8919199,CO,123,10190003,10190003,10,,ST,Yes,Southwest,False,True
400136104532902,"BRANTNER D SPLWY AT BIG DRY CK SECT 28,T1N,R67W",40.02665054,-104.8919199,CO,123,10190003,10190003,10,,ST,Yes,Southwest,False,True
400306105104000,"BOULDER CREEK BELOW BOULDER, CO.",40.0516518,-105.1783199,CO,013,10190005,10190005,10,,ST,Yes,Southwest,False,True
400410105033200,"COAL C AT MOUTH NR ERIE, CO",40.069429,-105.0594264,CO,013,10190005,10190005,10,,ST,Yes,Southwest,False,True
400553104405401,"LITTLE DRY CK BL BRIDGE IN SECT. 36, T2N, R 67W",40.098039,-104.8488622,CO,123,10190003,10190003,10,,ST,Yes,Southwest,False,True
400659105232700,LITTLE JAMES CR AT MOUTH AT JAMESTOWN COLO,40.11637449,-105.391383,CO,013,10190005,10190005,10,,ST,Yes,Southwest,False,True
400745105240700,"L JAMES C AB JAMESTOWN, CO.",40.1291522,-105.4024945,CO,013,10190005,10190005,10,,ST,Yes,Southwest,False,True
401223104493800,S. PLATTE R. AT PLATTEVILLE,40.2063718,-104.8277497,CO,123,10190003,10190003,10,,ST,Yes,Southwest,False,True
401530105475401,NORTH INLET BLW SUMMERLAND PARK AT RMNP,40.2575,-105.7997222,CO,049,14010001,14010001,14,28.4,ST,Yes,Southwest,False,True
401707105395000,ICY BROOK-LOCH VALE-RMNP,40.28666667,-105.6641667,CO,069,10190006,10190006,10,1.28,ST,Yes,Southwest,False,True
401723105400000,ANDREWS CREEK-LOCH VALE-RMNP,40.29,-105.6666667,CO,069,10190006,10190006,10,0.66,ST,Yes,Southwest,False,True
401733105392404,THE LOCH OUTLET - LOCH VALE,40.29305556,-105.6544444,CO,069,10190006,10190006,10,2.62,ST,Yes,Southwest,False,True
401741106574600,"OAK CREEK ABOVE ROUTT, CO.",40.29470236,-106.9633832,CO,107,14050001,14050001,14,,ST,Yes,Southwest,False,True
401908103424701,"WILDCAT CK BL BRIDGE IN SECT. 13, T4N,R57W",40.31887019,-103.7135616,CO,087,10190012,10190012,10,,ST,Yes,Southwest,False,True
401910104382001,"BEEBE DRAW AB CULVERT IN SECT. 14, T4N, R65W",40.3194258,-104.6394075,CO,123,10190003,10190003,10,,ST,Yes,Southwest,False,True
402002104303801,"BOX ELDER CK AT OLD CHANNEL, SECT. 11,T4N,R64W",40.33386986,-104.5110682,CO,123,10190003,10190003,10,,ST,Yes,Southwest,False,True
402114105350101,"BIG THOMPSON BL MORAINE PARK NR ESTES PARK, CO",40.3538611,-105.5841389,CO,069,10190006,10190006,10,39.8,ST,Yes,Southwest,False,True
402151104441801,"ASHCROFT DRAW AB BRIDGE IN SECT. 26, T4N, R66W",40.3708146,-104.7388562,CO,123,10190003,10190003,10,,ST,Yes,Southwest,False,True
402402105072200,BIG THOMPSON R. AB. LOVELAND,40.4005391,-105.1233152,CO,069,10190006,10190006,10,,ST,Yes,Southwest,False,True
402608104304101,"CROW CK BL BRIDGE, SECT. 2, T5N, R64W",40.4355364,-104.5119007,CO,123,10190009,10190009,10,,ST,Yes,Southwest,False,True
402709108263000,"YAMPA RIVER AT LILY, COLO.",40.45246746,-108.44232,CO,081,14050002,14050002,14,,ST,Yes,Southwest,False,True
403144108584900,"YAMPA RIVER NR JENSEN, UTAH",40.52885277,-108.9809513,CO,081,14050002,14050002,14,,ST,Yes,Southwest,False,True
403212108051900,"YAMPA R AT BRIDGE ON COUNTY RD NR MAYBELL, CO.",40.53663509,-108.0892509,CO,081,14050002,14050002,14,,ST,Yes,Southwest,False,True
403752104355201,"LONE TREE CK AB BRIDGE IN SECT. 19, T6N, R64W",40.63109186,-104.598294,CO,123,10190008,10190008,10,,ST,Yes,Southwest,False,True
404026105284000,"BENNETT C AT MOUTH NR RUSTIC, CO.",40.6738703,-105.4783262,CO,069,10190007,10190007,10,,ST,Yes,Southwest,False,True
404111105264700,"S.F. CACHE LA POUDRE R AT MO NR RUSTIC, CO.",40.6863702,-105.4469358,CO,069,10190007,10190007,10,,ST,Yes,Southwest,False,True
404122105205600,"YOUNG GULCH AT MOUTH NR POUDRE PARK, CO.",40.68942585,-105.3494318,CO,069,10190007,10190007,10,,ST,Yes,Southwest,False,True
404129105183700,"HEWLETT GULCH AT MOUTH AT POUDRE PARK, CO.",40.6913703,-105.310819,CO,069,10190007,10190007,10,,ST,Yes,Southwest,False,True
404152105262400,"ELKHORN C AT MOUTH NR POUDRE PARK, CO.",40.697759,-105.4405465,CO,069,10190007,10190007,10,,ST,Yes,Southwest,False,True
404158105345000,"SEVENMILE C AT MOUTH AT RUSTIC, CO.",40.6994254,-105.5811083,CO,069,10190007,10190007,10,,ST,Yes,Southwest,False,True
404200105145600,"CACHE LA POUDRE R AB NF NR FT. COLLINS, CO.",40.6999814,-105.2494276,CO,069,10190007,10190007,10,484,ST,Yes,Southwest,False,True
404233105441100,"ROARING C AT MOUTH AT KINIKINIK, CO.",40.70914705,-105.736949,CO,069,10190007,10190007,10,,ST,Yes,Southwest,False,True
404234105445400,"CACHE LA POUDRE R AT KINIKINIK, C.",40.70942479,-105.748894,CO,069,10190007,10190007,10,,ST,Yes,Southwest,False,True
404406103100401,"CEDAR CK BL UNNAMED TRIB IN SECT 22, T9N, R52W",40.73498756,-103.1682598,CO,075,10190012,10190012,10,,ST,Yes,Southwest,False,True
